location_group,days_detected,latitude,longitude,is_persistent
21.1_72.64,71,21.10112,72.63706,True
21.11_72.65,69,21.10671,72.64536,True
21.11_72.64,56,21.10513,72.64378,True
21.1_72.63,49,21.10147,72.63356,True
21.25_79.21,46,21.24792,79.20891,True
18.68_73.03,44,18.68213,73.03376,True
21.1_72.65,43,21.10314,72.64573,True
18.69_73.03,40,18.68646,73.02973,True
18.68_73.04,39,18.68149,73.03835,True
18.72_79.54,37,18.71995,79.53621,True
18.69_73.04,37,18.69169,73.04173,True
21.34_78.97,31,21.33618,78.96775,True
21.25_79.22,28,21.24658,79.22227,True
21.24_79.22,26,21.2409,79.22372,True
15.66_73.99,25,15.65919,73.98986,True
19.1_73.05,24,19.10161,73.05424,True
21.11_72.63,24,21.10789,72.63438,True
19.94_73.71,22,19.93695,73.71136,True
17.96_80.79,22,17.95682,80.79215,True
17.95_80.79,21,17.94875,80.78602,True
21.23_79.63,19,21.2331,79.62864,True
19.96_79.33,18,19.96206,79.3338,True
17.06_76.98,15,17.06269,76.97835,True
17.14_77.18,14,17.14179,77.18325,True
20.36_72.95,13,20.35693,72.94828,True
17.96_80.8,12,17.95781,80.79736,True
19.79_79.15,12,19.78671,79.14857,True
21.24_79.23,12,21.24272,79.22524,True
17.46_80.65,11,17.46458,80.65409,True
21.28_79.15,10,21.27998,79.14765,True
20.01_79.19,10,20.01153,79.18937,True
17.95_80.78,10,17.95118,80.78419,True
18.8_74.26,9,18.80488,74.25821,False
19.58_80.15,9,19.57593,80.14787,False
21.43_72.98,9,21.43225,72.97722,False
19.93_79.12,8,19.93018,79.12096,False
19.74_80.03,8,19.74094,80.03457,False
21.33_78.97,8,21.33393,78.9678,False
21.79_80.02,8,21.79262,80.0181,False
15.68_78.46,7,15.68362,78.45876,False
19.02_72.89,7,19.02065,72.89297,False
19.23_73.04,7,19.2279,73.03732,False
19.96_79.34,6,19.96435,79.33541,False
20.7_78.64,6,20.69733,78.63657,False
18.71_79.54,6,18.71478,79.54013,False
21.41_72.99,6,21.41039,72.98672,False
21.79_72.65,6,21.79375,72.64529,False
19.75_79.87,5,19.74751,79.8698,False
19.92_79.11,5,19.92351,79.11318,False
20.02_79.05,5,20.01595,79.05315,False
20.7_78.62,5,20.70397,78.62037,False
21.26_79.19,5,21.26339,79.19254,False
21.27_79.15,5,21.27269,79.1503,False
17.43_80.75,5,17.42939,80.74764,False
18.13_79.5,5,18.13298,79.49884,False
17.21_80.8,5,17.20803,80.80118,False
16.65_74.31,5,16.64777,74.31299,False
16.87_80.02,5,16.87195,80.02106,False
19.58_80.14,5,19.57516,80.14382,False
17.05_80.23,4,17.04957,80.23006,False
17.51_78.43,4,17.51137,78.43489,False
16.16_80.78,4,16.15679,80.77689,False
16.33_80.71,4,16.32547,80.71466,False
20.01_79.18,4,20.00662,79.18166,False
18.09_79.74,4,18.09296,79.73743,False
18.77_80.16,4,18.77256,80.16098,False
17.33_80.89,4,17.3283,80.88841,False
20.13_79.02,4,20.12748,79.01743,False
20.33_79.84,4,20.33457,79.84007,False
16.88_80.12,4,16.87548,80.12013,False
20.74_80.11,4,20.74369,80.10951,False
19.55_80.14,4,19.55129,80.13609,False
18.95_78.92,4,18.94534,78.92027,False
20.83_77.39,4,20.82558,77.3886,False
16.99_80.32,4,16.99015,80.32053,False
18.31_78.67,4,18.30893,78.67248,False
17.29_80.82,4,17.28798,80.81688,False
17.93_78.02,4,17.92849,78.01728,False
17.96_80.78,4,17.95779,80.78098,False
16.25_80.62,4,16.24537,80.61513,False
16.05_80.82,4,16.05046,80.81893,False
17.35_80.86,4,17.34811,80.85807,False
17.29_80.81,4,17.29248,80.80555,False
19.57_80.15,4,19.57498,80.14784,False
19.15_79.12,4,19.1489,79.12186,False
19.11_73.05,4,19.10549,73.05118,False
18.32_77.87,4,18.32064,77.86859,False
17.03_80.29,4,17.02757,80.28762,False
19.16_79.12,4,19.15669,79.123,False
19.14_77.99,4,19.14015,77.98515,False
18.7_79.55,4,18.69723,79.54858,False
19.93_73.71,4,19.93433,73.70965,False
18.49_79.4,3,18.48797,79.39867,False
18.27_77.93,3,18.27212,77.93172,False
16.26_80.14,3,16.26138,80.143,False
15.91_77.8,3,15.90796,77.80332,False
18.66_79.33,3,18.66244,79.32507,False
18.32_79.89,3,18.31626,79.89108,False
16.58_76.49,3,16.57962,76.48834,False
17.18_79.52,3,17.17517,79.51562,False
17.86_79.71,3,17.86165,79.70741,False
18.51_79.43,3,18.50576,79.42902,False
17.08_80.24,3,17.07715,80.23682,False
18.44_79.38,3,18.43895,79.38236,False
18.51_77.99,3,18.51493,77.98668,False
17.08_78.09,3,17.07917,78.09003,False
18.32_77.86,3,18.31535,77.85728,False
15.86_76.56,3,15.86455,76.55697,False
18.3_78.67,3,18.30467,78.66856,False
16.15_80.77,3,16.14789,80.77312,False
16.33_80.13,3,16.32975,80.12542,False
15.86_78.6,3,15.85681,78.60291,False
18.65_77.81,3,18.65187,77.81473,False
16.27_80.05,3,16.26765,80.04884,False
16.05_80.53,3,16.05326,80.53043,False
17.41_80.15,3,17.40501,80.15369,False
16.16_79.83,3,16.16263,79.83447,False
17.56_80.49,3,17.56133,80.48731,False
18.3_79.4,3,18.29825,79.40387,False
16.33_80.68,3,16.32727,80.68223,False
18.51_79.61,3,18.50776,79.60582,False
18.61_79.83,3,18.60547,79.835,False
17.34_80.85,3,17.34099,80.85238,False
16.98_80.85,3,16.97606,80.84625,False
16.55_78.22,3,16.54559,78.22201,False
16.2_80.77,3,16.20028,80.77149,False
17.49_80.85,3,17.48851,80.84823,False
18.22_78.32,3,18.22327,78.32148,False
17.51_79.56,3,17.50875,79.55933,False
18.22_78.33,3,18.22385,78.3258,False
17.01_80.28,3,17.00838,80.27876,False
17.09_80.27,3,17.09107,80.27364,False
18.04_79.67,3,18.03788,79.6682,False
16.85_80.71,3,16.85058,80.71179,False
18.45_79.57,3,18.4511,79.57269,False
18.04_79.7,3,18.0364,79.70312,False
17.7_79.33,3,17.70348,79.333,False
17.65_80.18,3,17.64938,80.18021,False
18.14_77.83,3,18.14374,77.83418,False
17.36_80.87,3,17.3634,80.87415,False
18.64_78.83,3,18.64215,78.82893,False
17.29_78.41,3,17.29117,78.40939,False
18.36_79.5,3,18.36453,79.50069,False
17.14_80.08,3,17.13729,80.07913,False
16.82_79.05,3,16.82343,79.05132,False
16.89_80.73,3,16.89339,80.72546,False
17.5_80.01,3,17.5018,80.00568,False
16.18_80.67,3,16.17827,80.66808,False
18.02_79.78,3,18.02247,79.77794,False
18.31_77.86,3,18.30742,77.86373,False
17.84_79.96,3,17.8427,79.96473,False
18.68_77.88,3,18.67704,77.8788,False
18.61_79.3,3,18.61067,79.30268,False
16.91_79.84,3,16.90733,79.83555,False
18.69_73.05,3,18.6892,73.05094,False
18.6_78.15,3,18.60403,78.15105,False
18.6_79.15,3,18.59652,79.15319,False
18.09_79.97,3,18.08936,79.96875,False
18.72_79.53,3,18.72199,79.53487,False
17.36_80.88,3,17.3563,80.88037,False
18.73_78.72,3,18.73381,78.72308,False
18.77_74.32,3,18.77373,74.32159,False
18.16_79.72,3,18.15626,79.72445,False
18.7_77.83,3,18.70018,77.82614,False
17.52_80.78,3,17.51861,80.77558,False
18.81_74.26,3,18.80515,74.26173,False
18.81_78.13,3,18.81494,78.13241,False
18.82_78.31,3,18.82135,78.30524,False
18.86_72.93,3,18.85886,72.92574,False
18.89_78.78,3,18.88765,78.78062,False
16.07_80.82,3,16.07204,80.82231,False
18.8_78.01,3,18.79509,78.0051,False
18.93_78.79,3,18.92944,78.78631,False
18.94_77.94,3,18.9408,77.94164,False
18.95_77.94,3,18.94578,77.94164,False
18.96_73.94,3,18.95733,73.94366,False
18.9_78.35,3,18.90052,78.34785,False
17.58_80.6,3,17.58211,80.59789,False
19.07_78.14,3,19.06737,78.1362,False
19.08_78.14,3,19.07798,78.13951,False
16.17_80.65,3,16.16959,80.65231,False
16.44_77.86,3,16.43936,77.86247,False
19.15_79.11,3,19.14761,79.10974,False
17.1_80.13,3,17.10058,80.12844,False
16.44_77.87,3,16.44,77.86708,False
17.39_78.85,3,17.39245,78.85156,False
19.21_78.28,3,19.20955,78.27765,False
17.61_79.81,3,17.60572,79.80799,False
19.2_78.27,3,19.19773,78.27266,False
19.46_79.88,3,19.4579,79.88414,False
18.67_77.85,3,18.67227,77.84582,False
17.27_80.25,3,17.27026,80.24538,False
19.58_73.51,3,19.57877,73.5143,False
18.25_78.26,3,18.24785,78.26141,False
17.04_80.21,3,17.0398,80.20947,False
19.67_79.53,3,19.66507,79.5306,False
19.68_75.65,3,19.68437,75.64612,False
19.68_79.64,3,19.67583,79.64456,False
19.68_79.66,3,19.67739,79.66093,False
18.5_79.4,3,18.49504,79.40382,False
17.1_80.24,3,17.09518,80.23663,False
19.78_79.15,3,19.78483,79.14793,False
19.79_79.06,3,19.78752,79.06466,False
17.1_80.25,3,17.09913,80.24541,False
17.16_80.2,3,17.1554,80.20233,False
16.39_78.43,3,16.38799,78.43382,False
16.05_80.54,3,16.05199,80.53556,False
16.57_76.5,3,16.5675,76.50359,False
19.95_79.39,3,19.94541,79.38673,False
17.12_79.33,3,17.12325,79.32581,False
15.93_80.14,3,15.92891,80.13734,False
20.01_79.05,3,20.01454,79.05255,False
16.16_80.64,3,16.16089,80.63652,False
16.12_80.79,3,16.12238,80.78557,False
20.01_79.45,3,20.00783,79.44881,False
17.67_79.79,3,17.67348,79.79204,False
17.2_80.2,3,17.20478,80.19721,False
20.09_80.71,3,20.08702,80.70947,False
17.67_79.85,3,17.67177,79.85265,False
20.23_79.69,3,20.2331,79.68856,False
20.31_79.72,3,20.31486,79.71684,False
20.32_79.72,3,20.31539,79.71672,False
20.32_79.73,3,20.3208,79.73178,False
16.41_76.49,3,16.41198,76.48734,False
18.19_77.78,3,18.18539,77.77757,False
20.54_79.22,3,20.54089,79.22097,False
20.64_73.98,3,20.63644,73.97699,False
20.64_79.74,3,20.63815,79.73735,False
20.71_73.56,3,20.71284,73.5572,False
20.71_80.16,3,20.71282,80.15744,False
20.72_80.09,3,20.71602,80.09034,False
20.74_79.7,3,20.73707,79.70251,False
20.74_80.09,3,20.73921,80.08903,False
17.64_79.8,3,17.63695,79.79591,False
20.75_73.52,3,20.74535,73.5249,False
20.77_80.15,3,20.76908,80.14781,False
18.01_79.68,3,18.00784,79.68138,False
17.35_80.88,3,17.34754,80.87559,False
20.7_80.03,3,20.69613,80.03186,False
20.82_77.39,3,20.82205,77.38914,False
16.14_80.77,3,16.13875,80.77467,False
20.8_80.13,3,20.80474,80.13391,False
20.8_80.14,3,20.80195,80.1386,False
20.95_73.67,3,20.95172,73.67055,False
20.98_80.22,3,20.98023,80.2216,False
21.05_72.85,3,21.05272,72.85251,False
21.05_78.62,3,21.04852,78.62159,False
21.09_80.18,3,21.08555,80.17844,False
18.14_79.59,3,18.13583,79.58862,False
18.42_77.86,3,18.42126,77.86462,False
18.07_78.21,3,18.06976,78.20911,False
21.17_72.76,3,21.17204,72.7553,False
18.3_78.68,3,18.30095,78.67535,False
18.07_78.22,3,18.0668,78.21777,False
15.84_80.08,3,15.83552,80.08392,False
17.64_80.01,3,17.63624,80.00847,False
16.14_80.78,3,16.14014,80.78326,False
21.25_79.2,3,21.25052,79.20488,False
16.04_79.85,3,16.03768,79.85042,False
18.44_77.62,3,18.43803,77.61982,False
21.26_72.94,3,21.26307,72.94081,False
16.78_76.57,3,16.77939,76.56596,False
16.21_80.65,3,16.20721,80.64697,False
17.4_80.42,3,17.40359,80.42444,False
21.32_79.4,3,21.32071,79.39796,False
18.01_79.69,3,18.00816,79.6942,False
17.62_79.83,3,17.622,79.82874,False
21.37_72.95,3,21.37357,72.95115,False
18.1_79.94,3,18.09797,79.9362,False
17.12_80.28,3,17.11965,80.2794,False
21.44_77.92,3,21.44327,77.92091,False
21.49_77.32,3,21.48507,77.32415,False
21.4_80.69,3,21.40138,80.69386,False
21.56_77.4,3,21.55891,77.40334,False
21.64_77.22,3,21.63984,77.2244,False
21.65_77.43,3,21.65353,77.42653,False
21.66_77.23,3,21.66484,77.22848,False
21.67_77.14,3,21.66886,77.13909,False
21.79_72.64,3,21.79249,72.64295,False
17.13_80.1,3,17.12533,80.09622,False
16.32_80.65,3,16.32405,80.65054,False
21.85_76.11,3,21.84593,76.1082,False
21.88_73.77,3,21.8834,73.76881,False
22.02_76.0,3,22.02192,76.00265,False
22.05_79.23,3,22.0461,79.22944,False
22.06_78.17,3,22.05577,78.17098,False
22.06_78.18,3,22.05695,78.18018,False
22.09_76.95,3,22.09003,76.95371,False
22.1_79.43,3,22.09741,79.4337,False
17.42_80.67,2,17.42386,80.67482,False
16.25_80.67,2,16.24787,80.67056,False
17.92_79.88,2,17.91914,79.8764,False
17.1_80.72,2,17.09538,80.72343,False
17.64_79.83,2,17.63575,79.82675,False
16.25_80.74,2,16.24695,80.74326,False
16.57_78.21,2,16.56733,78.2113,False
18.26_78.31,2,18.26148,78.30723,False
18.45_79.44,2,18.44676,79.43934,False
18.35_79.43,2,18.34567,79.42673,False
18.12_79.87,2,18.11749,79.87109,False
18.12_79.88,2,18.12424,79.87592,False
16.26_77.08,2,16.25799,77.07869,False
17.64_80.2,2,17.64324,80.19579,False
16.97_79.98,2,16.97056,79.97551,False
18.35_79.44,2,18.35289,79.43549,False
16.57_80.42,2,16.57159,80.4175,False
18.42_80.14,2,18.42455,80.13631,False
16.57_80.65,2,16.56721,80.65424,False
16.97_80.13,2,16.97432,80.13387,False
16.57_80.67,2,16.5651,80.66756,False
17.92_80.24,2,17.92022,80.23859,False
18.52_79.24,2,18.521,79.23954,False
18.1_78.17,2,18.09611,78.17477,False
17.64_80.52,2,17.64151,80.51809,False
16.58_76.47,2,16.5753,76.46767,False
15.7_74.46,2,15.69954,74.46343,False
17.79_79.56,2,17.78545,79.55997,False
16.26_80.61,2,16.26007,80.61015,False
16.58_76.51,2,16.5758,76.51395,False
16.26_80.73,2,16.26299,80.72752,False
18.26_79.28,2,18.26207,79.28369,False
18.67_78.46,2,18.67159,78.4564,False
18.5_79.12,2,18.5037,79.12219,False
18.26_79.36,2,18.2585,79.3635,False
18.59_77.89,2,18.58958,77.88525,False
17.93_74.0,2,17.92679,74.00157,False
17.21_80.2,2,17.20571,80.20343,False
18.31_75.91,2,18.31351,75.90868,False
18.39_77.91,2,18.38973,77.90723,False
18.05_77.81,2,18.0499,77.81221,False
17.43_80.52,2,17.42824,80.51804,False
17.93_78.35,2,17.92937,78.35239,False
18.35_79.51,2,18.34567,79.51105,False
16.98_79.98,2,16.98196,79.98449,False
18.1_79.55,2,18.1027,79.55042,False
16.98_80.09,2,16.98328,80.09491,False
16.27_80.61,2,16.26557,80.61004,False
18.1_79.59,2,18.10097,79.59013,False
16.59_76.5,2,16.58577,76.49747,False
18.13_78.16,2,18.13205,78.16483,False
16.27_80.73,2,16.26624,80.72771,False
18.13_78.17,2,18.12692,78.16547,False
18.4_78.99,2,18.40219,78.99036,False
18.13_78.21,2,18.1267,78.21428,False
16.59_76.55,2,16.59132,76.54996,False
16.59_76.56,2,16.59156,76.55923,False
18.35_79.56,2,18.34771,79.55675,False
16.98_80.88,2,16.98373,80.87663,False
15.82_80.06,2,15.81979,80.06345,False
17.22_77.89,2,17.21689,77.89207,False
18.26_79.5,2,18.25897,79.49953,False
17.65_79.72,2,17.65117,79.72034,False
18.26_79.54,2,18.26044,79.53571,False
15.83_74.07,2,15.82866,74.06701,False
18.56_77.75,2,18.55745,77.74563,False
18.05_79.42,2,18.04912,79.42361,False
17.7_78.55,2,17.69795,78.5462,False
17.93_79.81,2,17.93469,79.80589,False
18.26_79.57,2,18.25553,79.56606,False
17.93_79.88,2,17.92911,79.87739,False
17.22_80.28,2,17.22294,80.27543,False
16.59_80.2,2,16.58872,80.20077,False
17.44_80.76,2,17.43517,80.75887,False
18.31_78.12,2,18.31246,78.12206,False
18.05_79.59,2,18.04718,79.58683,False
16.59_80.71,2,16.5851,80.71075,False
17.93_80.02,2,17.92858,80.01797,False
15.83_80.06,2,15.82534,80.06384,False
18.13_79.01,2,18.12502,79.01382,False
18.1_79.81,2,18.10331,79.8077,False
17.7_79.61,2,17.697,79.61191,False
18.26_79.6,2,18.2617,79.59524,False
16.99_80.2,2,16.98984,80.19609,False
18.35_79.68,2,18.35448,79.6828,False
18.05_79.72,2,18.05069,79.71574,False
18.05_79.73,2,18.04754,79.72978,False
16.29_77.14,2,16.29035,77.1413,False
16.29_77.82,2,16.28579,77.81648,False
16.5_76.66,2,16.50337,76.66451,False
16.29_79.86,2,16.29235,79.86217,False
17.45_79.68,2,17.44748,79.67564,False
16.29_79.94,2,16.29217,79.93652,False
18.05_79.76,2,18.04637,79.76347,False
18.05_79.77,2,18.04721,79.76653,False
17.7_79.88,2,17.6986,79.8787,False
17.23_79.65,2,17.22526,79.64781,False
18.13_79.53,2,18.12802,79.52736,False
16.99_80.87,2,16.99294,80.8748,False
15.84_78.46,2,15.83602,78.46025,False
18.13_79.57,2,18.13249,79.57298,False
18.1_79.86,2,18.0953,79.85925,False
17.7_80.17,2,17.69737,80.17282,False
18.5_79.13,2,18.49951,79.13463,False
15.84_78.6,2,15.8443,78.6014,False
17.46_76.56,2,17.45801,76.55907,False
16.9_79.57,2,16.89751,79.57484,False
17.46_76.75,2,17.46305,76.74657,False
18.13_79.69,2,18.13132,79.68536,False
16.5_78.4,2,16.49811,78.39831,False
15.84_80.16,2,15.8387,80.16033,False
18.4_79.26,2,18.3951,79.26273,False
17.7_80.68,2,17.69661,80.67719,False
18.1_79.92,2,18.10137,79.92451,False
18.67_78.19,2,18.66876,78.19042,False
18.13_79.87,2,18.12807,79.87241,False
17.66_79.53,2,17.66268,79.53426,False
18.13_79.88,2,18.12813,79.87539,False
18.13_79.89,2,18.12554,79.8896,False
18.05_80.75,2,18.05473,80.74749,False
17.66_79.67,2,17.66353,79.6702,False
18.4_79.34,2,18.40122,79.33555,False
17.81_78.09,2,17.81335,78.08609,False
16.2_78.81,2,16.20417,78.81127,False
15.85_80.11,2,15.8456,80.10884,False
15.85_80.16,2,15.8467,80.15663,False
17.94_79.66,2,17.93828,79.65511,False
18.31_79.14,2,18.30505,79.13641,False
16.2_79.84,2,16.19682,79.84284,False
16.2_79.88,2,16.20238,79.8844,False
17.46_80.36,2,17.46036,80.35798,False
16.61_76.83,2,16.60933,76.83108,False
15.86_76.55,2,15.86068,76.55389,False
15.86_76.79,2,15.86088,76.79218,False
18.39_78.25,2,18.38591,78.24861,False
16.61_77.02,2,16.60762,77.02023,False
18.62_79.07,2,18.62226,79.06823,False
18.1_80.66,2,18.09907,80.66113,False
17.66_80.17,2,17.66461,80.16589,False
16.2_80.61,2,16.19816,80.61228,False
18.43_77.6,2,18.4334,77.59761,False
15.86_80.12,2,15.85839,80.11692,False
16.2_80.66,2,16.20386,80.65913,False
18.1_80.71,2,18.10011,80.71381,False
18.52_79.42,2,18.51526,79.41787,False
15.86_80.18,2,15.86027,80.18283,False
18.5_79.34,2,18.50117,79.33894,False
15.87_73.67,2,15.86554,73.66779,False
16.2_80.75,2,16.20314,80.74586,False
18.06_78.13,2,18.06432,78.12817,False
16.2_80.79,2,16.20256,80.7856,False
18.06_78.15,2,18.0564,78.14857,False
17.47_79.94,2,17.46709,79.9395,False
18.66_79.31,2,18.66275,79.30647,False
18.31_79.37,2,18.30827,79.37477,False
15.87_80.11,2,15.86649,80.11295,False
17.01_80.27,2,17.00887,80.27376,False
18.59_78.32,2,18.59433,78.32079,False
17.01_80.31,2,17.00524,80.30811,False
18.43_77.78,2,18.42506,77.78107,False
17.47_80.38,2,17.47231,80.37888,False
18.14_78.15,2,18.13742,78.14832,False
18.54_79.31,2,18.5364,79.3054,False
17.95_78.1,2,17.94746,78.10249,False
17.67_78.06,2,17.66676,78.06227,False
18.5_79.37,2,18.49725,79.36683,False
17.67_78.15,2,17.67012,78.15134,False
16.31_80.04,2,16.30613,80.04067,False
17.67_78.22,2,17.66515,78.22453,False
16.31_80.15,2,16.3063,80.15276,False
17.02_79.89,2,17.01677,79.89432,False
18.31_79.47,2,18.30659,79.46592,False
18.4_79.6,2,18.40372,79.5953,False
18.31_79.5,2,18.3054,79.49523,False
16.31_80.65,2,16.31268,80.64928,False
18.48_79.41,2,18.48411,79.40725,False
16.31_80.68,2,16.30995,80.68147,False
16.31_80.69,2,16.306,80.68669,False
18.39_79.51,2,18.38894,79.51021,False
16.31_80.71,2,16.31384,80.70792,False
16.31_80.72,2,16.3146,80.71532,False
18.14_79.49,2,18.13657,79.49111,False
18.14_79.5,2,18.13542,79.49927,False
18.14_79.51,2,18.13557,79.50627,False
17.25_80.24,2,17.24801,80.23637,False
15.89_80.15,2,15.88768,80.14989,False
18.5_79.42,2,18.49601,79.42232,False
17.67_79.88,2,17.67227,79.8789,False
16.32_77.59,2,16.32124,77.58824,False
17.82_73.28,2,17.81993,73.28416,False
18.48_79.45,2,18.47526,79.45396,False
17.02_80.87,2,17.02377,80.8707,False
18.21_77.91,2,18.2099,77.91232,False
16.32_80.04,2,16.32209,80.04388,False
18.5_79.43,2,18.50131,79.42976,False
18.21_78.11,2,18.20538,78.11336,False
17.67_80.16,2,17.66592,80.16061,False
18.27_77.89,2,18.26954,77.89254,False
17.67_80.19,2,17.6673,80.18681,False
18.31_79.9,2,18.3117,79.89574,False
18.61_79.85,2,18.60502,79.84888,False
18.63_78.13,2,18.62562,78.12622,False
16.32_80.68,2,16.32265,80.67574,False
17.95_79.96,2,17.94513,79.96324,False
18.43_79.36,2,18.43375,79.36467,False
16.32_80.71,2,16.32142,80.71427,False
18.31_79.96,2,18.31137,79.95626,False
18.36_78.21,2,18.35928,78.21348,False
18.64_79.27,2,18.63942,79.27224,False
18.54_79.44,2,18.5407,79.44205,False
18.21_79.45,2,18.20874,79.44711,False
17.26_80.27,2,17.26045,80.26675,False
18.64_77.78,2,18.63571,77.78222,False
17.82_79.46,2,17.82021,79.46331,False
16.33_80.08,2,16.32605,80.07944,False
17.26_80.31,2,17.25782,80.31206,False
18.39_80.43,2,18.39414,80.43181,False
17.26_80.46,2,17.25525,80.45902,False
18.59_79.16,2,18.59182,79.15824,False
18.21_79.53,2,18.21468,79.52884,False
16.66_76.49,2,16.65872,76.49377,False
17.03_80.87,2,17.03344,80.86896,False
16.33_80.67,2,16.32542,80.67161,False
16.33_80.69,2,16.32995,80.68908,False
16.33_80.7,2,16.33495,80.69814,False
17.04_76.33,2,17.03865,76.32789,False
15.92_80.16,2,15.91622,80.15583,False
17.82_79.79,2,17.81656,79.78691,False
18.07_78.05,2,18.07257,78.04755,False
18.48_79.61,2,18.47942,79.61462,False
17.82_79.94,2,17.82247,79.93971,False
18.36_79.26,2,18.35715,79.26046,False
17.68_79.71,2,17.68189,79.71177,False
17.96_78.01,2,17.96496,78.01056,False
17.04_79.81,2,17.04406,79.81313,False
17.68_79.76,2,17.68276,79.76154,False
17.04_79.88,2,17.03724,79.88082,False
16.34_80.63,2,16.34059,80.63475,False
17.27_80.01,2,17.27076,80.00508,False
18.43_79.49,2,18.42862,79.49214,False
17.4_78.69,2,17.39655,78.6876,False
17.96_78.05,2,17.95668,78.05338,False
16.34_80.71,2,16.33604,80.70951,False
16.67_77.41,2,16.66782,77.41352,False
17.96_78.06,2,17.965,78.05724,False
16.67_78.28,2,16.67468,78.27888,False
18.07_78.12,2,18.06718,78.12334,False
15.93_80.06,2,15.92709,80.05563,False
17.04_80.23,2,17.04148,80.22985,False
18.07_78.13,2,18.06555,78.12691,False
18.21_79.6,2,18.20616,79.59651,False
17.04_80.3,2,17.04102,80.29645,False
18.67_79.37,2,18.66838,79.37076,False
15.93_80.2,2,15.92797,80.20127,False
18.5_79.54,2,18.49738,79.53899,False
18.64_77.82,2,18.63509,77.82041,False
18.3_77.82,2,18.30287,77.82487,False
17.69_73.47,2,17.68936,73.46578,False
17.27_80.46,2,17.26763,80.45773,False
17.27_80.47,2,17.26805,80.46584,False
17.69_73.48,2,17.69008,73.47529,False
16.35_80.64,2,16.354,80.6377,False
16.35_80.7,2,16.35137,80.69629,False
18.27_79.56,2,18.26592,79.55768,False
17.28_79.15,2,17.28205,79.14816,False
15.94_79.98,2,15.93965,79.98484,False
17.05_79.48,2,17.0485,79.47808,False
18.65_77.84,2,18.64969,77.83539,False
17.96_79.7,2,17.95667,79.69884,False
18.3_77.87,2,18.3004,77.86888,False
18.43_79.53,2,18.42701,79.53406,False
15.94_80.19,2,15.93851,80.19072,False
18.15_78.15,2,18.14993,78.15463,False
17.69_77.35,2,17.68513,77.35216,False
17.28_80.05,2,17.27822,80.05442,False
15.95_77.09,2,15.95203,77.08871,False
17.28_80.08,2,17.27534,80.08215,False
18.5_79.62,2,18.50398,79.62065,False
17.05_80.28,2,17.0451,80.28306,False
16.6_76.51,2,16.59527,76.51171,False
17.05_80.29,2,17.05008,80.28535,False
16.6_76.53,2,16.60099,76.52718,False
18.32_78.2,2,18.31635,78.20451,False
16.6_76.84,2,16.5985,76.83656,False
18.07_79.66,2,18.06792,79.65894,False
17.83_79.77,2,17.83206,79.76502,False
16.37_76.59,2,16.36818,76.58985,False
18.07_79.7,2,18.07301,79.69942,False
15.96_77.54,2,15.96446,77.53505,False
17.83_79.91,2,17.82798,79.91272,False
16.6_78.33,2,16.59793,78.3338,False
18.64_77.84,2,18.64107,77.83526,False
17.83_79.96,2,17.82727,79.9575,False
18.36_79.51,2,18.35646,79.50858,False
17.69_79.65,2,17.69493,79.6464,False
18.65_77.87,2,18.65446,77.86962,False
18.15_79.44,2,18.15497,79.44299,False
16.6_80.82,2,16.60331,80.815,False
16.37_80.65,2,16.37209,80.65041,False
18.53_78.0,2,18.52848,77.99668,False
16.37_80.67,2,16.36969,80.66611,False
16.37_80.69,2,16.37359,80.69204,False
17.06_79.77,2,17.0604,79.77394,False
18.15_79.48,2,18.15139,79.47975,False
18.15_79.49,2,18.15381,79.48919,False
16.71_76.6,2,16.71392,76.5955,False
18.07_79.94,2,18.06922,79.9395,False
17.29_79.94,2,17.29497,79.94305,False
18.15_79.5,2,18.14853,79.49786,False
18.07_79.97,2,18.0677,79.97123,False
18.32_79.26,2,18.32339,79.26244,False
18.32_79.27,2,18.32464,79.27415,False
17.06_80.17,2,17.06302,80.16654,False
18.36_79.56,2,18.35849,79.55878,False
17.69_80.3,2,17.69429,80.3027,False
17.06_80.2,2,17.06026,80.19629,False
17.52_79.72,2,17.52178,79.71553,False
16.38_77.51,2,16.38007,77.50595,False
17.52_79.76,2,17.52325,79.75751,False
17.06_80.25,2,17.06084,80.24846,False
17.06_80.33,2,17.05937,80.32549,False
16.72_76.55,2,16.71715,76.55067,False
17.06_80.59,2,17.06104,80.59392,False
18.32_79.29,2,18.32298,79.28999,False
17.29_80.31,2,17.28967,80.30849,False
17.06_80.84,2,17.06028,80.83595,False
15.98_79.94,2,15.98371,79.94347,False
17.97_79.8,2,17.97323,79.80122,False
15.98_79.99,2,15.97685,79.99409,False
15.98_80.0,2,15.9775,79.99891,False
17.29_80.43,2,17.29316,80.43079,False
18.32_79.3,2,18.3211,79.30356,False
16.38_80.1,2,16.38192,80.10172,False
17.84_79.53,2,17.83527,79.53476,False
18.56_79.16,2,18.55611,79.16043,False
18.36_79.68,2,18.35506,79.68056,False
17.84_79.75,2,17.83722,79.748,False
17.84_79.76,2,17.83788,79.76444,False
18.5_80.02,2,18.49709,80.02139,False
18.08_73.95,2,18.08076,73.9528,False
15.99_80.07,2,15.99022,80.06572,False
18.46_79.41,2,18.46249,79.41196,False
17.52_80.44,2,17.51703,80.43797,False
17.84_79.95,2,17.84381,79.95473,False
18.32_79.52,2,18.31671,79.52267,False
18.3_79.26,2,18.29747,79.25612,False
17.52_80.77,2,17.51628,80.77348,False
18.59_79.34,2,18.58743,79.33713,False
18.3_79.29,2,18.30129,79.29203,False
17.07_80.17,2,17.07316,80.17294,False
17.07_80.18,2,17.07388,80.17646,False
17.07_80.21,2,17.0695,80.20772,False
18.3_79.3,2,18.30404,79.30103,False
15.9_80.11,2,15.89983,80.1091,False
17.84_80.56,2,17.84054,80.56055,False
16.39_78.67,2,16.38941,78.67372,False
16.39_78.68,2,16.38999,78.67793,False
18.08_78.04,2,18.07963,78.03893,False
16.74_74.53,2,16.73775,74.52921,False
17.2_80.21,2,17.20429,80.21337,False
16.01_78.03,2,16.01211,78.02883,False
18.3_79.31,2,18.29681,79.31284,False
16.39_80.02,2,16.38975,80.01559,False
17.07_80.42,2,17.06985,80.425,False
18.28_78.0,2,18.28026,78.00439,False
18.46_79.43,2,18.45651,79.4273,False
18.46_79.44,2,18.45564,79.43504,False
17.2_80.31,2,17.19658,80.30807,False
17.6_79.95,2,17.5977,79.94726,False
17.6_80.1,2,17.59661,80.10374,False
17.6_80.11,2,17.59771,80.10925,False
17.07_80.83,2,17.06569,80.82703,False
16.02_77.8,2,16.01991,77.7965,False
18.64_77.86,2,18.63528,77.85591,False
16.75_76.46,2,16.75066,76.46206,False
17.98_78.07,2,17.98014,78.06726,False
16.75_76.48,2,16.7492,76.48194,False
18.43_79.9,2,18.43068,79.89858,False
18.3_79.38,2,18.30091,79.37844,False
16.75_76.57,2,16.75492,76.57399,False
18.28_79.16,2,18.27807,79.15569,False
18.51_77.79,2,18.51429,77.79308,False
18.22_79.76,2,18.2225,79.75839,False
17.31_79.18,2,17.30837,79.18124,False
18.46_79.5,2,18.4596,79.5046,False
17.31_79.5,2,17.30913,79.50225,False
18.48_80.47,2,18.48332,80.47279,False
17.53_80.86,2,17.53101,80.85561,False
16.76_76.5,2,16.75962,76.49736,False
16.76_76.51,2,16.7554,76.51316,False
17.08_79.83,2,17.08397,79.83482,False
16.3_80.65,2,16.30497,80.65283,False
16.3_80.7,2,16.29802,80.69608,False
16.03_79.89,2,16.02628,79.89314,False
16.3_80.71,2,16.30249,80.70554,False
16.3_80.72,2,16.29713,80.71854,False
16.76_76.68,2,16.76001,76.68424,False
16.3_80.74,2,16.30039,80.74139,False
18.58_77.91,2,18.58499,77.90719,False
16.76_76.71,2,16.76201,76.71442,False
18.51_77.98,2,18.50588,77.98349,False
16.03_80.86,2,16.02796,80.86254,False
16.41_76.5,2,16.40697,76.50308,False
18.28_79.31,2,18.28465,79.30564,False
18.08_79.53,2,18.08487,79.53335,False
17.85_79.7,2,17.84699,79.69679,False
18.3_79.5,2,18.30068,79.4952,False
16.41_77.11,2,16.40795,77.10873,False
16.04_79.88,2,16.04448,79.88394,False
16.41_77.32,2,16.40701,77.31843,False
18.28_79.36,2,18.28374,79.36455,False
18.44_73.25,2,18.43992,73.24927,False
17.98_80.0,2,17.9759,80.00099,False
18.08_79.61,2,18.07612,79.60867,False
16.04_80.52,2,16.03597,80.51987,False
18.08_79.62,2,18.08405,79.62001,False
16.76_80.73,2,16.75945,80.73296,False
18.28_79.38,2,18.27837,79.37573,False
17.08_80.3,2,17.08389,80.30445,False
16.77_76.54,2,16.77033,76.54495,False
18.58_77.96,2,18.5821,77.95898,False
17.08_80.49,2,17.08229,80.48747,False
18.58_77.97,2,18.57577,77.97471,False
18.08_79.72,2,18.08289,79.7244,False
18.5_80.06,2,18.49682,80.05806,False
16.77_78.87,2,16.77251,78.86835,False
18.37_77.86,2,18.36754,77.85602,False
18.53_78.71,2,18.53139,78.71011,False
18.37_78.1,2,18.37287,78.10338,False
18.08_79.94,2,18.08139,79.94494,False
17.99_78.1,2,17.98645,78.09723,False
17.71_79.73,2,17.71466,79.73287,False
17.55_74.38,2,17.54844,74.37955,False
17.99_78.11,2,17.986,78.10786,False
18.16_79.49,2,18.15683,79.49414,False
18.28_79.55,2,18.27593,79.54823,False
16.42_76.5,2,16.4246,76.50456,False
18.33_79.28,2,18.32545,79.27791,False
18.66_77.85,2,18.6588,77.84949,False
16.42_76.64,2,16.42379,76.63551,False
18.51_79.12,2,18.50955,79.11526,False
17.55_79.66,2,17.54876,79.65823,False
17.86_78.07,2,17.85932,78.07224,False
18.37_78.26,2,18.3728,78.25932,False
18.44_77.61,2,18.44275,77.61484,False
18.16_79.68,2,18.16359,79.67648,False
18.44_77.63,2,18.43571,77.62864,False
18.62_79.4,2,18.62405,79.40378,False
16.06_80.72,2,16.05588,80.71951,False
18.33_79.39,2,18.33392,79.38724,False
16.06_80.83,2,16.06228,80.83159,False
16.06_80.84,2,16.05793,80.84495,False
16.78_77.03,2,16.77525,77.02743,False
16.06_80.86,2,16.0551,80.86107,False
17.09_80.18,2,17.09013,80.1809,False
17.09_80.22,2,17.09113,80.21521,False
17.32_80.37,2,17.31938,80.3724,False
17.09_80.25,2,17.08602,80.24705,False
18.09_77.78,2,18.08846,77.77731,False
17.09_80.28,2,17.08517,80.2756,False
17.99_79.82,2,17.98974,79.82104,False
16.43_76.51,2,16.42697,76.50924,False
17.32_80.44,2,17.31677,80.44304,False
18.16_79.73,2,18.16197,79.73267,False
17.86_79.83,2,17.86377,79.82883,False
16.08_78.63,2,16.0763,78.63181,False
17.99_80.04,2,17.98775,80.04028,False
16.43_77.43,2,16.43084,77.43446,False
18.16_79.77,2,18.15643,79.77184,False
16.08_79.58,2,16.07839,79.57961,False
16.08_79.96,2,16.076,79.96194,False
18.09_78.06,2,18.09237,78.05681,False
17.72_79.3,2,17.7192,79.29562,False
18.37_78.78,2,18.37178,78.78201,False
16.08_80.54,2,16.08305,80.53784,False
17.0_79.89,2,17.0013,79.89301,False
17.9_73.22,2,17.8972,73.2191,False
18.44_77.67,2,18.4367,77.66766,False
16.43_80.03,2,16.43121,80.03255,False
16.08_80.82,2,16.07681,80.81895,False
18.58_78.48,2,18.57664,78.47715,False
18.33_79.45,2,18.3323,79.45348,False
17.0_80.1,2,16.99604,80.09768,False
17.72_79.66,2,17.71754,79.65661,False
18.37_79.34,2,18.37168,79.34463,False
17.72_79.69,2,17.72482,79.6908,False
18.23_79.56,2,18.23169,79.5626,False
18.66_77.86,2,18.6575,77.85817,False
16.44_76.5,2,16.43617,76.50359,False
16.44_76.51,2,16.4363,76.50977,False
18.59_79.84,2,18.59077,79.84447,False
18.29_75.31,2,18.289,75.30653,False
18.09_79.48,2,18.09126,79.48236,False
18.09_79.5,2,18.09466,79.50363,False
16.79_80.52,2,16.79401,80.51558,False
18.29_77.81,2,18.28713,77.81296,False
18.23_79.62,2,18.22668,79.61591,False
16.44_78.33,2,16.43593,78.32916,False
17.72_80.22,2,17.71735,80.22413,False
16.09_80.82,2,16.08941,80.81882,False
18.37_79.45,2,18.36782,79.45348,False
18.61_74.1,2,18.60661,74.09798,False
18.56_79.49,2,18.55735,79.4944,False
17.33_80.32,2,17.33035,80.32044,False
16.0_78.17,2,16.00266,78.17481,False
17.72_80.3,2,17.71607,80.29659,False
18.59_79.87,2,18.59213,79.86631,False
18.23_79.72,2,18.2267,79.7155,False
16.44_80.78,2,16.44087,80.78462,False
17.87_79.7,2,17.87487,79.69614,False
18.37_79.5,2,18.36513,79.49626,False
18.62_79.5,2,18.61936,79.49929,False
16.45_76.49,2,16.45489,76.49086,False
18.09_79.75,2,18.09457,79.75355,False
18.64_79.74,2,18.63765,79.73895,False
17.11_80.09,2,17.11419,80.08656,False
17.73_78.12,2,17.72533,78.12208,False
16.11_79.85,2,16.10653,79.84735,False
17.87_79.83,2,17.86647,79.82685,False
17.87_79.89,2,17.87479,79.88684,False
17.57_79.15,2,17.5668,79.15257,False
18.51_79.37,2,18.50536,79.36539,False
16.11_80.53,2,16.10815,80.53395,False
18.51_79.39,2,18.51373,79.39381,False
16.45_77.86,2,16.44679,77.86138,False
16.45_77.87,2,16.45242,77.87463,False
16.11_80.79,2,16.10906,80.78728,False
16.81_79.05,2,16.80569,79.05249,False
17.57_79.43,2,17.56943,79.42873,False
17.11_80.22,2,17.11403,80.21849,False
18.55_79.17,2,18.55308,79.16527,False
16.81_79.91,2,16.80935,79.91482,False
17.9_79.8,2,17.90439,79.79749,False
16.81_80.01,2,16.80921,80.00871,False
17.11_80.67,2,17.10614,80.66759,False
18.17_79.48,2,18.16612,79.47762,False
18.51_79.44,2,18.5075,79.43799,False
17.57_79.65,2,17.56522,79.647,False
18.09_79.94,2,18.09219,79.94379,False
18.58_79.24,2,18.57889,79.24343,False
17.34_80.86,2,17.33744,80.85564,False
18.24_74.1,2,18.24239,74.10448,False
17.57_79.79,2,17.57247,79.79341,False
16.46_76.68,2,16.45665,76.67966,False
16.12_80.78,2,16.11555,80.77834,False
17.73_79.93,2,17.72742,79.92592,False
18.24_74.11,2,18.23814,74.1115,False
17.12_79.5,2,17.12357,79.50451,False
17.88_75.97,2,17.87981,75.9655,False
16.13_77.12,2,16.13365,77.12054,False
17.73_80.21,2,17.72527,80.21497,False
18.17_79.6,2,18.17392,79.60155,False
18.61_77.88,2,18.60509,77.88025,False
18.17_79.62,2,18.16889,79.62311,False
16.13_80.2,2,16.12553,80.19518,False
18.44_79.39,2,18.43591,79.39468,False
17.35_79.02,2,17.35242,79.0153,False
18.24_75.75,2,18.24349,75.74607,False
18.66_79.34,2,18.65699,79.34441,False
16.13_80.74,2,16.12624,80.74405,False
18.41_79.41,2,18.40722,79.40715,False
17.35_79.48,2,17.35042,79.48335,False
18.34_77.75,2,18.33616,77.75426,False
16.46_80.05,2,16.45854,80.05013,False
18.53_79.39,2,18.53301,79.3903,False
16.46_80.64,2,16.45505,80.64227,False
16.83_78.96,2,16.83491,78.9561,False
17.12_80.24,2,17.12089,80.23592,False
16.83_79.65,2,16.83317,79.65034,False
18.29_79.29,2,18.29412,79.29373,False
17.88_79.67,2,17.88467,79.67276,False
17.12_80.38,2,17.12482,80.38114,False
17.35_80.14,2,17.35173,80.13644,False
17.88_79.7,2,17.88384,79.69912,False
17.88_79.76,2,17.88048,79.75614,False
16.84_78.96,2,16.83849,78.95914,False
18.24_78.02,2,18.24156,78.01863,False
18.47_79.18,2,18.47342,79.18017,False
16.14_80.71,2,16.14388,80.71449,False
16.84_80.66,2,16.83746,80.65729,False
18.01_79.7,2,18.00603,79.69702,False
17.88_79.88,2,17.87875,79.88284,False
16.47_78.27,2,16.46583,78.26785,False
18.01_79.71,2,18.0106,79.70523,False
17.88_79.94,2,17.88072,79.94387,False
17.36_79.12,2,17.3563,79.12014,False
16.15_78.78,2,16.15082,78.77811,False
17.88_79.99,2,17.88383,79.98933,False
17.13_79.73,2,17.12793,79.72878,False
16.47_79.63,2,16.46564,79.63318,False
18.53_79.41,2,18.52614,79.40984,False
18.24_78.68,2,18.23851,78.67908,False
17.13_79.89,2,17.13123,79.89061,False
18.01_79.76,2,18.01134,79.7587,False
17.13_80.08,2,17.12505,80.07997,False
17.36_79.88,2,17.35897,79.88113,False
16.15_80.7,2,16.15264,80.69632,False
16.15_80.71,2,16.1507,80.71381,False
18.01_79.77,2,18.00606,79.76512,False
16.15_80.73,2,16.14824,80.72839,False
18.38_77.82,2,18.37636,77.82332,False
18.01_79.82,2,18.00847,79.82151,False
16.86_80.02,2,16.86246,80.01581,False
16.15_80.78,2,16.14754,80.78096,False
16.15_80.79,2,16.15016,80.79112,False
17.13_80.22,2,17.12971,80.22235,False
17.13_80.23,2,17.13016,80.22677,False
17.58_80.32,2,17.58399,80.318,False
16.16_78.78,2,16.15754,78.77699,False
18.38_77.86,2,18.37513,77.86137,False
17.58_80.46,2,17.58036,80.45665,False
16.48_76.69,2,16.48378,76.69378,False
17.13_80.38,2,17.12909,80.38029,False
16.48_76.71,2,16.48433,76.71446,False
18.64_79.81,2,18.63508,79.80643,False
17.36_80.63,2,17.36194,80.62854,False
16.16_79.87,2,16.15517,79.87086,False
17.74_80.24,2,17.73906,80.23838,False
18.18_77.75,2,18.18115,77.75368,False
16.88_76.99,2,16.87724,76.99081,False
18.18_77.76,2,18.17804,77.75547,False
16.88_79.59,2,16.87902,79.58972,False
16.16_80.63,2,16.16152,80.6324,False
18.58_79.73,2,18.58183,79.72583,False
18.01_79.98,2,18.00613,79.98476,False
18.65_79.26,2,18.64784,79.25641,False
17.75_73.48,2,17.75392,73.48261,False
18.62_79.7,2,18.62306,79.69537,False
16.16_80.73,2,16.15884,80.72617,False
16.16_80.74,2,16.16192,80.74316,False
16.16_80.75,2,16.16135,80.74953,False
16.16_80.76,2,16.15507,80.75852,False
18.44_79.57,2,18.43554,79.57085,False
16.19_78.82,2,16.18748,78.82433,False
18.45_74.15,2,18.45108,74.14782,False
17.37_77.44,2,17.37035,77.44494,False
18.0_79.73,2,17.99919,79.72787,False
16.49_76.63,2,16.48633,76.63065,False
16.88_80.09,2,16.8776,80.08883,False
15.61_78.53,2,15.60533,78.52856,False
16.49_76.73,2,16.48652,76.72943,False
18.47_79.31,2,18.46998,79.30626,False
16.17_78.78,2,16.17158,78.77888,False
18.41_79.56,2,18.41304,79.55537,False
18.55_79.31,2,18.54734,79.30624,False
16.17_79.88,2,16.16582,79.8763,False
17.89_79.63,2,17.89251,79.62547,False
18.34_79.42,2,18.3428,79.42364,False
18.02_73.31,2,18.01859,73.3119,False
18.63_79.22,2,18.63026,79.21912,False
18.24_79.62,2,18.23889,79.62078,False
18.44_79.64,2,18.44026,79.64349,False
18.34_79.45,2,18.34115,79.45162,False
18.49_79.67,2,18.4884,79.67,False
17.37_79.34,2,17.36513,79.34246,False
18.29_79.92,2,18.28722,79.91537,False
17.76_79.31,2,17.76475,79.31039,False
18.49_79.57,2,18.49074,79.57081,False
18.34_79.48,2,18.34425,79.47729,False
16.49_80.75,2,16.48881,80.74677,False
18.44_80.02,2,18.44497,80.02175,False
17.89_79.89,2,17.8907,79.89058,False
17.59_80.22,2,17.59358,80.22124,False
18.63_79.35,2,18.63464,79.35026,False
17.75_79.75,2,17.75171,79.74619,False
17.75_79.76,2,17.74509,79.75854,False
18.18_79.62,2,18.18495,79.62053,False
18.18_79.72,2,18.17898,79.71947,False
18.11_79.33,2,18.10883,79.33313,False
17.75_79.84,2,17.75328,79.83837,False
18.44_80.04,2,18.44461,80.03535,False
18.61_78.15,2,18.60795,78.15026,False
17.89_80.21,2,17.887,80.2065,False
18.44_80.07,2,18.44142,80.06692,False
17.75_80.34,2,17.75274,80.33954,False
16.8_76.94,2,16.80189,76.94302,False
17.5_79.56,2,17.50118,79.56039,False
17.75_80.35,2,17.75168,80.34891,False
16.18_78.82,2,16.18313,78.81581,False
17.75_80.36,2,17.749,80.36201,False
18.02_79.43,2,18.01704,79.43,False
18.42_73.94,2,18.42387,73.94492,False
17.15_79.85,2,17.15492,79.84998,False
18.25_73.44,2,18.24746,73.44083,False
18.55_79.38,2,18.54959,79.38216,False
18.02_79.63,2,18.01654,79.62904,False
18.18_79.83,2,18.17539,79.83434,False
16.18_80.04,2,16.17625,80.0351,False
17.15_80.09,2,17.15438,80.08645,False
16.4_80.11,2,16.40495,80.10539,False
17.61_79.66,2,17.61199,79.65704,False
17.38_78.88,2,17.37512,78.87701,False
18.02_79.65,2,18.01715,79.65141,False
18.49_79.63,2,18.48826,79.63339,False
16.4_80.76,2,16.40225,80.76,False
16.18_80.65,2,16.17554,80.65458,False
18.02_79.97,2,18.02179,79.96709,False
16.18_80.68,2,16.18031,80.67818,False
16.18_80.69,2,16.18303,80.69161,False
16.18_80.7,2,16.17962,80.70398,False
18.02_79.67,2,18.01967,79.67402,False
16.18_80.76,2,16.18387,80.76042,False
18.47_79.51,2,18.46717,79.51197,False
18.47_79.53,2,18.46504,79.52989,False
16.51_76.48,2,16.50738,76.47599,False
18.34_79.88,2,18.33984,79.88271,False
16.51_76.68,2,16.51253,76.68082,False
18.66_79.35,2,18.66129,79.35317,False
18.45_77.59,2,18.45125,77.59303,False
18.18_79.98,2,18.18292,79.98162,False
17.15_80.26,2,17.14793,80.26449,False
17.15_80.27,2,17.14752,80.26579,False
18.67_79.68,2,18.66802,79.67973,False
18.67_79.75,2,18.66949,79.74822,False
18.11_79.48,2,18.11046,79.47775,False
17.76_79.71,2,17.75522,79.71246,False
18.68_77.84,2,18.67612,77.84476,False
18.68_77.85,2,18.68285,77.84791,False
16.19_80.55,2,16.19309,80.55083,False
18.68_78.76,2,18.67696,78.76189,False
18.68_79.29,2,18.67532,79.2877,False
16.19_80.57,2,16.18773,80.56629,False
17.16_79.88,2,17.16045,79.87836,False
16.19_80.66,2,16.19384,80.65886,False
18.69_77.8,2,18.69246,77.80478,False
18.69_77.81,2,18.69136,77.81225,False
18.69_79.28,2,18.69416,79.28378,False
18.69_79.29,2,18.68619,79.28747,False
18.69_79.67,2,18.69091,79.67207,False
18.6_74.66,2,18.59648,74.66475,False
17.16_80.03,2,17.15883,80.02704,False
18.6_78.49,2,18.59699,78.48555,False
18.25_78.3,2,18.25373,78.30398,False
18.6_79.25,2,18.60131,79.25308,False
18.6_79.4,2,18.59827,79.40478,False
18.6_79.87,2,18.59738,79.8651,False
18.71_77.86,2,18.71407,77.86497,False
18.71_78.72,2,18.70965,78.72254,False
18.71_79.13,2,18.70607,79.12793,False
17.39_79.44,2,17.38807,79.43683,False
18.71_79.78,2,18.70552,79.77676,False
18.72_77.83,2,18.7224,77.82761,False
18.72_78.73,2,18.71904,78.7348,False
18.72_78.74,2,18.71611,78.74066,False
16.92_79.91,2,16.92221,79.90782,False
17.76_79.91,2,17.76214,79.90969,False
17.61_80.1,2,17.6124,80.09913,False
18.74_77.88,2,18.73533,77.87784,False
18.74_77.95,2,18.73941,77.95358,False
18.74_79.73,2,18.73889,79.73405,False
18.74_79.76,2,18.74177,79.76092,False
18.75_77.99,2,18.7463,77.9865,False
18.75_78.23,2,18.75035,78.23151,False
18.75_78.35,2,18.74856,78.34698,False
18.75_78.64,2,18.74665,78.64212,False
18.75_78.71,2,18.75405,78.7103,False
18.75_78.81,2,18.74852,78.81242,False
18.75_79.18,2,18.75436,79.18457,False
18.76_79.21,2,18.75892,79.20668,False
17.61_80.18,2,17.60702,80.18188,False
18.77_78.41,2,18.76574,78.40534,False
18.77_78.96,2,18.76735,78.96262,False
17.61_80.24,2,17.60778,80.2449,False
18.78_73.75,2,18.77881,73.74908,False
18.78_78.12,2,18.77825,78.11736,False
18.78_78.59,2,18.78378,78.58864,False
18.78_78.99,2,18.78143,78.98833,False
18.79_78.01,2,18.79258,78.0068,False
18.79_78.23,2,18.78502,78.22588,False
18.79_78.68,2,18.79241,78.67715,False
18.79_79.14,2,18.78641,79.1383,False
18.38_79.56,2,18.38075,79.55659,False
18.7_77.86,2,18.6985,77.86261,False
18.7_79.05,2,18.70302,79.05116,False
18.7_79.35,2,18.70174,79.34992,False
18.47_79.59,2,18.47122,79.59151,False
18.02_80.66,2,18.02398,80.66267,False
18.81_77.95,2,18.80983,77.95438,False
18.81_77.97,2,18.81345,77.97363,False
18.81_78.06,2,18.80773,78.06175,False
18.02_80.68,2,18.0185,80.67873,False
18.81_78.43,2,18.80844,78.42532,False
18.81_79.16,2,18.8097,79.15697,False
18.81_79.28,2,18.8066,79.27688,False
18.81_79.44,2,18.80779,79.44083,False
18.81_79.99,2,18.81307,79.98599,False
18.81_80.19,2,18.81114,80.19135,False
18.81_80.22,2,18.81484,80.2224,False
18.82_77.97,2,18.81596,77.97074,False
18.82_78.08,2,18.81522,78.08423,False
18.42_77.77,2,18.42035,77.77067,False
18.82_78.45,2,18.81731,78.45449,False
18.82_78.64,2,18.81684,78.64301,False
18.82_78.94,2,18.82084,78.93672,False
18.82_79.71,2,18.82119,79.70926,False
18.83_78.22,2,18.82639,78.21774,False
18.83_78.27,2,18.83299,78.27427,False
18.83_78.85,2,18.82879,78.85293,False
18.83_79.1,2,18.83104,79.09827,False
18.84_78.23,2,18.83643,78.23416,False
18.84_78.27,2,18.83525,78.27309,False
18.84_78.77,2,18.83774,78.76782,False
18.84_78.93,2,18.84015,78.92609,False
18.84_79.24,2,18.83831,79.23769,False
18.85_78.06,2,18.8531,78.06017,False
18.85_78.08,2,18.84514,78.07775,False
18.85_78.92,2,18.84732,78.91745,False
18.85_78.93,2,18.84691,78.92537,False
18.85_78.94,2,18.84521,78.94251,False
18.85_79.26,2,18.85232,79.26202,False
18.11_79.59,2,18.10646,79.58671,False
18.86_78.02,2,18.85651,78.02293,False
18.86_78.04,2,18.8596,78.03555,False
18.86_78.11,2,18.85784,78.10879,False
18.86_78.25,2,18.86398,78.25194,False
18.86_78.42,2,18.85547,78.42227,False
18.86_78.44,2,18.85835,78.43604,False
18.86_78.75,2,18.86278,78.75307,False
18.86_78.79,2,18.86368,78.78874,False
18.86_78.9,2,18.85548,78.89587,False
18.86_79.0,2,18.8606,78.99743,False
18.86_79.07,2,18.86439,79.06739,False
18.87_78.01,2,18.86872,78.00941,False
18.87_78.02,2,18.8708,78.02074,False
18.87_78.15,2,18.86736,78.14845,False
18.87_78.68,2,18.86593,78.6791,False
18.87_78.79,2,18.87379,78.79038,False
18.87_79.16,2,18.86835,79.15982,False
18.88_78.48,2,18.88274,78.48398,False
18.88_78.71,2,18.87935,78.70822,False
18.88_79.09,2,18.88079,79.09099,False
18.89_78.37,2,18.89175,78.3728,False
18.89_78.51,2,18.89495,78.51398,False
17.39_80.15,2,17.39085,80.15323,False
18.89_79.12,2,18.89306,79.1208,False
18.11_79.6,2,18.11114,79.60476,False
18.8_78.0,2,18.79907,78.00298,False
18.63_79.38,2,18.6278,79.38058,False
18.8_78.05,2,18.80456,78.05276,False
18.8_78.44,2,18.80381,78.43655,False
18.8_78.68,2,18.79737,78.67659,False
18.8_79.69,2,18.80227,79.68891,False
18.91_79.05,2,18.90849,79.0514,False
18.92_78.39,2,18.92449,78.3888,False
18.92_78.44,2,18.91707,78.43626,False
18.93_78.1,2,18.93153,78.0985,False
16.1_80.54,2,16.1004,80.54334,False
18.93_78.97,2,18.93088,78.96571,False
18.93_79.71,2,18.9312,79.71311,False
18.42_77.81,2,18.41816,77.81052,False
18.25_79.31,2,18.24877,79.30741,False
16.16_80.65,2,16.16433,80.65343,False
18.95_79.11,2,18.9484,79.11088,False
18.95_79.8,2,18.95028,79.79684,False
17.3_77.93,2,17.29932,77.93447,False
18.96_76.22,2,18.96284,76.21637,False
18.96_78.83,2,18.95723,78.82841,False
18.96_78.88,2,18.95858,78.88036,False
18.97_76.22,2,18.96643,76.21732,False
18.97_78.87,2,18.97491,78.87487,False
18.97_79.18,2,18.96512,79.17641,False
18.97_79.96,2,18.96704,79.96407,False
18.98_79.1,2,18.97758,79.10434,False
18.98_79.43,2,18.9764,79.43208,False
18.98_79.82,2,18.97725,79.81592,False
18.99_79.2,2,18.98948,79.20245,False
18.9_78.34,2,18.89944,78.34361,False
18.11_79.78,2,18.10767,79.77982,False
19.01_72.91,2,19.01327,72.90684,False
19.01_77.97,2,19.00548,77.97355,False
19.01_78.74,2,19.01195,78.7384,False
17.3_79.19,2,17.30318,79.18538,False
19.02_72.9,2,19.02125,72.89536,False
19.02_77.97,2,19.02247,77.96611,False
19.03_78.45,2,19.02546,78.4508,False
19.04_79.86,2,19.04338,79.8599,False
19.04_79.87,2,19.04442,79.86517,False
19.05_78.23,2,19.05235,78.23286,False
19.05_79.13,2,19.04872,79.12625,False
19.06_78.05,2,19.06314,78.04613,False
19.06_79.21,2,19.05753,79.20715,False
19.06_79.85,2,19.057,79.85458,False
19.06_80.1,2,19.05596,80.10387,False
19.07_77.93,2,19.07393,77.93032,False
19.07_78.05,2,19.06592,78.0526,False
18.67_78.54,2,18.66807,78.53733,False
19.07_78.15,2,19.07408,78.14645,False
19.08_77.93,2,19.07544,77.93047,False
19.08_77.98,2,19.08028,77.97823,False
18.19_77.9,2,18.18651,77.89801,False
19.08_78.94,2,19.08464,78.94074,False
19.09_78.11,2,19.09346,78.10947,False
19.09_78.14,2,19.0933,78.13824,False
19.0_78.87,2,19.00495,78.87337,False
15.66_73.98,2,15.65715,73.98483,False
19.11_73.08,2,19.11354,73.07693,False
19.11_77.95,2,19.1148,77.95124,False
19.12_77.92,2,19.12089,77.9201,False
19.12_78.04,2,19.12477,78.03833,False
19.12_78.07,2,19.11955,78.06776,False
19.12_78.1,2,19.12011,78.10199,False
19.12_78.11,2,19.11717,78.10919,False
19.12_80.17,2,19.11741,80.17336,False
19.12_80.18,2,19.11796,80.17701,False
19.13_73.83,2,19.12539,73.83464,False
19.13_77.99,2,19.13087,77.98952,False
19.13_78.04,2,19.12789,78.0382,False
19.13_78.96,2,19.13349,78.96039,False
19.13_79.66,2,19.13207,79.66279,False
19.14_73.05,2,19.13755,73.05327,False
19.14_77.96,2,19.14155,77.96218,False
18.11_79.94,2,18.10528,79.93971,False
19.14_78.06,2,19.1368,78.06078,False
19.14_78.25,2,19.14141,78.25128,False
19.14_79.6,2,19.14328,79.60243,False
19.15_78.25,2,19.14555,78.2542,False
17.3_79.93,2,17.30423,79.93358,False
18.64_79.94,2,18.64273,79.93893,False
19.15_79.13,2,19.14697,79.12531,False
19.15_79.77,2,19.14986,79.76521,False
19.16_78.29,2,19.16012,78.29123,False
16.21_79.89,2,16.21016,79.88529,False
19.17_79.12,2,19.17268,79.1162,False
19.18_76.26,2,19.18478,76.26242,False
19.18_77.9,2,19.18281,77.90292,False
19.18_78.01,2,19.18188,78.01172,False
19.18_78.24,2,19.1843,78.24051,False
19.19_78.02,2,19.18766,78.01881,False
19.19_78.07,2,19.19468,78.06551,False
19.19_78.08,2,19.18933,78.0788,False
18.65_79.63,2,18.64971,79.62703,False
19.1_73.11,2,19.09769,73.10866,False
19.1_78.08,2,19.10132,78.08396,False
19.21_73.4,2,19.21397,73.39586,False
17.17_80.18,2,17.16522,80.18062,False
19.21_79.37,2,19.20646,79.36735,False
19.21_79.52,2,19.20986,79.51556,False
19.22_73.53,2,19.21837,73.52868,False
19.22_78.22,2,19.22156,78.22407,False
19.22_78.26,2,19.22014,78.26157,False
18.03_79.63,2,18.02555,79.62972,False
19.23_73.33,2,19.22597,73.32758,False
19.23_73.39,2,19.22717,73.38731,False
19.23_78.81,2,19.23379,78.81203,False
19.23_78.82,2,19.23299,78.81656,False
19.24_73.39,2,19.23731,73.38547,False
19.24_78.22,2,19.23753,78.21542,False
19.24_78.82,2,19.23583,78.8218,False
19.25_78.0,2,19.24998,77.99531,False
19.25_78.01,2,19.25453,78.00718,False
19.25_79.33,2,19.25079,79.32819,False
19.29_80.04,2,19.28858,80.04174,False
19.2_78.22,2,19.20064,78.22241,False
19.2_78.23,2,19.20156,78.22748,False
18.49_80.06,2,18.49213,80.05981,False
19.2_78.56,2,19.19808,78.55557,False
19.2_79.13,2,19.19778,79.12807,False
19.34_78.31,2,19.34339,78.30939,False
19.36_78.33,2,19.35679,78.32932,False
19.36_80.07,2,19.36066,80.07017,False
19.37_73.5,2,19.36556,73.49541,False
19.37_73.6,2,19.36539,73.59628,False
19.37_78.33,2,19.37442,78.32972,False
19.37_80.86,2,19.36526,80.85547,False
19.41_76.79,2,19.41273,76.79252,False
19.42_76.75,2,19.41675,76.75048,False
19.44_74.14,2,19.44374,74.13705,False
16.53_80.73,2,16.53108,80.73128,False
19.49_74.02,2,19.4926,74.01581,False
19.49_79.17,2,19.4938,79.16553,False
19.51_79.48,2,19.5064,79.4832,False
19.52_77.04,2,19.51766,77.03994,False
17.91_73.19,2,17.90912,73.19143,False
19.57_79.65,2,19.57185,79.65009,False
18.67_78.16,2,18.66564,78.15648,False
18.2_79.08,2,18.20382,79.0789,False
16.93_80.52,2,16.92764,80.52194,False
16.21_80.75,2,16.20548,80.75394,False
19.59_73.51,2,19.58556,73.51319,False
19.59_73.94,2,19.59118,73.94341,False
19.62_73.21,2,19.61559,73.20585,False
19.62_73.36,2,19.62284,73.3568,False
19.62_79.29,2,19.61877,79.28721,False
19.62_79.94,2,19.62489,79.93546,False
19.62_80.02,2,19.62004,80.01717,False
19.63_79.94,2,19.62871,79.93638,False
19.64_73.28,2,19.6381,73.28323,False
19.65_75.64,2,19.65151,75.63902,False
19.65_79.55,2,19.6495,79.55231,False
19.66_79.24,2,19.66008,79.23676,False
19.66_79.53,2,19.66046,79.53464,False
19.66_79.54,2,19.65874,79.54424,False
19.67_78.07,2,19.66811,78.07027,False
19.67_79.18,2,19.66542,79.18488,False
18.62_78.31,2,18.62045,78.30605,False
16.21_80.78,2,16.20575,80.77711,False
18.66_79.48,2,18.65845,79.48009,False
18.19_79.37,2,18.19287,79.37217,False
19.69_75.65,2,19.68841,75.64964,False
19.71_79.72,2,19.71357,79.7226,False
19.73_72.74,2,19.73049,72.73727,False
19.73_73.18,2,19.73268,73.1814,False
19.73_73.23,2,19.72535,73.23048,False
19.74_79.88,2,19.73952,79.87799,False
17.62_80.19,2,17.61786,80.19059,False
19.75_73.21,2,19.75162,73.21053,False
19.75_77.58,2,19.75256,77.57658,False
19.75_79.86,2,19.75392,79.86407,False
18.03_80.59,2,18.03331,80.58826,False
19.75_79.88,2,19.75298,79.8783,False
19.76_79.53,2,19.76054,79.5273,False
19.77_79.76,2,19.77225,79.76015,False
18.42_79.27,2,18.41686,79.26742,False
19.78_79.91,2,19.78098,79.91428,False
19.78_80.8,2,19.7751,80.80473,False
19.78_80.81,2,19.78,80.80818,False
18.54_77.72,2,18.54051,77.71889,False
18.03_80.65,2,18.02834,80.65253,False
19.79_79.4,2,19.7913,79.39822,False
19.81_79.3,2,19.8093,79.30437,False
19.81_79.58,2,19.81267,79.58395,False
19.81_80.01,2,19.81028,80.00881,False
19.83_75.24,2,19.83071,75.23853,False
19.84_80.65,2,19.83887,80.65279,False
19.85_79.41,2,19.84923,79.40504,False
19.86_79.1,2,19.86318,79.10268,False
19.86_79.56,2,19.86135,79.5603,False
19.89_74.41,2,19.88961,74.40956,False
19.8_78.86,2,19.80119,78.86477,False
19.8_79.55,2,19.79737,79.54985,False
19.8_80.82,2,19.80029,80.82431,False
19.91_78.0,2,19.90945,78.00047,False
19.91_80.85,2,19.90896,80.84559,False
17.3_80.81,2,17.29745,80.81387,False
18.63_79.8,2,18.63292,79.80057,False
17.77_79.78,2,17.7747,79.77697,False
19.93_79.69,2,19.93461,79.69301,False
19.93_79.92,2,19.92509,79.92353,False
18.25_79.59,2,18.25315,79.58687,False
19.94_79.38,2,19.94036,79.38277,False
19.94_79.39,2,19.9384,79.38744,False
19.94_79.4,2,19.94219,79.39667,False
19.95_79.38,2,19.95025,79.3772,False
15.68_80.11,2,15.68431,80.11327,False
19.95_79.89,2,19.9512,79.8908,False
19.95_80.71,2,19.95211,80.70629,False
18.19_79.52,2,18.18556,79.52073,False
18.67_78.17,2,18.66731,78.16737,False
19.96_79.37,2,19.95547,79.36663,False
19.96_79.38,2,19.96077,79.37608,False
19.96_79.39,2,19.95958,79.38558,False
19.96_80.72,2,19.9624,80.71987,False
19.97_79.09,2,19.96603,79.08855,False
19.97_79.37,2,19.96568,79.37214,False
19.97_79.38,2,19.96976,79.37582,False
19.97_79.39,2,19.97313,79.38792,False
19.98_78.74,2,19.97987,78.74079,False
19.98_79.39,2,19.98386,79.39432,False
19.98_80.69,2,19.98321,80.68607,False
19.98_80.73,2,19.98307,80.73309,False
19.99_75.12,2,19.98852,75.12117,False
19.99_79.35,2,19.98623,79.35352,False
19.99_79.45,2,19.99274,79.44727,False
18.12_78.02,2,18.11703,78.01554,False
20.01_79.06,2,20.01291,79.05689,False
18.19_79.57,2,18.19299,79.56824,False
18.12_78.05,2,18.11991,78.04961,False
18.25_79.68,2,18.24524,79.68266,False
20.01_79.64,2,20.00757,79.64009,False
20.01_79.65,2,20.00721,79.6459,False
20.01_80.7,2,20.01089,80.69714,False
20.02_78.62,2,20.02411,78.61519,False
15.69_78.46,2,15.68675,78.45689,False
20.02_79.06,2,20.02086,79.05772,False
20.02_80.58,2,20.01524,80.58495,False
20.02_80.63,2,20.01508,80.63327,False
20.03_78.43,2,20.02511,78.43143,False
20.03_78.65,2,20.03203,78.64697,False
20.03_80.59,2,20.03172,80.58645,False
20.03_80.6,2,20.02643,80.59903,False
18.19_79.69,2,18.1912,79.68983,False
20.04_79.28,2,20.03668,79.28389,False
20.04_79.82,2,20.03549,79.82332,False
20.04_79.83,2,20.03641,79.82749,False
20.05_80.58,2,20.04675,80.58063,False
20.05_80.73,2,20.04656,80.72832,False
20.07_79.57,2,20.0659,79.57202,False
20.07_80.71,2,20.0742,80.71054,False
20.08_80.56,2,20.08369,80.56486,False
20.08_80.64,2,20.083,80.6375,False
20.08_80.65,2,20.08036,80.6476,False
18.61_79.26,2,18.6061,79.26373,False
20.0_79.64,2,20.00363,79.64058,False
20.0_80.69,2,19.99949,80.68861,False
20.11_80.58,2,20.11284,80.57705,False
20.12_80.66,2,20.11837,80.66077,False
18.66_78.2,2,18.65714,78.20455,False
20.13_80.57,2,20.12863,80.57291,False
20.15_79.19,2,20.14676,79.19228,False
20.15_80.65,2,20.14713,80.65479,False
20.16_76.6,2,20.15868,76.60411,False
20.16_80.6,2,20.16391,80.60148,False
20.17_79.18,2,20.16986,79.18264,False
20.19_78.5,2,20.19114,78.49535,False
20.1_80.46,2,20.09975,80.46152,False
20.1_80.62,2,20.09735,80.62217,False
20.1_80.71,2,20.09598,80.71266,False
20.22_77.57,2,20.21838,77.57288,False
16.55_73.42,2,16.54691,73.41618,False
20.24_72.88,2,20.23973,72.8821,False
20.25_75.53,2,20.24691,75.53183,False
20.25_77.57,2,20.25439,77.56861,False
20.26_79.63,2,20.26018,79.63312,False
20.27_75.22,2,20.26921,75.21511,False
20.27_78.07,2,20.27204,78.07438,False
20.27_79.68,2,20.27451,79.68201,False
20.27_80.09,2,20.26647,80.08536,False
20.28_78.07,2,20.27546,78.07189,False
20.28_79.68,2,20.27701,79.68445,False
20.29_74.9,2,20.28777,74.90065,False
20.29_79.68,2,20.28689,79.68356,False
20.29_79.69,2,20.2858,79.68533,False
20.31_78.12,2,20.31242,78.12291,False
16.22_80.58,2,16.22443,80.57648,False
20.32_76.0,2,20.32256,75.99815,False
20.32_79.53,2,20.31529,79.53203,False
17.91_79.78,2,17.91398,79.78459,False
18.04_77.31,2,18.03866,77.31215,False
20.33_75.08,2,20.32894,75.08407,False
20.33_75.94,2,20.33232,75.94296,False
20.33_79.54,2,20.32923,79.54459,False
20.33_79.55,2,20.32531,79.5452,False
17.18_80.27,2,17.1783,80.27415,False
20.34_75.1,2,20.34376,75.09799,False
20.35_72.95,2,20.35351,72.95026,False
20.35_79.53,2,20.34601,79.52647,False
17.18_80.3,2,17.18484,80.30427,False
20.38_78.42,2,20.38322,78.42059,False
20.3_73.62,2,20.29917,73.62081,False
20.41_80.36,2,20.41239,80.36371,False
20.41_80.37,2,20.40952,80.36898,False
20.42_80.35,2,20.41565,80.34911,False
20.42_80.53,2,20.42073,80.5341,False
20.45_79.97,2,20.44643,79.97321,False
20.48_80.15,2,20.48368,80.14873,False
20.49_73.82,2,20.48759,73.81725,False
20.49_80.19,2,20.48561,80.18695,False
20.49_80.2,2,20.49453,80.19576,False
20.49_80.38,2,20.49032,80.38284,False
20.4_79.97,2,20.39632,79.96973,False
20.4_80.0,2,20.40002,79.99937,False
20.51_76.03,2,20.51091,76.02652,False
20.52_79.63,2,20.52046,79.63267,False
20.52_80.29,2,20.51826,80.28623,False
20.53_77.49,2,20.53007,77.49089,False
20.53_79.63,2,20.52551,79.63238,False
20.53_79.82,2,20.53453,79.82473,False
17.63_79.83,2,17.63037,79.82791,False
20.55_73.95,2,20.54842,73.94537,False
20.55_75.83,2,20.54902,75.82774,False
20.55_77.4,2,20.54969,77.40144,False
20.57_80.15,2,20.57268,80.15151,False
20.57_80.16,2,20.57327,80.15865,False
20.58_75.42,2,20.58375,75.42313,False
20.59_79.6,2,20.58515,79.60224,False
20.59_79.61,2,20.58912,79.60546,False
20.5_80.21,2,20.49697,80.20846,False
20.5_80.37,2,20.50133,80.36752,False
20.61_75.9,2,20.60796,75.90038,False
20.61_79.23,2,20.61126,79.22538,False
20.62_75.78,2,20.62219,75.78473,False
20.62_80.23,2,20.62299,80.23436,False
20.63_73.32,2,20.63485,73.32337,False
20.63_74.48,2,20.62942,74.48218,False
20.63_80.23,2,20.62808,80.23328,False
20.63_80.32,2,20.63227,80.32008,False
20.64_73.23,2,20.63912,73.23143,False
20.64_73.73,2,20.6385,73.72673,False
16.22_80.76,2,16.22054,80.76495,False
18.59_75.03,2,18.59213,75.02567,False
20.64_80.32,2,20.6386,80.31738,False
20.65_73.74,2,20.64924,73.7448,False
20.65_80.05,2,20.65392,80.05456,False
20.66_73.41,2,20.65808,73.40614,False
20.66_73.6,2,20.66332,73.59975,False
20.66_80.37,2,20.65672,80.36641,False
20.67_80.01,2,20.67329,80.01321,False
20.68_73.58,2,20.68228,73.5848,False
20.68_73.69,2,20.67523,73.6879,False
20.68_80.22,2,20.67598,80.22437,False
20.68_80.23,2,20.67752,80.22802,False
20.71_73.49,2,20.70721,73.49427,False
18.4_76.45,2,18.40154,76.44889,False
20.71_73.68,2,20.7086,73.67711,False
20.71_80.0,2,20.70928,80.00071,False
16.55_76.57,2,16.55086,76.56763,False
20.72_73.47,2,20.72017,73.47498,False
20.72_73.63,2,20.72387,73.62836,False
20.72_80.03,2,20.71757,80.03335,False
18.67_77.77,2,18.67035,77.76814,False
20.72_80.15,2,20.72323,80.14993,False
20.73_73.59,2,20.73154,73.59241,False
20.73_80.1,2,20.73049,80.10474,False
20.73_80.11,2,20.72596,80.10521,False
20.74_79.59,2,20.73542,79.58567,False
18.42_79.54,2,18.42212,79.54121,False
17.41_80.42,2,17.40705,80.42498,False
18.35_79.26,2,18.35468,79.25914,False
18.45_79.32,2,18.44544,79.32061,False
20.75_73.53,2,20.75123,73.53181,False
20.76_73.62,2,20.76134,73.61983,False
20.76_80.13,2,20.75748,80.12559,False
20.77_73.52,2,20.76516,73.52335,False
20.77_73.64,2,20.76552,73.6447,False
20.77_80.12,2,20.77024,80.1195,False
18.12_79.32,2,18.11885,79.322,False
20.78_80.13,2,20.77506,80.12696,False
20.78_80.14,2,20.7771,80.13911,False
20.78_80.16,2,20.77815,80.15577,False
20.79_73.64,2,20.79044,73.63691,False
20.79_80.24,2,20.78509,80.24332,False
20.7_75.18,2,20.70196,75.17705,False
18.19_80.55,2,18.18561,80.54595,False
15.71_78.65,2,15.71297,78.65221,False
16.23_79.9,2,16.22571,79.89835,False
20.7_80.16,2,20.70491,80.15793,False
20.81_73.59,2,20.81233,73.59445,False
20.81_74.49,2,20.81132,74.49157,False
20.81_77.4,2,20.81261,77.39919,False
20.81_79.99,2,20.8138,79.98646,False
20.82_73.56,2,20.81724,73.55872,False
20.82_74.46,2,20.82129,74.46091,False
18.26_74.09,2,18.25714,74.09357,False
20.82_77.4,2,20.81614,77.39864,False
17.19_79.56,2,17.18842,79.56211,False
20.83_77.4,2,20.83084,77.4007,False
20.84_74.06,2,20.8431,74.05521,False
20.85_73.52,2,20.85137,73.51771,False
20.85_74.05,2,20.8498,74.04702,False
20.85_80.17,2,20.8517,80.1724,False
20.86_79.24,2,20.86445,79.24174,False
20.86_79.84,2,20.85516,79.83985,False
20.87_74.03,2,20.87165,74.02668,False
20.87_74.04,2,20.8716,74.03927,False
20.87_79.26,2,20.86716,79.26273,False
20.88_75.49,2,20.87851,75.48771,False
20.88_79.86,2,20.88235,79.86168,False
20.89_73.58,2,20.88548,73.58275,False
20.89_73.69,2,20.88581,73.68992,False
20.89_80.11,2,20.89173,80.1094,False
20.8_74.49,2,20.80089,74.49163,False
20.8_74.5,2,20.79679,74.49503,False
20.8_75.7,2,20.7972,75.70331,False
20.8_79.98,2,20.79702,79.98327,False
16.55_78.23,2,16.54637,78.22581,False
18.35_79.34,2,18.35485,79.33664,False
20.8_80.15,2,20.79851,80.15367,False
20.8_80.16,2,20.79514,80.16234,False
20.91_77.88,2,20.90775,77.88165,False
20.93_73.52,2,20.93127,73.52399,False
20.93_73.56,2,20.92598,73.56374,False
17.42_74.24,2,17.42466,74.24316,False
20.95_80.18,2,20.94692,80.17532,False
20.95_80.19,2,20.94637,80.19164,False
20.96_73.68,2,20.95886,73.68275,False
20.96_74.4,2,20.95897,74.39725,False
20.96_75.35,2,20.95953,75.35137,False
20.97_77.9,2,20.96657,77.89664,False
20.97_80.17,2,20.96645,80.17138,False
20.97_80.18,2,20.96731,80.17854,False
18.12_79.47,2,18.12255,79.46966,False
20.98_80.23,2,20.98324,80.2266,False
20.98_80.89,2,20.98355,80.89207,False
20.99_72.91,2,20.988,72.90772,False
20.99_73.15,2,20.98668,73.14783,False
20.99_73.96,2,20.9855,73.96043,False
20.99_74.51,2,20.98502,74.51333,False
20.99_79.77,2,20.98916,79.77135,False
20.99_80.23,2,20.98625,80.23158,False
20.99_80.9,2,20.99015,80.89758,False
20.9_80.26,2,20.90466,80.2629,False
21.01_78.57,2,21.01259,78.57307,False
21.02_78.43,2,21.0249,78.4308,False
21.02_78.59,2,21.02319,78.59441,False
21.03_78.61,2,21.02743,78.60578,False
21.04_78.59,2,21.037,78.59278,False
21.04_78.61,2,21.03806,78.61378,False
17.19_80.07,2,17.18593,80.07206,False
17.78_79.5,2,17.78043,79.49886,False
21.05_78.74,2,21.04621,78.74246,False
21.06_73.78,2,21.05795,73.78374,False
21.06_78.53,2,21.05737,78.52618,False
21.07_78.67,2,21.07396,78.67168,False
21.08_76.02,2,21.08452,76.02378,False
21.08_78.67,2,21.08105,78.67336,False
15.72_78.65,2,15.71677,78.65294,False
17.63_80.23,2,17.63058,80.22659,False
15.72_78.82,2,15.72122,78.82316,False
18.12_79.5,2,18.11588,79.49628,False
21.11_76.35,2,21.10841,76.35483,False
21.13_74.81,2,21.12855,74.81038,False
21.13_80.08,2,21.12504,80.0823,False
21.16_72.67,2,21.16249,72.6673,False
18.35_79.35,2,18.35123,79.34737,False
21.17_75.34,2,21.1738,75.33758,False
21.17_75.88,2,21.17078,75.87703,False
16.23_80.69,2,16.22774,80.69378,False
18.4_77.84,2,18.3954,77.84246,False
20.03_80.61,2,20.03267,80.6059,False
21.1_80.03,2,21.098,80.02934,False
21.22_79.88,2,21.22143,79.87505,False
17.19_80.31,2,17.19186,80.30717,False
21.24_75.21,2,21.24367,75.21101,False
21.24_78.73,2,21.23773,78.72674,False
17.78_79.78,2,17.77909,79.77608,False
18.26_77.9,2,18.26397,77.90183,False
21.24_79.63,2,21.23554,79.63045,False
21.25_78.15,2,21.24722,78.15182,False
17.78_79.92,2,17.776,79.92215,False
18.04_79.72,2,18.04216,79.71977,False
18.04_79.74,2,18.03681,79.73771,False
18.04_79.75,2,18.04066,79.74514,False
21.26_74.63,2,21.25774,74.62663,False
21.26_78.52,2,21.2626,78.51696,False
15.74_78.55,2,15.73568,78.55273,False
21.27_78.32,2,21.27231,78.32059,False
21.27_78.48,2,21.27387,78.48447,False
17.42_80.01,2,17.41708,80.01469,False
21.27_79.22,2,21.27303,79.21702,False
21.28_78.13,2,21.27583,78.12817,False
21.28_78.2,2,21.2762,78.19798,False
18.66_77.81,2,18.65693,77.81499,False
21.29_79.93,2,21.2862,79.92852,False
21.32_76.89,2,21.32304,76.89398,False
21.32_78.16,2,21.31568,78.16039,False
21.32_79.25,2,21.31662,79.24714,False
16.96_79.73,2,16.96477,79.72543,False
21.32_80.44,2,21.32381,80.44259,False
21.33_77.17,2,21.33109,77.16512,False
16.56_78.18,2,16.55835,78.18208,False
21.34_75.77,2,21.33547,75.76823,False
18.26_78.3,2,18.25731,78.30346,False
21.34_79.42,2,21.33711,79.41942,False
21.34_80.44,2,21.34311,80.44386,False
21.34_80.72,2,21.33595,80.72491,False
21.36_75.5,2,21.36197,75.50258,False
21.36_79.37,2,21.3645,79.37492,False
17.92_79.73,2,17.92318,79.72923,False
21.37_75.51,2,21.37273,75.5116,False
21.37_76.84,2,21.37186,76.83901,False
21.37_77.39,2,21.37243,77.38734,False
21.38_72.95,2,21.37802,72.94738,False
21.38_79.59,2,21.377,79.59274,False
21.39_76.82,2,21.38622,76.81532,False
21.39_77.03,2,21.39396,77.02908,False
21.39_79.56,2,21.38609,79.55643,False
21.3_80.62,2,21.29615,80.61674,False
17.1_79.72,2,17.10427,79.72211,False
21.42_77.93,2,21.41691,77.93454,False
21.42_77.94,2,21.41551,77.94267,False
21.42_77.98,2,21.42391,77.98286,False
21.43_72.97,2,21.4322,72.97116,False
18.12_79.69,2,18.12317,79.68715,False
21.43_76.85,2,21.4346,76.84591,False
21.43_77.93,2,21.43472,77.9337,False
21.44_76.85,2,21.43526,76.84605,False
18.1_78.06,2,18.10357,78.05618,False
21.44_79.23,2,21.44403,79.22997,False
21.45_76.86,2,21.44537,76.86237,False
21.45_77.72,2,21.44742,77.72212,False
21.45_78.05,2,21.44694,78.04857,False
21.46_80.49,2,21.45886,80.4875,False
17.42_80.34,2,17.41913,80.33835,False
21.49_77.33,2,21.4947,77.32652,False
21.49_79.41,2,21.48794,79.41284,False
17.92_79.81,2,17.91852,79.81412,False
21.51_77.19,2,21.50726,77.18684,False
21.51_77.37,2,21.51174,77.37442,False
21.51_77.38,2,21.51265,77.37936,False
21.51_80.25,2,21.50737,80.25385,False
21.52_77.18,2,21.51892,77.17707,False
21.55_72.83,2,21.54597,72.83007,False
21.55_77.42,2,21.54649,77.41727,False
21.55_78.97,2,21.54934,78.96576,False
21.56_77.1,2,21.56079,77.09938,False
21.56_77.39,2,21.55983,77.38542,False
16.56_80.67,2,16.56485,80.66846,False
21.56_77.41,2,21.56003,77.40804,False
21.56_78.95,2,21.55737,78.95235,False
21.57_76.67,2,21.57092,76.67117,False
21.57_77.14,2,21.56811,77.14289,False
21.57_77.15,2,21.57169,77.15464,False
21.57_77.39,2,21.57059,77.39233,False
21.58_73.92,2,21.57621,73.92146,False
21.58_74.76,2,21.57988,74.76118,False
21.58_77.15,2,21.57565,77.15378,False
21.59_78.21,2,21.59204,78.21367,False
21.59_79.4,2,21.58819,79.39832,False
21.61_77.07,2,21.60983,77.07267,False
21.61_77.2,2,21.6115,77.19892,False
21.62_77.07,2,21.6216,77.07104,False
21.63_77.17,2,21.62941,77.17099,False
21.63_77.18,2,21.62552,77.17752,False
21.64_77.11,2,21.63838,77.10651,False
21.64_77.14,2,21.64066,77.13775,False
21.64_77.15,2,21.63976,77.15485,False
16.24_80.73,2,16.23857,80.72555,False
21.65_77.22,2,21.64823,77.2233,False
21.65_77.23,2,21.64524,77.22857,False
21.65_77.24,2,21.64885,77.23705,False
21.65_77.35,2,21.6492,77.35142,False
21.65_77.42,2,21.65417,77.4227,False
18.04_79.96,2,18.03576,79.96166,False
21.66_77.06,2,21.65861,77.06098,False
21.66_77.09,2,21.65931,77.08965,False
21.66_77.16,2,21.66049,77.15596,False
17.1_80.22,2,17.09574,80.21868,False
21.67_76.83,2,21.67447,76.82874,False
21.67_77.13,2,21.66834,77.13181,False
17.42_80.43,2,17.42348,80.43044,False
21.67_77.18,2,21.66805,77.18266,False
21.68_77.13,2,21.68135,77.13262,False
21.68_77.14,2,21.68193,77.13801,False
21.68_77.7,2,21.68259,77.7014,False
21.69_78.02,2,21.68631,78.01908,False
21.6_77.35,2,21.59582,77.34767,False
21.6_77.39,2,21.59512,77.38885,False
21.71_77.19,2,21.7144,77.18629,False
21.71_78.24,2,21.70876,78.24329,False
21.72_73.55,2,21.71895,73.55431,False
21.72_77.41,2,21.72211,77.41245,False
21.72_77.42,2,21.72035,77.41564,False
21.72_77.43,2,21.7232,77.42879,False
21.72_78.14,2,21.72124,78.13724,False
21.73_72.73,2,21.72651,72.72503,False
21.73_77.43,2,21.72846,77.42831,False
21.73_78.05,2,21.73352,78.04781,False
21.74_72.71,2,21.74347,72.70752,False
21.76_72.63,2,21.75801,72.62843,False
21.76_72.64,2,21.75546,72.63931,False
21.76_72.78,2,21.75698,72.78123,False
21.77_78.83,2,21.77052,78.8289,False
21.78_77.22,2,21.77549,77.21527,False
17.1_80.27,2,17.095,80.27119,False
16.57_76.51,2,16.56803,76.50507,False
21.79_76.6,2,21.78872,76.60149,False
21.79_77.93,2,21.78523,77.92551,False
16.57_76.52,2,16.56535,76.51546,False
21.7_77.26,2,21.70331,77.26379,False
21.7_79.03,2,21.69711,79.03165,False
21.82_73.03,2,21.82284,73.03091,False
21.83_72.65,2,21.83259,72.65114,False
21.83_72.84,2,21.82938,72.83641,False
21.83_77.39,2,21.82517,77.39001,False
21.83_77.55,2,21.82905,77.55119,False
21.84_72.65,2,21.83653,72.65119,False
21.84_76.11,2,21.84232,76.10876,False
21.85_73.05,2,21.8477,73.05001,False
17.42_80.44,2,17.41782,80.43999,False
21.85_76.12,2,21.84711,76.11713,False
21.86_76.12,2,21.85796,76.11552,False
21.86_77.04,2,21.85998,77.036,False
21.86_77.05,2,21.85814,77.04589,False
21.87_73.78,2,21.87271,73.78344,False
21.87_77.02,2,21.86561,77.02386,False
21.87_77.03,2,21.87295,77.03188,False
21.87_78.46,2,21.86923,78.45541,False
21.87_79.59,2,21.86826,79.58852,False
16.57_76.54,2,16.57075,76.54287,False
21.88_78.31,2,21.8829,78.3091,False
21.88_79.34,2,21.88265,79.33766,False
21.8_73.19,2,21.80091,73.19447,False
21.8_73.2,2,21.79749,73.19501,False
21.91_72.68,2,21.91493,72.67973,False
21.91_74.1,2,21.9104,74.09789,False
21.91_77.14,2,21.91079,77.13777,False
21.91_78.98,2,21.90712,78.98383,False
21.92_72.69,2,21.91755,72.6915,False
21.92_76.59,2,21.91518,76.58795,False
21.92_76.94,2,21.91697,76.93745,False
21.92_79.02,2,21.91739,79.02459,False
21.93_77.23,2,21.92869,77.22536,False
21.93_79.01,2,21.92615,79.00777,False
21.94_73.28,2,21.94264,73.28303,False
21.94_74.33,2,21.94432,74.32967,False
21.94_78.06,2,21.94437,78.05702,False
21.95_73.84,2,21.94845,73.83866,False
21.95_77.02,2,21.9488,77.01904,False
21.95_77.22,2,21.94674,77.21712,False
21.95_77.24,2,21.95008,77.23508,False
21.96_77.17,2,21.96462,77.17123,False
21.96_77.9,2,21.96253,77.90138,False
21.96_79.4,2,21.96164,79.39808,False
21.97_76.31,2,21.97089,76.30521,False
21.97_80.44,2,21.96841,80.44187,False
21.98_77.99,2,21.98009,77.99167,False
21.99_77.99,2,21.99212,77.98951,False
21.99_78.0,2,21.99377,77.99677,False
21.99_78.88,2,21.99297,78.88108,False
21.9_73.79,2,21.89861,73.79308,False
21.9_74.47,2,21.89913,74.46722,False
21.9_77.14,2,21.9026,77.135,False
21.9_77.22,2,21.90257,77.22213,False
21.9_80.0,2,21.90349,79.99937,False
22.01_78.0,2,22.00708,78.00227,False
22.01_78.03,2,22.00655,78.03127,False
22.01_78.75,2,22.01076,78.74956,False
15.77_78.46,2,15.7673,78.45596,False
22.02_77.1,2,22.01647,77.09757,False
22.03_76.0,2,22.02977,76.0046,False
22.04_80.11,2,22.035,80.11375,False
22.05_74.27,2,22.05469,74.2654,False
17.92_79.86,2,17.91775,79.85609,False
22.06_76.98,2,22.0585,76.98154,False
16.57_76.56,2,16.56661,76.55719,False
17.64_79.77,2,17.64005,79.76764,False
22.06_78.51,2,22.06192,78.51466,False
22.06_79.51,2,22.06162,79.50515,False
22.07_76.96,2,22.07052,76.96471,False
22.07_78.22,2,22.07259,78.21574,False
22.07_79.5,2,22.06683,79.50197,False
22.07_79.51,2,22.07159,79.50938,False
22.08_74.49,2,22.07704,74.4866,False
22.08_78.84,2,22.07514,78.84047,False
22.09_73.18,2,22.09067,73.17704,False
22.09_76.87,2,22.08587,76.87161,False
17.64_79.78,2,17.64454,79.77679,False
22.09_76.96,2,22.08819,76.95889,False
22.09_78.21,2,22.09155,78.20876,False
22.0_73.13,2,21.99951,73.13047,False
22.0_76.19,2,22.00299,76.18974,False
22.0_76.75,2,21.99576,76.74751,False
22.0_76.76,2,21.99688,76.75573,False
22.0_76.77,2,21.99509,76.76862,False
22.0_77.21,2,22.00168,77.2139,False
16.57_77.07,2,16.56766,77.07343,False
22.1_76.9,2,22.0957,76.89685,False
16.16_80.71,1,16.15737,80.70779,False
16.16_80.72,1,16.1599,80.72243,False
16.16_80.77,1,16.15524,80.77013,False
16.16_80.79,1,16.15776,80.78663,False
16.17_73.59,1,16.16618,73.59251,False
16.17_73.78,1,16.16658,73.7829,False
16.17_74.85,1,16.16811,74.85258,False
16.17_74.86,1,16.17332,74.85886,False
16.17_76.39,1,16.17114,76.38583,False
16.17_76.95,1,16.17403,76.94775,False
16.17_78.04,1,16.17398,78.03764,False
16.17_78.79,1,16.17223,78.78887,False
16.17_79.86,1,16.1741,79.85986,False
16.17_79.91,1,16.17087,79.90784,False
16.17_79.95,1,16.16675,79.94894,False
16.17_80.03,1,16.17185,80.03306,False
16.17_80.04,1,16.1729,80.03562,False
16.17_80.12,1,16.16739,80.12117,False
16.17_80.39,1,16.17209,80.38644,False
16.17_80.51,1,16.16961,80.51424,False
16.17_80.55,1,16.17384,80.55068,False
16.17_80.59,1,16.16759,80.59129,False
16.17_80.63,1,16.16592,80.63182,False
16.17_80.67,1,16.1702,80.66714,False
16.17_80.68,1,16.1705,80.68376,False
16.17_80.69,1,16.173,80.69373,False
16.17_80.7,1,16.17253,80.69507,False
16.17_80.74,1,16.16533,80.74262,False
16.17_80.75,1,16.16792,80.75362,False
16.17_80.76,1,16.16809,80.76166,False
16.17_80.77,1,16.17381,80.77155,False
16.17_80.78,1,16.1703,80.7769,False
16.17_80.79,1,16.17368,80.78713,False
16.17_80.8,1,16.16541,80.79999,False
16.17_80.85,1,16.1686,80.85019,False
16.18_73.48,1,16.18437,73.47593,False
16.18_73.53,1,16.17776,73.52832,False
16.18_75.15,1,16.18071,75.15405,False
16.18_75.69,1,16.17809,75.68591,False
16.18_77.94,1,16.18192,77.94307,False
16.18_77.95,1,16.17695,77.95104,False
16.18_78.04,1,16.17504,78.0406,False
16.18_78.78,1,16.17511,78.78394,False
16.18_78.81,1,16.17932,78.81398,False
16.18_79.22,1,16.17509,79.22315,False
16.18_79.73,1,16.18262,79.7271,False
16.18_79.79,1,16.18296,79.79111,False
16.18_79.83,1,16.17881,79.82899,False
16.18_79.85,1,16.18094,79.84537,False
16.18_79.9,1,16.1834,79.8976,False
16.18_79.91,1,16.18037,79.90665,False
16.18_80.0,1,16.18342,80.0019,False
16.18_80.22,1,16.17972,80.21681,False
16.18_80.38,1,16.18259,80.3849,False
16.18_80.53,1,16.18449,80.53118,False
16.18_80.58,1,16.18291,80.58223,False
16.18_80.61,1,16.18142,80.60999,False
16.18_80.62,1,16.1775,80.61689,False
16.18_80.64,1,16.1776,80.63702,False
16.18_80.75,1,16.17612,80.74658,False
16.18_80.77,1,16.17886,80.76798,False
16.18_80.78,1,16.17713,80.77585,False
16.18_80.82,1,16.17883,80.8169,False
16.18_80.85,1,16.17698,80.84708,False
16.18_80.86,1,16.18139,80.86382,False
16.18_80.87,1,16.18213,80.86787,False
16.19_73.48,1,16.18516,73.48056,False
16.19_74.1,1,16.18905,74.09647,False
16.19_76.37,1,16.18624,76.37254,False
16.19_77.05,1,16.18789,77.05116,False
16.19_77.92,1,16.19222,77.91583,False
16.19_78.91,1,16.18728,78.91104,False
16.19_78.92,1,16.18613,78.91606,False
16.19_79.22,1,16.18703,79.21886,False
16.19_79.85,1,16.19306,79.84575,False
16.19_79.87,1,16.18682,79.87312,False
16.19_79.88,1,16.19439,79.87612,False
16.19_79.9,1,16.18686,79.897,False
16.19_79.91,1,16.19473,79.91371,False
16.19_80.07,1,16.18503,80.07121,False
16.19_80.4,1,16.18516,80.40188,False
16.19_80.58,1,16.18887,80.58452,False
16.19_80.6,1,16.18547,80.59999,False
16.19_80.62,1,16.18691,80.61562,False
16.19_80.65,1,16.19224,80.652,False
16.19_80.71,1,16.19276,80.71117,False
16.19_80.72,1,16.19431,80.71796,False
16.19_80.73,1,16.19093,80.72701,False
16.19_80.75,1,16.18745,80.75089,False
16.19_80.76,1,16.18752,80.7599,False
16.19_80.77,1,16.18623,80.76601,False
16.1_73.7,1,16.10483,73.70279,False
16.1_73.71,1,16.10391,73.7141,False
16.1_73.72,1,16.10332,73.715,False
16.1_76.81,1,16.10349,76.81479,False
16.1_77.53,1,16.10279,77.53391,False
16.1_77.9,1,16.10081,77.89801,False
16.1_79.15,1,16.10216,79.14796,False
16.1_79.16,1,16.10324,79.15556,False
16.1_79.76,1,16.10435,79.76323,False
16.1_79.85,1,16.09873,79.85159,False
16.1_79.89,1,16.09974,79.88679,False
16.1_80.32,1,16.09662,80.31958,False
16.1_80.51,1,16.09714,80.51091,False
16.1_80.79,1,16.09566,80.79231,False
16.1_80.8,1,16.10019,80.79941,False
16.1_80.82,1,16.09559,80.82141,False
16.21_75.14,1,16.21356,75.14452,False
16.21_75.21,1,16.20556,75.20766,False
16.21_76.93,1,16.20827,76.93034,False
16.21_77.37,1,16.20807,77.36858,False
16.21_77.92,1,16.20769,77.92188,False
16.21_78.8,1,16.20528,78.80412,False
16.21_78.81,1,16.20803,78.80827,False
16.21_78.92,1,16.20841,78.91566,False
16.21_79.88,1,16.20975,79.88441,False
16.21_80.45,1,16.21227,80.44949,False
16.21_80.55,1,16.21038,80.54961,False
16.21_80.57,1,16.20808,80.5687,False
16.21_80.59,1,16.21301,80.58593,False
16.21_80.61,1,16.21128,80.6124,False
16.21_80.67,1,16.20521,80.66586,False
16.21_80.68,1,16.2145,80.68491,False
16.21_80.7,1,16.21445,80.69793,False
16.21_80.71,1,16.20916,80.70901,False
16.21_80.73,1,16.21206,80.72726,False
16.21_80.76,1,16.20888,80.75651,False
16.21_80.79,1,16.21056,80.7855,False
16.21_80.85,1,16.21466,80.8486,False
16.22_73.56,1,16.21538,73.55919,False
16.22_73.64,1,16.22185,73.64282,False
16.22_77.01,1,16.22082,77.00816,False
16.22_77.34,1,16.21832,77.33569,False
16.22_77.9,1,16.21784,77.90147,False
16.22_78.47,1,16.22092,78.47334,False
16.22_78.79,1,16.21746,78.79147,False
16.22_78.8,1,16.21521,78.80025,False
16.22_79.87,1,16.21583,79.8715,False
16.22_79.89,1,16.21827,79.8931,False
16.22_79.92,1,16.21993,79.92323,False
16.22_79.96,1,16.22105,79.95992,False
16.22_80.02,1,16.21936,80.01892,False
16.22_80.06,1,16.22181,80.06229,False
16.22_80.07,1,16.22203,80.06573,False
16.22_80.11,1,16.21916,80.11353,False
16.22_80.36,1,16.22416,80.35689,False
16.22_80.39,1,16.22222,80.3873,False
16.22_80.42,1,16.22176,80.42317,False
16.22_80.57,1,16.21761,80.56673,False
16.22_80.69,1,16.21698,80.69157,False
16.22_80.71,1,16.21581,80.71198,False
16.22_80.73,1,16.21503,80.73215,False
16.22_80.74,1,16.21671,80.73826,False
16.22_80.75,1,16.22231,80.75297,False
16.22_80.77,1,16.21712,80.76548,False
16.22_80.78,1,16.21575,80.77505,False
16.22_80.85,1,16.22404,80.85284,False
16.22_80.86,1,16.21607,80.86025,False
16.23_74.03,1,16.22936,74.03092,False
16.23_74.04,1,16.23423,74.0354,False
16.23_74.84,1,16.2261,74.84271,False
16.23_77.43,1,16.22956,77.4281,False
16.23_78.04,1,16.2337,78.0448,False
16.23_79.85,1,16.2252,79.8528,False
16.23_79.89,1,16.23368,79.89204,False
16.23_79.94,1,16.22794,79.93553,False
16.23_79.95,1,16.22745,79.95239,False
16.23_79.96,1,16.23377,79.96465,False
16.23_79.97,1,16.23332,79.97363,False
16.23_79.99,1,16.23344,79.9865,False
16.23_80.02,1,16.23207,80.01543,False
16.23_80.43,1,16.22756,80.4342,False
16.23_80.44,1,16.2278,80.43593,False
16.23_80.54,1,16.23145,80.54295,False
16.23_80.58,1,16.22546,80.58184,False
16.23_80.62,1,16.23094,80.61969,False
16.23_80.67,1,16.22907,80.67487,False
16.23_80.71,1,16.22652,80.7095,False
16.23_80.72,1,16.22761,80.71711,False
16.23_80.74,1,16.22519,80.7384,False
16.23_80.75,1,16.22652,80.74505,False
16.23_80.76,1,16.22736,80.76389,False
16.23_80.77,1,16.22791,80.76771,False
16.23_80.78,1,16.23432,80.78329,False
16.23_80.79,1,16.22703,80.79128,False
16.23_80.9,1,16.2323,80.89636,False
16.24_73.98,1,16.24294,73.97529,False
16.24_74.03,1,16.23814,74.03455,False
16.24_76.59,1,16.23852,76.58847,False
16.24_76.96,1,16.24244,76.9591,False
16.24_77.66,1,16.23532,77.66496,False
16.24_78.53,1,16.241,78.53266,False
16.24_79.33,1,16.24235,79.3313,False
16.24_79.87,1,16.24155,79.87096,False
16.24_79.91,1,16.23868,79.91066,False
16.24_79.98,1,16.24026,79.97929,False
16.24_80.07,1,16.24081,80.07276,False
16.24_80.14,1,16.23746,80.14246,False
16.24_80.16,1,16.23636,80.15736,False
16.24_80.18,1,16.24367,80.17921,False
16.24_80.44,1,16.23583,80.43745,False
16.24_80.69,1,16.24118,80.6851,False
16.24_80.76,1,16.23672,80.76394,False
16.24_80.78,1,16.2371,80.77901,False
16.24_80.9,1,16.24313,80.89863,False
16.25_73.46,1,16.24781,73.46101,False
16.25_74.1,1,16.25252,74.09738,False
16.25_75.27,1,16.25167,75.27094,False
16.25_76.21,1,16.24886,76.20823,False
16.25_77.14,1,16.25197,77.14101,False
16.25_77.52,1,16.25014,77.51814,False
16.25_79.32,1,16.25063,79.31976,False
16.25_79.59,1,16.24618,79.58511,False
16.25_79.99,1,16.24643,79.9939,False
16.25_80.18,1,16.24766,80.17847,False
16.25_80.25,1,16.25437,80.25485,False
16.25_80.42,1,16.24961,80.41976,False
16.25_80.43,1,16.25181,80.43407,False
16.25_80.6,1,16.25397,80.60133,False
16.25_80.66,1,16.25441,80.66149,False
16.25_80.69,1,16.24711,80.68734,False
16.25_80.7,1,16.24564,80.70016,False
16.25_80.73,1,16.24971,80.72537,False
16.25_80.75,1,16.24674,80.7531,False
16.25_80.77,1,16.24607,80.77271,False
16.25_80.81,1,16.25499,80.81042,False
16.25_80.86,1,16.25494,80.85602,False
16.26_73.42,1,16.2574,73.41789,False
16.26_73.94,1,16.26057,73.94493,False
16.26_75.94,1,16.26177,75.93822,False
16.26_77.1,1,16.25739,77.0994,False
16.26_77.12,1,16.25739,77.12399,False
16.26_77.14,1,16.26106,77.1417,False
16.26_78.01,1,16.25583,78.01183,False
16.26_78.44,1,16.2575,78.43864,False
16.26_79.26,1,16.25858,79.25664,False
16.26_79.87,1,16.26126,79.86603,False
16.26_79.96,1,16.2567,79.96194,False
16.26_80.08,1,16.26244,80.07573,False
16.26_80.13,1,16.26284,80.12655,False
16.26_80.31,1,16.25674,80.31443,False
16.26_80.5,1,16.25892,80.50264,False
16.26_80.51,1,16.25616,80.50676,False
16.26_80.59,1,16.2627,80.59206,False
16.26_80.6,1,16.25522,80.59824,False
16.26_80.7,1,16.26303,80.70084,False
16.26_80.75,1,16.26435,80.75428,False
16.26_80.76,1,16.25865,80.76458,False
16.26_80.77,1,16.26399,80.77251,False
16.26_80.89,1,16.26381,80.888,False
16.27_77.05,1,16.2733,77.05252,False
16.27_77.06,1,16.26532,77.05938,False
16.27_77.08,1,16.26612,77.07654,False
16.27_77.14,1,16.26532,77.14182,False
16.27_77.78,1,16.26847,77.7813,False
16.27_77.8,1,16.26687,77.7962,False
16.27_78.14,1,16.26685,78.14008,False
16.27_78.3,1,16.27065,78.29818,False
16.27_78.4,1,16.27423,78.39685,False
16.27_79.92,1,16.26885,79.92387,False
16.27_79.99,1,16.27473,79.98831,False
16.27_80.04,1,16.27032,80.03812,False
16.27_80.15,1,16.26656,80.14522,False
16.27_80.19,1,16.27461,80.19073,False
16.27_80.46,1,16.27077,80.45949,False
16.27_80.6,1,16.26928,80.60375,False
16.27_80.65,1,16.26956,80.65389,False
16.27_80.67,1,16.27346,80.66657,False
16.27_80.72,1,16.2657,80.72322,False
16.27_80.74,1,16.26555,80.7385,False
16.27_80.76,1,16.26696,80.75893,False
16.27_80.83,1,16.2691,80.83167,False
16.27_80.88,1,16.26691,80.88078,False
16.28_77.14,1,16.28455,77.13762,False
16.28_77.53,1,16.27685,77.53001,False
16.28_77.78,1,16.27835,77.78168,False
16.28_77.86,1,16.28214,77.86385,False
16.28_77.94,1,16.28229,77.94062,False
16.28_78.05,1,16.28481,78.05121,False
16.28_78.07,1,16.27621,78.07316,False
16.28_78.37,1,16.27981,78.37258,False
16.28_78.67,1,16.2788,78.67077,False
16.28_79.89,1,16.27971,79.88742,False
16.28_80.03,1,16.28103,80.03441,False
16.28_80.04,1,16.28324,80.03574,False
16.28_80.09,1,16.27708,80.08815,False
16.28_80.19,1,16.28438,80.19044,False
16.28_80.28,1,16.27901,80.27607,False
16.28_80.32,1,16.27654,80.32413,False
16.28_80.36,1,16.28277,80.36402,False
16.28_80.37,1,16.28118,80.36562,False
16.28_80.52,1,16.27542,80.52028,False
16.28_80.53,1,16.27779,80.53132,False
16.28_80.61,1,16.27991,80.61224,False
16.28_80.62,1,16.28032,80.61581,False
16.28_80.63,1,16.27791,80.63176,False
16.28_80.66,1,16.2804,80.6648,False
16.28_80.67,1,16.27689,80.66984,False
16.28_80.72,1,16.27571,80.72134,False
16.28_80.73,1,16.2751,80.72655,False
16.28_80.74,1,16.27962,80.73956,False
16.28_80.82,1,16.27801,80.81801,False
16.28_80.84,1,16.2845,80.83567,False
16.29_74.01,1,16.29261,74.00542,False
16.29_76.63,1,16.29057,76.62695,False
16.29_76.84,1,16.28649,76.84303,False
16.29_77.08,1,16.29384,77.08269,False
16.29_78.4,1,16.28558,78.39712,False
16.29_79.91,1,16.28905,79.91115,False
16.29_80.06,1,16.28999,80.06371,False
16.29_80.08,1,16.29259,80.07729,False
16.29_80.13,1,16.29217,80.13458,False
16.29_80.14,1,16.29463,80.13988,False
16.29_80.16,1,16.2944,80.15746,False
16.29_80.19,1,16.28502,80.19401,False
16.29_80.26,1,16.2871,80.26228,False
16.29_80.29,1,16.29037,80.28944,False
16.29_80.57,1,16.28718,80.57242,False
16.29_80.58,1,16.28705,80.58423,False
16.29_80.61,1,16.28897,80.6102,False
16.29_80.63,1,16.29103,80.63036,False
16.29_80.66,1,16.28611,80.65594,False
16.29_80.7,1,16.29296,80.69761,False
16.29_80.71,1,16.29389,80.7098,False
16.29_80.74,1,16.29439,80.73543,False
16.29_80.8,1,16.28953,80.80199,False
16.29_80.81,1,16.29104,80.80863,False
16.29_80.82,1,16.29151,80.82072,False
16.2_74.03,1,16.20083,74.03014,False
16.2_75.3,1,16.20481,75.29513,False
16.2_75.59,1,16.20221,75.58946,False
16.2_76.4,1,16.19618,76.39626,False
16.2_76.44,1,16.19668,76.44221,False
16.2_77.0,1,16.19731,76.99535,False
16.2_78.02,1,16.20013,78.02193,False
16.2_78.24,1,16.19614,78.24176,False
16.2_78.36,1,16.19788,78.35836,False
16.2_78.56,1,16.19988,78.5622,False
16.2_79.14,1,16.19726,79.14427,False
16.2_79.54,1,16.20131,79.54366,False
16.2_80.0,1,16.19557,80.00311,False
16.2_80.11,1,16.20283,80.11248,False
16.2_80.28,1,16.19636,80.28066,False
16.2_80.43,1,16.20288,80.42846,False
16.2_80.44,1,16.20168,80.43562,False
16.2_80.49,1,16.20376,80.48609,False
16.2_80.5,1,16.1975,80.49869,False
16.2_80.54,1,16.20251,80.54314,False
16.2_80.55,1,16.19752,80.54845,False
16.2_80.65,1,16.20382,80.64927,False
16.2_80.67,1,16.19996,80.66698,False
16.2_80.68,1,16.20199,80.67707,False
16.2_80.71,1,16.19673,80.70853,False
16.2_80.74,1,16.20362,80.73948,False
16.2_80.76,1,16.19934,80.7588,False
16.31_73.65,1,16.31321,73.6486,False
16.31_73.69,1,16.30934,73.68724,False
16.31_73.7,1,16.30623,73.70209,False
16.31_75.33,1,16.31151,75.33111,False
16.31_76.17,1,16.30836,76.16904,False
16.31_76.84,1,16.3096,76.83554,False
16.31_77.03,1,16.30595,77.03158,False
16.31_77.07,1,16.31464,77.07439,False
16.31_77.12,1,16.3141,77.11999,False
16.31_77.13,1,16.30592,77.12585,False
16.31_77.18,1,16.30667,77.17821,False
16.31_77.89,1,16.30758,77.88959,False
16.31_77.92,1,16.30643,77.91859,False
16.31_78.15,1,16.31041,78.15215,False
16.31_78.86,1,16.3074,78.86179,False
16.31_79.9,1,16.31081,79.90049,False
16.31_79.93,1,16.31245,79.93055,False
16.31_80.13,1,16.30757,80.13235,False
16.31_80.38,1,16.31397,80.38172,False
16.31_80.47,1,16.31352,80.46967,False
16.31_80.5,1,16.30864,80.50338,False
16.31_80.64,1,16.3121,80.64333,False
16.31_80.66,1,16.311,80.6564,False
16.31_80.67,1,16.30612,80.67343,False
16.31_80.7,1,16.30718,80.69762,False
16.31_80.73,1,16.30709,80.72968,False
16.31_80.8,1,16.30959,80.80102,False
16.32_74.0,1,16.31854,73.99753,False
16.32_76.48,1,16.31533,76.48437,False
16.32_76.5,1,16.32151,76.49505,False
16.32_77.01,1,16.32348,77.0065,False
16.32_77.35,1,16.31847,77.35479,False
16.32_77.54,1,16.3166,77.54414,False
16.32_77.77,1,16.32122,77.77432,False
16.32_77.83,1,16.31914,77.83023,False
16.32_77.91,1,16.3189,77.90644,False
16.32_78.18,1,16.3162,78.17931,False
16.32_78.27,1,16.32163,78.26935,False
16.32_80.08,1,16.32069,80.0835,False
16.32_80.18,1,16.32448,80.17911,False
16.32_80.26,1,16.32122,80.26053,False
16.32_80.38,1,16.31676,80.38323,False
16.32_80.47,1,16.31856,80.47119,False
16.32_80.49,1,16.32119,80.49255,False
16.32_80.5,1,16.32158,80.4961,False
16.32_80.64,1,16.31537,80.6394,False
16.32_80.66,1,16.32436,80.66399,False
16.32_80.67,1,16.32211,80.67215,False
16.32_80.69,1,16.31694,80.68545,False
16.32_80.7,1,16.31852,80.7,False
16.32_80.74,1,16.32208,80.73692,False
16.33_73.72,1,16.32909,73.72102,False
16.33_75.94,1,16.33175,75.9419,False
16.33_76.84,1,16.32752,76.84145,False
16.33_77.0,1,16.32637,77.00145,False
16.33_77.01,1,16.32713,77.00584,False
16.33_77.56,1,16.33361,77.55674,False
16.33_77.88,1,16.33431,77.88374,False
16.33_78.15,1,16.32902,78.148,False
16.33_80.12,1,16.32991,80.12213,False
16.33_80.14,1,16.32877,80.14448,False
16.33_80.15,1,16.3333,80.14819,False
16.33_80.47,1,16.32694,80.47253,False
16.33_80.48,1,16.32983,80.4797,False
16.33_80.49,1,16.3266,80.49191,False
16.33_80.62,1,16.33487,80.6181,False
16.33_80.65,1,16.32831,80.64971,False
16.34_74.35,1,16.33695,74.34554,False
16.34_75.91,1,16.337,75.90607,False
16.34_77.45,1,16.33684,77.44544,False
16.34_77.85,1,16.33817,77.85184,False
16.34_77.94,1,16.34431,77.93877,False
16.34_78.9,1,16.34477,78.90213,False
16.34_79.55,1,16.33553,79.55161,False
16.34_79.73,1,16.33576,79.7282,False
16.34_79.85,1,16.34241,79.84708,False
16.34_80.13,1,16.33837,80.12796,False
16.34_80.33,1,16.34162,80.33379,False
16.34_80.61,1,16.33668,80.60815,False
16.34_80.62,1,16.33526,80.62173,False
16.34_80.67,1,16.34266,80.66818,False
16.34_80.68,1,16.33884,80.68187,False
16.34_80.69,1,16.33808,80.6879,False
16.34_80.7,1,16.34042,80.69753,False
16.35_74.05,1,16.34752,74.049,False
16.35_74.49,1,16.35175,74.48717,False
16.35_76.01,1,16.35442,76.01029,False
16.35_76.04,1,16.34747,76.04364,False
16.35_76.5,1,16.35058,76.50415,False
16.35_76.51,1,16.35141,76.50719,False
16.35_77.37,1,16.35129,77.37399,False
16.35_77.39,1,16.35352,77.3921,False
16.35_78.3,1,16.35328,78.29777,False
16.35_78.44,1,16.34823,78.444,False
16.35_78.65,1,16.35029,78.65375,False
16.35_79.3,1,16.34531,79.30121,False
16.35_79.42,1,16.35304,79.41585,False
16.35_79.7,1,16.35305,79.69641,False
16.35_80.04,1,16.35313,80.04316,False
16.35_80.05,1,16.34638,80.05198,False
16.35_80.09,1,16.34612,80.08907,False
16.35_80.63,1,16.35329,80.63009,False
16.35_80.65,1,16.35226,80.64529,False
16.35_80.68,1,16.34976,80.68172,False
16.35_80.71,1,16.34572,80.70726,False
16.35_80.73,1,16.35305,80.7345,False
16.35_80.74,1,16.35345,80.73818,False
16.36_73.81,1,16.364,73.80775,False
16.36_75.9,1,16.35899,75.89563,False
16.36_76.53,1,16.36114,76.52685,False
16.36_76.59,1,16.36372,76.59109,False
16.36_77.33,1,16.36496,77.32807,False
16.36_77.48,1,16.35565,77.48256,False
16.36_77.49,1,16.357,77.49155,False
16.36_77.9,1,16.35509,77.89553,False
16.36_78.3,1,16.3582,78.3045,False
16.36_79.5,1,16.36099,79.5036,False
16.36_79.92,1,16.36095,79.92258,False
16.36_80.04,1,16.36138,80.04408,False
16.36_80.1,1,16.36202,80.09945,False
16.36_80.11,1,16.36062,80.1092,False
16.36_80.12,1,16.36467,80.11923,False
16.36_80.62,1,16.35956,80.62139,False
16.36_80.66,1,16.35642,80.65697,False
16.36_80.68,1,16.36182,80.67847,False
16.36_80.69,1,16.36124,80.68688,False
16.36_80.7,1,16.35725,80.69931,False
16.36_80.71,1,16.35875,80.71111,False
16.36_80.79,1,16.36151,80.78805,False
16.37_76.58,1,16.37238,76.58279,False
16.37_76.6,1,16.37395,76.59873,False
16.37_76.81,1,16.36581,76.80745,False
16.37_77.17,1,16.36598,77.16592,False
16.37_77.39,1,16.3681,77.39439,False
16.37_77.45,1,16.36776,77.45395,False
16.37_77.48,1,16.37098,77.4817,False
16.37_77.84,1,16.3701,77.84409,False
16.37_77.86,1,16.36658,77.86186,False
16.37_78.04,1,16.37482,78.0358,False
16.37_78.33,1,16.3733,78.32629,False
16.37_78.43,1,16.36636,78.43482,False
16.37_78.45,1,16.36879,78.4548,False
16.37_79.57,1,16.37303,79.5665,False
16.37_80.03,1,16.37367,80.02607,False
16.37_80.1,1,16.36586,80.09892,False
16.37_80.48,1,16.36701,80.47797,False
16.37_80.63,1,16.37461,80.63383,False
16.37_80.64,1,16.36584,80.6446,False
16.37_80.66,1,16.36543,80.66132,False
16.37_80.7,1,16.37412,80.69652,False
16.37_80.73,1,16.37429,80.73361,False
16.37_80.74,1,16.37043,80.73731,False
16.38_73.59,1,16.37764,73.59425,False
16.38_75.63,1,16.37713,75.62823,False
16.38_76.48,1,16.37896,76.48308,False
16.38_76.5,1,16.37824,76.50165,False
16.38_76.58,1,16.37735,76.58095,False
16.38_76.64,1,16.38187,76.63719,False
16.38_76.68,1,16.38196,76.67685,False
16.38_76.99,1,16.38203,76.99111,False
16.38_77.07,1,16.38486,77.07265,False
16.38_77.27,1,16.3791,77.27201,False
16.38_77.41,1,16.38229,77.40847,False
16.38_77.45,1,16.3781,77.44611,False
16.38_77.57,1,16.37932,77.56646,False
16.38_77.65,1,16.37695,77.64633,False
16.38_77.75,1,16.37574,77.74622,False
16.38_77.83,1,16.38193,77.83293,False
16.38_78.43,1,16.38384,78.42655,False
16.38_78.83,1,16.37691,78.83487,False
16.38_78.94,1,16.37944,78.93974,False
16.38_79.91,1,16.37635,79.91156,False
16.38_79.92,1,16.37685,79.91559,False
16.38_79.97,1,16.38258,79.96851,False
16.38_80.08,1,16.37717,80.07839,False
16.38_80.16,1,16.38207,80.16084,False
16.38_80.17,1,16.37733,80.17344,False
16.38_80.65,1,16.37901,80.64877,False
16.38_80.66,1,16.37685,80.66197,False
16.38_80.67,1,16.37781,80.67051,False
16.38_80.69,1,16.38264,80.68842,False
16.38_80.7,1,16.37855,80.69593,False
16.38_80.77,1,16.38405,80.7681,False
16.39_74.61,1,16.38619,74.60639,False
16.39_75.55,1,16.39137,75.5489,False
16.39_76.5,1,16.39478,76.49996,False
16.39_76.8,1,16.39205,76.80013,False
16.39_77.0,1,16.39111,76.99789,False
16.39_77.02,1,16.39178,77.02357,False
16.39_77.07,1,16.38684,77.07244,False
16.39_77.25,1,16.39032,77.24683,False
16.39_77.32,1,16.38975,77.32461,False
16.39_77.46,1,16.39404,77.46484,False
16.39_77.47,1,16.39459,77.46864,False
16.39_77.48,1,16.39478,77.47919,False
16.39_77.64,1,16.39342,77.64426,False
16.39_77.74,1,16.38505,77.74438,False
16.39_78.26,1,16.39173,78.25591,False
16.39_78.37,1,16.39393,78.37347,False
16.39_78.44,1,16.39045,78.43636,False
16.39_78.47,1,16.38982,78.4731,False
16.39_79.57,1,16.38874,79.57265,False
16.39_79.88,1,16.38558,79.88361,False
16.39_79.99,1,16.39365,79.99384,False
16.39_80.0,1,16.39421,79.99744,False
16.39_80.01,1,16.38526,80.01125,False
16.39_80.03,1,16.39277,80.03122,False
16.39_80.07,1,16.38945,80.07059,False
16.39_80.09,1,16.38657,80.08817,False
16.39_80.12,1,16.38679,80.11835,False
16.39_80.62,1,16.39037,80.61887,False
16.39_80.63,1,16.38923,80.63326,False
16.39_80.68,1,16.38969,80.68034,False
16.39_80.69,1,16.38504,80.69449,False
16.39_80.76,1,16.38713,80.75876,False
16.39_80.78,1,16.39065,80.77515,False
16.39_80.83,1,16.39446,80.83326,False
16.3_73.69,1,16.29965,73.68834,False
16.3_77.08,1,16.29969,77.07893,False
16.3_78.28,1,16.29503,78.28422,False
16.3_78.29,1,16.29561,78.28825,False
16.3_78.82,1,16.30119,78.81597,False
16.3_79.91,1,16.30251,79.90664,False
16.3_80.03,1,16.30093,80.03004,False
16.3_80.04,1,16.29982,80.0429,False
16.3_80.05,1,16.29928,80.04704,False
16.3_80.06,1,16.29605,80.0593,False
16.3_80.13,1,16.29601,80.13402,False
16.3_80.14,1,16.29509,80.13742,False
16.3_80.15,1,16.30482,80.15118,False
16.3_80.25,1,16.29611,80.24998,False
16.3_80.35,1,16.29883,80.34598,False
16.3_80.51,1,16.30217,80.5061,False
16.3_80.52,1,16.29925,80.52134,False
16.3_80.63,1,16.29666,80.63345,False
16.3_80.64,1,16.29736,80.63583,False
16.3_80.73,1,16.30433,80.7338,False
16.3_80.81,1,16.29806,80.80826,False
16.3_80.84,1,16.29823,80.83526,False
16.41_73.65,1,16.41384,73.65,False
16.41_76.53,1,16.41123,76.53295,False
16.41_76.58,1,16.41211,76.57703,False
16.41_76.78,1,16.41303,76.78252,False
16.41_77.1,1,16.40736,77.10452,False
16.41_77.34,1,16.41438,77.3419,False
16.41_77.39,1,16.40736,77.38519,False
16.41_77.44,1,16.40527,77.43682,False
16.41_78.26,1,16.40943,78.25584,False
16.41_78.28,1,16.41301,78.27897,False
16.41_78.29,1,16.4101,78.29478,False
16.41_78.36,1,16.4095,78.36475,False
16.41_78.37,1,16.40718,78.36857,False
16.41_78.4,1,16.41145,78.40128,False
16.41_78.51,1,16.40695,78.51096,False
16.41_79.46,1,16.40505,79.46158,False
16.41_79.63,1,16.41294,79.62799,False
16.41_79.82,1,16.41241,79.82095,False
16.41_79.97,1,16.40886,79.97047,False
16.41_80.1,1,16.4096,80.09766,False
16.41_80.11,1,16.40842,80.10603,False
16.41_80.14,1,16.40685,80.13595,False
16.41_80.42,1,16.41439,80.42331,False
16.41_80.68,1,16.411,80.68111,False
16.41_80.72,1,16.4112,80.72324,False
16.41_80.74,1,16.41337,80.73759,False
16.41_80.76,1,16.40985,80.75645,False
16.42_73.45,1,16.42378,73.45068,False
16.42_73.65,1,16.42364,73.65191,False
16.42_73.66,1,16.42257,73.65543,False
16.42_73.76,1,16.42223,73.75977,False
16.42_75.64,1,16.41552,75.63631,False
16.42_76.51,1,16.4182,76.50958,False
16.42_76.52,1,16.41844,76.52411,False
16.42_76.66,1,16.42307,76.65829,False
16.42_76.69,1,16.41519,76.69048,False
16.42_76.77,1,16.42108,76.77026,False
16.42_77.94,1,16.4191,77.94054,False
16.42_78.38,1,16.42091,78.38094,False
16.42_78.45,1,16.41617,78.44826,False
16.42_78.53,1,16.41846,78.52597,False
16.42_79.82,1,16.41579,79.81647,False
16.42_79.84,1,16.41504,79.83518,False
16.42_79.94,1,16.42303,79.94231,False
16.42_79.95,1,16.42352,79.94623,False
16.42_80.51,1,16.42253,80.51,False
16.42_80.6,1,16.41803,80.5981,False
16.42_80.61,1,16.42208,80.60722,False
16.42_80.67,1,16.41643,80.67126,False
16.43_75.34,1,16.4272,75.33833,False
16.43_76.45,1,16.43062,76.45347,False
16.43_76.46,1,16.42884,76.46286,False
16.43_76.47,1,16.42781,76.46819,False
16.43_76.48,1,16.42896,76.47795,False
16.43_76.5,1,16.42527,76.49878,False
16.43_76.75,1,16.43085,76.75155,False
16.43_77.26,1,16.43101,77.26226,False
16.43_77.27,1,16.43156,77.26584,False
16.43_77.29,1,16.4332,77.28778,False
16.43_77.4,1,16.42575,77.40359,False
16.43_77.76,1,16.42739,77.75817,False
16.43_77.86,1,16.43411,77.86137,False
16.43_77.87,1,16.43472,77.86594,False
16.43_78.3,1,16.42589,78.30302,False
16.43_78.52,1,16.43166,78.51797,False
16.43_79.35,1,16.43062,79.35395,False
16.43_79.42,1,16.43244,79.42379,False
16.43_80.04,1,16.43476,80.03511,False
16.43_80.05,1,16.43294,80.05113,False
16.43_80.07,1,16.42866,80.06939,False
16.43_80.09,1,16.42901,80.08739,False
16.43_80.71,1,16.42909,80.71369,False
16.43_80.75,1,16.43493,80.75285,False
16.44_76.26,1,16.44098,76.25806,False
16.44_76.49,1,16.4382,76.4913,False
16.44_76.72,1,16.44043,76.71645,False
16.44_76.74,1,16.44488,76.74445,False
16.44_77.17,1,16.44136,77.17467,False
16.44_77.2,1,16.43704,77.20158,False
16.44_77.4,1,16.43506,77.39869,False
16.44_78.15,1,16.4369,78.15432,False
16.44_78.29,1,16.43877,78.28838,False
16.44_78.36,1,16.43694,78.35847,False
16.44_78.39,1,16.43508,78.38921,False
16.44_78.42,1,16.44087,78.41718,False
16.44_78.5,1,16.43695,78.50125,False
16.44_80.27,1,16.43674,80.27472,False
16.44_80.64,1,16.44123,80.64013,False
16.44_80.65,1,16.43794,80.64601,False
16.44_80.73,1,16.43547,80.72664,False
16.45_73.7,1,16.4471,73.70484,False
16.45_73.8,1,16.45111,73.79575,False
16.45_76.48,1,16.4451,76.48038,False
16.45_76.5,1,16.44894,76.50092,False
16.45_76.55,1,16.44676,76.54944,False
16.45_76.58,1,16.45209,76.58133,False
16.45_76.73,1,16.45118,76.72964,False
16.45_76.74,1,16.44557,76.74458,False
16.45_76.75,1,16.44533,76.7486,False
16.45_76.8,1,16.44707,76.79883,False
16.45_76.99,1,16.44901,76.98943,False
16.45_77.16,1,16.45388,77.15552,False
16.45_77.44,1,16.44824,77.43602,False
16.45_77.61,1,16.45482,77.60569,False
16.45_77.65,1,16.44945,77.6527,False
16.45_77.88,1,16.4514,77.87753,False
16.45_78.19,1,16.45461,78.1917,False
16.45_78.21,1,16.45091,78.21394,False
16.45_78.34,1,16.45497,78.33749,False
16.45_78.36,1,16.45442,78.36296,False
16.45_78.41,1,16.45475,78.40607,False
16.45_78.63,1,16.44824,78.63485,False
16.45_79.3,1,16.4467,79.29684,False
16.45_79.45,1,16.44828,79.45151,False
16.45_79.65,1,16.4493,79.64938,False
16.45_79.73,1,16.45228,79.72793,False
16.45_79.83,1,16.45174,79.83239,False
16.45_80.63,1,16.44522,80.62897,False
16.45_80.64,1,16.44591,80.64491,False
16.45_80.71,1,16.4504,80.71318,False
16.45_80.72,1,16.4548,80.71982,False
16.45_80.77,1,16.45152,80.77282,False
16.46_76.48,1,16.45999,76.47894,False
16.46_76.51,1,16.46496,76.51109,False
16.46_76.72,1,16.45681,76.71918,False
16.46_76.73,1,16.45796,76.72508,False
16.46_77.15,1,16.45725,77.15499,False
16.46_77.16,1,16.46399,77.15599,False
16.46_77.29,1,16.45512,77.28675,False
16.46_77.42,1,16.45568,77.41836,False
16.46_77.44,1,16.46312,77.43501,False
16.46_77.5,1,16.46343,77.4968,False
16.46_77.6,1,16.46166,77.60462,False
16.46_78.19,1,16.4552,78.19471,False
16.46_78.25,1,16.4563,78.25323,False
16.46_79.5,1,16.46497,79.5042,False
16.46_79.6,1,16.46479,79.59985,False
16.46_79.65,1,16.46069,79.653,False
16.46_79.66,1,16.46235,79.66037,False
16.46_79.67,1,16.46285,79.67336,False
16.46_79.68,1,16.45956,79.67832,False
16.46_79.79,1,16.45501,79.79178,False
16.46_79.8,1,16.45945,79.80273,False
16.46_80.34,1,16.46123,80.33569,False
16.46_80.78,1,16.46141,80.78062,False
16.47_73.72,1,16.46753,73.71957,False
16.47_75.73,1,16.46769,75.72978,False
16.47_75.86,1,16.47187,75.86275,False
16.47_75.89,1,16.47307,75.88723,False
16.47_76.3,1,16.47007,76.29869,False
16.47_76.49,1,16.47237,76.48556,False
16.47_76.5,1,16.47252,76.49737,False
16.47_76.51,1,16.46708,76.5113,False
16.47_76.54,1,16.46576,76.54064,False
16.47_76.58,1,16.46967,76.57603,False
16.47_76.6,1,16.46929,76.59985,False
16.47_76.64,1,16.46902,76.64012,False
16.47_76.7,1,16.46708,76.69645,False
16.47_76.71,1,16.47411,76.71207,False
16.47_76.74,1,16.46919,76.73655,False
16.47_77.5,1,16.46558,77.49524,False
16.47_77.63,1,16.46817,77.63096,False
16.47_77.99,1,16.47394,77.98874,False
16.47_78.19,1,16.46684,78.18767,False
16.47_78.2,1,16.47307,78.2002,False
16.47_78.23,1,16.46502,78.23088,False
16.47_78.36,1,16.47227,78.3635,False
16.47_78.37,1,16.47264,78.3668,False
16.47_78.49,1,16.46752,78.48606,False
16.47_78.56,1,16.47057,78.56493,False
16.47_79.58,1,16.46562,79.57545,False
16.47_79.74,1,16.47417,79.74426,False
16.47_79.75,1,16.46874,79.74973,False
16.47_79.76,1,16.4665,79.76316,False
16.47_79.79,1,16.46662,79.79401,False
16.47_79.84,1,16.4732,79.83953,False
16.47_80.05,1,16.4733,80.04696,False
16.47_80.66,1,16.47227,80.65689,False
16.47_80.75,1,16.4735,80.75355,False
16.48_73.66,1,16.47877,73.65659,False
16.48_73.69,1,16.4777,73.69257,False
16.48_76.5,1,16.47534,76.49671,False
16.48_76.52,1,16.47955,76.51949,False
16.48_76.53,1,16.47936,76.5313,False
16.48_76.56,1,16.47919,76.56245,False
16.48_76.57,1,16.48055,76.56616,False
16.48_76.59,1,16.47966,76.59183,False
16.48_76.63,1,16.47573,76.63215,False
16.48_76.7,1,16.48223,76.69674,False
16.48_76.72,1,16.47552,76.71776,False
16.48_76.81,1,16.47572,76.81251,False
16.48_77.04,1,16.47887,77.04266,False
16.48_77.11,1,16.48018,77.1059,False
16.48_77.43,1,16.48018,77.42928,False
16.48_78.2,1,16.47529,78.19608,False
16.48_78.27,1,16.47586,78.26624,False
16.48_78.5,1,16.47519,78.49513,False
16.48_79.33,1,16.48338,79.32732,False
16.48_79.63,1,16.47942,79.62685,False
16.48_79.65,1,16.48032,79.65336,False
16.48_79.75,1,16.48125,79.74609,False
16.48_79.76,1,16.48304,79.7606,False
16.48_80.66,1,16.47656,80.65865,False
16.49_73.91,1,16.4908,73.91221,False
16.49_76.54,1,16.49201,76.54357,False
16.49_76.55,1,16.49378,76.55135,False
16.49_76.56,1,16.49189,76.55688,False
16.49_76.57,1,16.48939,76.56689,False
16.49_76.67,1,16.48639,76.67403,False
16.49_76.7,1,16.4852,76.69842,False
16.49_76.74,1,16.48691,76.73815,False
16.49_76.89,1,16.48697,76.88622,False
16.49_77.43,1,16.49364,77.42991,False
16.49_77.71,1,16.48647,77.71081,False
16.49_77.72,1,16.48541,77.71845,False
16.49_77.89,1,16.49055,77.88721,False
16.49_78.24,1,16.49096,78.24451,False
16.49_78.42,1,16.49377,78.42163,False
16.49_79.63,1,16.48987,79.62978,False
16.49_79.65,1,16.48733,79.6517,False
16.49_79.7,1,16.49462,79.70342,False
16.49_79.95,1,16.49307,79.94553,False
16.49_80.01,1,16.4899,80.01364,False
16.49_80.73,1,16.48882,80.72738,False
16.49_80.74,1,16.4912,80.74317,False
16.49_80.77,1,16.4931,80.77032,False
16.4_75.53,1,16.40383,75.53171,False
16.4_77.03,1,16.40204,77.0314,False
16.4_77.09,1,16.4002,77.09496,False
16.4_77.1,1,16.39664,77.0955,False
16.4_77.11,1,16.40438,77.10926,False
16.4_77.34,1,16.39571,77.34333,False
16.4_77.35,1,16.39649,77.34581,False
16.4_77.37,1,16.40103,77.37022,False
16.4_77.49,1,16.39639,77.49213,False
16.4_77.64,1,16.3973,77.63639,False
16.4_77.71,1,16.3991,77.70796,False
16.4_78.36,1,16.40309,78.35915,False
16.4_78.39,1,16.39619,78.39185,False
16.4_78.4,1,16.40116,78.40187,False
16.4_78.41,1,16.39946,78.40522,False
16.4_78.44,1,16.39744,78.43965,False
16.4_79.37,1,16.40065,79.36692,False
16.4_79.62,1,16.40497,79.62029,False
16.4_79.85,1,16.40096,79.85011,False
16.4_79.89,1,16.39856,79.8859,False
16.4_79.96,1,16.39771,79.96394,False
16.4_80.0,1,16.39958,79.99984,False
16.4_80.03,1,16.39745,80.03411,False
16.4_80.06,1,16.40424,80.06,False
16.4_80.09,1,16.39821,80.08894,False
16.4_80.1,1,16.4032,80.09917,False
16.4_80.58,1,16.3973,80.58391,False
16.4_80.62,1,16.39769,80.62078,False
16.4_80.68,1,16.4041,80.68491,False
16.4_80.69,1,16.40029,80.68659,False
16.4_80.77,1,16.39897,80.7681,False
16.4_80.83,1,16.39922,80.83153,False
16.4_80.84,1,16.39961,80.83526,False
16.51_76.67,1,16.50899,76.67097,False
16.51_76.69,1,16.51453,76.69432,False
16.51_76.7,1,16.51085,76.69888,False
16.51_77.02,1,16.50862,77.01671,False
16.51_77.17,1,16.51158,77.17447,False
16.51_77.19,1,16.50593,77.19491,False
16.51_77.42,1,16.50723,77.42113,False
16.51_77.44,1,16.50838,77.43573,False
16.51_77.45,1,16.50581,77.44695,False
16.51_77.51,1,16.51016,77.51308,False
16.51_77.55,1,16.50673,77.54758,False
16.51_77.86,1,16.50826,77.85583,False
16.51_78.2,1,16.50587,78.20283,False
16.51_78.22,1,16.51274,78.22373,False
16.51_78.23,1,16.51333,78.22667,False
16.51_78.41,1,16.51086,78.41032,False
16.51_78.44,1,16.51072,78.44017,False
16.51_78.46,1,16.50594,78.45757,False
16.51_78.72,1,16.50847,78.71896,False
16.51_78.86,1,16.50863,78.86404,False
16.51_78.87,1,16.50636,78.87217,False
16.51_79.61,1,16.50791,79.61082,False
16.51_79.79,1,16.5109,79.793,False
16.52_76.46,1,16.52489,76.45719,False
16.52_76.54,1,16.52045,76.53506,False
16.52_76.56,1,16.51671,76.5556,False
16.52_76.68,1,16.5192,76.68118,False
16.52_76.7,1,16.51503,76.69828,False
16.52_76.83,1,16.5184,76.82896,False
16.52_76.98,1,16.51806,76.98341,False
16.52_77.43,1,16.51649,77.42915,False
16.52_77.44,1,16.52257,77.43787,False
16.52_77.49,1,16.52455,77.49026,False
16.52_78.19,1,16.51809,78.18678,False
16.52_78.22,1,16.51712,78.21791,False
16.52_78.24,1,16.51777,78.24117,False
16.52_78.36,1,16.51543,78.36472,False
16.52_79.58,1,16.52371,79.57557,False
16.52_79.88,1,16.51954,79.88145,False
16.52_80.04,1,16.52096,80.03601,False
16.52_80.16,1,16.52116,80.15854,False
16.52_80.4,1,16.51656,80.39989,False
16.52_80.73,1,16.52087,80.72989,False
16.53_76.58,1,16.53495,76.57735,False
16.53_76.64,1,16.52944,76.64398,False
16.53_76.82,1,16.5258,76.82321,False
16.53_76.84,1,16.53375,76.84264,False
16.53_78.28,1,16.53186,78.28226,False
16.53_78.35,1,16.53444,78.35121,False
16.53_78.54,1,16.52925,78.53753,False
16.53_78.55,1,16.53429,78.55035,False
16.53_80.02,1,16.52936,80.02366,False
16.53_80.16,1,16.52503,80.158,False
16.53_80.41,1,16.53142,80.4095,False
16.53_80.42,1,16.5322,80.42451,False
16.53_80.71,1,16.52972,80.71235,False
16.53_80.74,1,16.53194,80.74063,False
16.54_73.42,1,16.54031,73.42219,False
16.54_73.5,1,16.53715,73.49951,False
16.54_76.51,1,16.5405,76.51218,False
16.54_76.55,1,16.54354,76.54604,False
16.54_76.57,1,16.53998,76.56682,False
16.54_76.58,1,16.53603,76.57791,False
16.54_76.7,1,16.54446,76.70369,False
16.54_77.19,1,16.53882,77.19483,False
16.54_77.2,1,16.53953,77.19829,False
16.54_77.43,1,16.53888,77.43433,False
16.54_77.44,1,16.53692,77.43716,False
16.54_77.49,1,16.53959,77.49425,False
16.54_78.04,1,16.54046,78.0434,False
16.54_78.19,1,16.54351,78.19363,False
16.54_78.2,1,16.5441,78.1966,False
16.54_78.21,1,16.53646,78.21062,False
16.54_78.25,1,16.54419,78.24945,False
16.54_78.28,1,16.54382,78.28477,False
16.54_78.34,1,16.5381,78.34074,False
16.54_78.36,1,16.53568,78.36089,False
16.54_79.01,1,16.5426,79.00586,False
16.54_79.76,1,16.54488,79.75774,False
16.54_80.05,1,16.54436,80.04915,False
16.54_80.41,1,16.5362,80.40849,False
16.54_80.63,1,16.54213,80.62611,False
16.54_80.72,1,16.54296,80.72324,False
16.55_73.95,1,16.54798,73.95454,False
16.55_75.26,1,16.546,75.25804,False
16.55_75.3,1,16.54744,75.30129,False
16.55_76.51,1,16.54941,76.50729,False
16.55_76.52,1,16.55289,76.5221,False
16.55_76.53,1,16.54608,76.53368,False
16.55_76.55,1,16.55079,76.55273,False
16.55_76.85,1,16.55418,76.84945,False
16.55_76.87,1,16.54752,76.87289,False
16.55_76.93,1,16.55348,76.93354,False
16.55_77.02,1,16.55202,77.01797,False
16.55_77.05,1,16.55039,77.04646,False
16.55_77.77,1,16.54559,77.77341,False
16.55_77.81,1,16.55468,77.81186,False
16.55_78.18,1,16.54852,78.18144,False
16.55_78.19,1,16.5485,78.19253,False
16.55_78.2,1,16.54909,78.19553,False
16.55_78.25,1,16.54545,78.24962,False
16.55_78.28,1,16.54733,78.28425,False
16.55_78.3,1,16.54985,78.3045,False
16.55_79.8,1,16.54973,79.79865,False
16.55_80.18,1,16.54926,80.17946,False
16.55_80.41,1,16.55216,80.40814,False
16.55_80.46,1,16.54678,80.45944,False
16.55_80.71,1,16.55181,80.71444,False
16.55_80.72,1,16.54771,80.71984,False
16.55_80.86,1,16.54924,80.86299,False
16.56_73.56,1,16.55581,73.55795,False
16.56_73.77,1,16.55713,73.76571,False
16.56_73.8,1,16.56193,73.80013,False
16.56_74.66,1,16.55936,74.66201,False
16.56_75.18,1,16.56139,75.17957,False
16.56_76.49,1,16.56239,76.48804,False
16.56_76.51,1,16.56023,76.51493,False
16.56_76.52,1,16.55617,76.52088,False
16.56_76.55,1,16.5612,76.5491,False
16.56_77.21,1,16.56365,77.20774,False
16.56_77.67,1,16.56108,77.66843,False
16.56_77.68,1,16.56378,77.67917,False
16.56_77.69,1,16.5644,77.69377,False
16.56_78.24,1,16.55728,78.23733,False
16.56_78.27,1,16.55917,78.26614,False
16.56_78.41,1,16.55906,78.40892,False
16.56_78.42,1,16.56139,78.41624,False
16.56_78.44,1,16.55937,78.43575,False
16.56_78.5,1,16.55694,78.49656,False
16.56_78.51,1,16.55784,78.51414,False
16.56_80.45,1,16.56467,80.44888,False
16.56_80.85,1,16.56307,80.8485,False
16.56_80.86,1,16.55729,80.85573,False
16.57_73.46,1,16.565,73.46191,False
16.57_73.73,1,16.56731,73.73013,False
16.57_73.8,1,16.56569,73.79713,False
16.57_76.47,1,16.57066,76.47079,False
16.57_76.53,1,16.57196,76.53444,False
16.57_76.55,1,16.56905,76.5517,False
16.57_76.58,1,16.57334,76.57989,False
16.57_76.86,1,16.56854,76.8552,False
16.57_77.47,1,16.56716,77.46748,False
16.57_77.65,1,16.565,77.64616,False
16.57_77.93,1,16.57205,77.92631,False
16.57_77.98,1,16.57255,77.98395,False
16.57_78.2,1,16.56642,78.20443,False
16.57_78.32,1,16.57113,78.32478,False
16.57_78.35,1,16.56626,78.34538,False
16.57_78.44,1,16.57215,78.4409,False
16.57_79.41,1,16.56902,79.40549,False
16.57_79.51,1,16.56988,79.51133,False
16.57_79.52,1,16.57403,79.52175,False
16.57_80.04,1,16.56653,80.04101,False
16.57_80.29,1,16.56664,80.29485,False
16.57_80.33,1,16.57159,80.32846,False
16.57_80.45,1,16.56536,80.4523,False
16.57_80.66,1,16.57433,80.65617,False
16.57_80.88,1,16.56624,80.8775,False
16.58_74.3,1,16.58286,74.30228,False
16.58_75.4,1,16.5826,75.39746,False
16.58_75.98,1,16.58381,75.97667,False
16.58_76.5,1,16.58201,76.49802,False
16.58_76.52,1,16.57592,76.51506,False
16.58_76.57,1,16.58423,76.56819,False
16.58_76.62,1,16.57871,76.62464,False
16.58_76.81,1,16.57664,76.81103,False
16.58_76.85,1,16.57969,76.85191,False
16.58_76.87,1,16.5817,76.86959,False
16.58_77.3,1,16.57741,77.2992,False
16.58_77.41,1,16.58188,77.4135,False
16.58_77.44,1,16.5783,77.44042,False
16.58_78.55,1,16.57768,78.54731,False
16.58_78.67,1,16.57521,78.6691,False
16.58_79.59,1,16.58139,79.58647,False
16.58_80.16,1,16.58198,80.16246,False
16.58_80.21,1,16.57565,80.21078,False
16.58_80.22,1,16.57901,80.22229,False
16.58_80.47,1,16.57764,80.46859,False
16.58_80.66,1,16.57774,80.65562,False
16.58_80.72,1,16.57689,80.7222,False
16.59_73.71,1,16.58883,73.71436,False
16.59_73.85,1,16.58669,73.85486,False
16.59_73.86,1,16.58953,73.85607,False
16.59_76.51,1,16.58507,76.50865,False
16.59_76.52,1,16.58978,76.51669,False
16.59_76.53,1,16.58929,76.52971,False
16.59_76.54,1,16.58873,76.54135,False
16.59_76.58,1,16.58894,76.57983,False
16.59_76.67,1,16.59142,76.67234,False
16.59_76.71,1,16.59464,76.71371,False
16.59_76.83,1,16.59193,76.83452,False
16.59_76.85,1,16.58579,76.85236,False
16.59_76.86,1,16.5892,76.85744,False
16.59_76.98,1,16.58586,76.98247,False
16.59_77.42,1,16.58682,77.41959,False
16.59_77.76,1,16.59425,77.76061,False
16.59_78.05,1,16.59164,78.04784,False
16.59_78.33,1,16.59439,78.32597,False
16.59_78.37,1,16.5854,78.36651,False
16.59_78.59,1,16.59209,78.58781,False
16.59_78.83,1,16.5907,78.8307,False
16.59_79.47,1,16.58688,79.46651,False
16.59_79.64,1,16.59036,79.64135,False
16.59_79.76,1,16.59369,79.7606,False
16.59_80.39,1,16.59317,80.38754,False
16.59_80.46,1,16.58899,80.4649,False
16.59_80.65,1,16.58509,80.65373,False
16.59_80.72,1,16.58897,80.71883,False
16.59_80.81,1,16.58562,80.80727,False
16.59_80.88,1,16.58739,80.87922,False
16.5_75.78,1,16.49814,75.78383,False
16.5_75.79,1,16.49943,75.78558,False
16.5_76.48,1,16.50342,76.4816,False
16.5_76.53,1,16.50077,76.52994,False
16.5_76.54,1,16.50487,76.535,False
16.5_76.55,1,16.49806,76.5511,False
16.5_76.62,1,16.49643,76.61789,False
16.5_76.63,1,16.50236,76.62932,False
16.5_76.68,1,16.49945,76.67628,False
16.5_76.69,1,16.49588,76.68532,False
16.5_76.7,1,16.50246,76.70007,False
16.5_76.71,1,16.49984,76.70991,False
16.5_76.73,1,16.49759,76.72907,False
16.5_76.89,1,16.50375,76.88552,False
16.5_76.9,1,16.5018,76.90434,False
16.5_76.91,1,16.50246,76.90797,False
16.5_77.19,1,16.50463,77.1926,False
16.5_77.56,1,16.49807,77.55766,False
16.5_77.57,1,16.49574,77.56583,False
16.5_77.59,1,16.49615,77.58643,False
16.5_77.63,1,16.49562,77.63097,False
16.5_77.87,1,16.4999,77.87222,False
16.5_78.09,1,16.50256,78.09439,False
16.5_78.39,1,16.50492,78.38647,False
16.5_78.42,1,16.4973,78.4211,False
16.5_79.48,1,16.50203,79.48434,False
16.5_79.6,1,16.49594,79.59708,False
16.5_79.68,1,16.49728,79.67699,False
16.5_79.83,1,16.50169,79.83124,False
16.5_79.86,1,16.49928,79.86363,False
16.5_80.38,1,16.5008,80.37814,False
16.5_80.7,1,16.495,80.69794,False
16.61_73.9,1,16.61482,73.9,False
16.61_76.51,1,16.60638,76.51069,False
16.61_76.52,1,16.61032,76.51756,False
16.61_76.53,1,16.61421,76.52553,False
16.61_76.55,1,16.60974,76.55373,False
16.61_76.57,1,16.61069,76.56548,False
16.61_76.64,1,16.61243,76.63816,False
16.61_76.77,1,16.60974,76.77079,False
16.61_76.92,1,16.61058,76.91611,False
16.61_77.2,1,16.60625,77.20008,False
16.61_78.32,1,16.60504,78.32069,False
16.61_79.41,1,16.61381,79.4076,False
16.61_79.75,1,16.61177,79.75089,False
16.61_80.13,1,16.60524,80.12743,False
16.61_80.55,1,16.61269,80.55152,False
16.61_80.86,1,16.60893,80.85636,False
16.62_73.67,1,16.62163,73.67266,False
16.62_75.26,1,16.61725,75.25939,False
16.62_76.52,1,16.61976,76.51937,False
16.62_76.56,1,16.62015,76.56024,False
16.62_76.58,1,16.61762,76.58096,False
16.62_76.59,1,16.6247,76.58643,False
16.62_76.63,1,16.62051,76.63174,False
16.62_76.67,1,16.61998,76.67488,False
16.62_76.87,1,16.62248,76.87259,False
16.62_77.78,1,16.61896,77.77859,False
16.62_78.32,1,16.61751,78.31527,False
16.62_79.97,1,16.61904,79.9745,False
16.62_80.29,1,16.61871,80.29171,False
16.62_80.33,1,16.61873,80.32759,False
16.62_80.44,1,16.61604,80.44322,False
16.63_73.67,1,16.62529,73.672,False
16.63_74.18,1,16.62562,74.17539,False
16.63_74.34,1,16.63467,74.34213,False
16.63_75.67,1,16.63323,75.67426,False
16.63_76.55,1,16.63227,76.54653,False
16.63_76.58,1,16.62633,76.5807,False
16.63_76.66,1,16.62866,76.66339,False
16.63_76.76,1,16.62745,76.76466,False
16.63_76.77,1,16.62833,76.76922,False
16.63_76.78,1,16.62773,76.78295,False
16.63_76.93,1,16.6345,76.93423,False
16.63_76.95,1,16.63113,76.94532,False
16.63_78.45,1,16.62526,78.44572,False
16.63_78.5,1,16.62816,78.50045,False
16.63_80.1,1,16.63437,80.0967,False
16.63_80.32,1,16.62737,80.3213,False
16.63_80.42,1,16.62621,80.41998,False
16.64_76.09,1,16.64021,76.08694,False
16.64_76.64,1,16.64116,76.63605,False
16.64_76.65,1,16.63893,76.65491,False
16.64_76.79,1,16.64376,76.78851,False
16.64_76.8,1,16.63837,76.79829,False
16.64_76.98,1,16.63821,76.9758,False
16.64_77.35,1,16.6365,77.35468,False
16.64_77.77,1,16.64381,77.77284,False
16.64_79.0,1,16.63967,78.99877,False
16.64_79.02,1,16.63776,79.01545,False
16.64_79.66,1,16.64456,79.65857,False
16.64_80.09,1,16.64013,80.08545,False
16.64_80.1,1,16.6382,80.10321,False
16.64_80.4,1,16.64351,80.39931,False
16.65_73.68,1,16.6479,73.67578,False
16.65_74.32,1,16.6483,74.31618,False
16.65_75.15,1,16.6512,75.14684,False
16.65_76.01,1,16.65169,76.01418,False
16.65_76.54,1,16.65148,76.54161,False
16.65_76.64,1,16.64568,76.63809,False
16.65_76.77,1,16.65141,76.76939,False
16.65_76.8,1,16.64854,76.80489,False
16.65_77.47,1,16.64757,77.47411,False
16.65_78.13,1,16.65122,78.1311,False
16.65_78.36,1,16.65461,78.3569,False
16.65_78.61,1,16.64566,78.61236,False
16.65_78.99,1,16.65416,78.9929,False
16.65_79.24,1,16.64577,79.24027,False
16.65_79.25,1,16.65049,79.25359,False
16.65_79.84,1,16.6482,79.84221,False
16.66_73.41,1,16.65955,73.41349,False
16.66_73.46,1,16.66123,73.45675,False
16.66_73.69,1,16.66006,73.69349,False
16.66_73.7,1,16.65725,73.6977,False
16.66_75.62,1,16.66348,75.62473,False
16.66_77.18,1,16.65648,77.18119,False
16.66_77.33,1,16.66123,77.32803,False
16.66_77.78,1,16.65959,77.78447,False
16.66_77.79,1,16.6616,77.78806,False
16.66_77.8,1,16.65627,77.79987,False
16.66_77.81,1,16.65686,77.81238,False
16.66_78.24,1,16.65927,78.24387,False
16.66_78.35,1,16.6552,78.35162,False
16.66_78.4,1,16.6617,78.40059,False
16.66_78.57,1,16.6631,78.56883,False
16.66_78.59,1,16.66239,78.59325,False
16.66_79.45,1,16.6559,79.45117,False
16.66_79.86,1,16.66413,79.85638,False
16.66_80.19,1,16.66305,80.18871,False
16.66_80.55,1,16.66068,80.5529,False
16.67_75.73,1,16.67245,75.72999,False
16.67_76.49,1,16.66726,76.49246,False
16.67_76.96,1,16.66633,76.95631,False
16.67_77.14,1,16.67052,77.13915,False
16.67_78.24,1,16.67015,78.23644,False
16.67_78.34,1,16.66613,78.34184,False
16.67_78.35,1,16.66671,78.34592,False
16.67_78.52,1,16.67236,78.52065,False
16.67_79.51,1,16.6743,79.50933,False
16.67_80.1,1,16.67014,80.10194,False
16.67_80.38,1,16.67393,80.38485,False
16.67_80.44,1,16.6675,80.43919,False
16.68_75.48,1,16.68328,75.48215,False
16.68_76.45,1,16.68149,76.45084,False
16.68_76.52,1,16.68231,76.52294,False
16.68_76.55,1,16.68213,76.55132,False
16.68_76.62,1,16.68295,76.62428,False
16.68_77.76,1,16.67552,77.76198,False
16.68_78.3,1,16.68208,78.29822,False
16.68_79.1,1,16.6828,79.10028,False
16.68_79.28,1,16.6777,79.28349,False
16.68_80.01,1,16.67966,80.01456,False
16.68_80.38,1,16.6762,80.37784,False
16.68_80.43,1,16.68047,80.42897,False
16.68_80.76,1,16.6803,80.76477,False
16.68_80.77,1,16.67615,80.76538,False
16.69_75.46,1,16.68842,75.45687,False
16.69_76.52,1,16.69199,76.51857,False
16.69_76.55,1,16.6863,76.54855,False
16.69_76.59,1,16.68975,76.59321,False
16.69_76.9,1,16.68949,76.90377,False
16.69_77.14,1,16.68921,77.14231,False
16.69_77.86,1,16.68534,77.85643,False
16.69_78.17,1,16.68917,78.17268,False
16.69_78.18,1,16.68646,78.1771,False
16.69_79.24,1,16.68951,79.24181,False
16.69_79.41,1,16.694,79.41112,False
16.69_79.51,1,16.69208,79.50806,False
16.6_74.98,1,16.5985,74.9789,False
16.6_76.52,1,16.6002,76.52408,False
16.6_76.73,1,16.6039,76.72726,False
16.6_76.86,1,16.59787,76.85955,False
16.6_77.01,1,16.59629,77.01478,False
16.6_77.02,1,16.60406,77.02077,False
16.6_77.17,1,16.60414,77.17289,False
16.6_77.18,1,16.60099,77.18454,False
16.6_77.19,1,16.60171,77.18802,False
16.6_77.4,1,16.59789,77.40491,False
16.6_77.68,1,16.60331,77.67705,False
16.6_77.82,1,16.5957,77.82294,False
16.6_78.01,1,16.60238,78.01034,False
16.6_78.35,1,16.60036,78.35243,False
16.6_79.79,1,16.59885,79.79044,False
16.6_80.03,1,16.59859,80.03308,False
16.6_80.12,1,16.60462,80.1236,False
16.6_80.18,1,16.60321,80.17639,False
16.6_80.2,1,16.59527,80.20409,False
16.6_80.39,1,16.59848,80.38639,False
16.6_80.45,1,16.59863,80.45467,False
16.6_80.81,1,16.60295,80.81154,False
16.6_80.88,1,16.60023,80.88116,False
16.71_76.53,1,16.708,76.53365,False
16.71_76.55,1,16.71384,76.55124,False
16.71_76.59,1,16.71328,76.59158,False
16.71_76.76,1,16.70571,76.75562,False
16.71_76.77,1,16.7063,76.77204,False
16.71_76.94,1,16.70976,76.94444,False
16.71_77.38,1,16.70639,77.37685,False
16.71_77.66,1,16.70877,77.66275,False
16.71_77.67,1,16.71424,77.66769,False
16.71_77.75,1,16.70593,77.75319,False
16.71_77.87,1,16.70735,77.87257,False
16.71_78.01,1,16.70895,78.0134,False
16.71_79.17,1,16.71449,79.16571,False
16.71_79.97,1,16.70645,79.96634,False
16.72_75.78,1,16.71875,75.78443,False
16.72_75.79,1,16.71922,75.78898,False
16.72_76.53,1,16.71667,76.52935,False
16.72_76.87,1,16.72467,76.87318,False
16.72_76.98,1,16.71575,76.97941,False
16.72_77.12,1,16.72242,77.12318,False
16.72_77.16,1,16.71654,77.16099,False
16.72_77.72,1,16.72211,77.71883,False
16.72_77.84,1,16.71841,77.84005,False
16.72_78.88,1,16.71833,78.87903,False
16.72_79.17,1,16.71853,79.16518,False
16.72_79.27,1,16.71834,79.27488,False
16.72_79.28,1,16.71913,79.28252,False
16.72_79.43,1,16.72017,79.42609,False
16.72_79.76,1,16.71543,79.76026,False
16.72_79.92,1,16.71977,79.9192,False
16.72_80.24,1,16.72336,80.24414,False
16.72_80.3,1,16.72306,80.29762,False
16.72_80.33,1,16.71926,80.33229,False
16.73_74.29,1,16.73342,74.28832,False
16.73_75.18,1,16.72969,75.1802,False
16.73_75.68,1,16.73447,75.6815,False
16.73_76.42,1,16.73237,76.41687,False
16.73_76.54,1,16.72505,76.54019,False
16.73_76.57,1,16.73112,76.56792,False
16.73_77.07,1,16.73312,77.0745,False
16.73_77.09,1,16.73033,77.08682,False
16.73_77.76,1,16.72762,77.75626,False
16.73_78.21,1,16.72667,78.21442,False
16.73_79.33,1,16.73006,79.33316,False
16.73_79.39,1,16.72999,79.39159,False
16.73_79.61,1,16.72717,79.60641,False
16.73_79.89,1,16.73415,79.88698,False
16.73_79.97,1,16.73386,79.96559,False
16.73_80.34,1,16.73318,80.34258,False
16.74_73.66,1,16.73893,73.66362,False
16.74_73.67,1,16.73798,73.6738,False
16.74_73.68,1,16.73854,73.67741,False
16.74_76.45,1,16.73688,76.45187,False
16.74_76.51,1,16.74093,76.50819,False
16.74_76.78,1,16.73771,76.78442,False
16.74_76.91,1,16.73686,76.90521,False
16.74_77.06,1,16.73766,77.05639,False
16.74_77.8,1,16.74479,77.80321,False
16.74_79.32,1,16.74348,79.32462,False
16.74_79.39,1,16.73636,79.38958,False
16.74_79.41,1,16.74155,79.40971,False
16.74_80.03,1,16.74341,80.03436,False
16.74_80.46,1,16.73648,80.46171,False
16.75_73.75,1,16.7458,73.74631,False
16.75_74.29,1,16.7534,74.28566,False
16.75_76.47,1,16.74721,76.4714,False
16.75_76.51,1,16.74792,76.51042,False
16.75_76.52,1,16.7501,76.52171,False
16.75_76.53,1,16.7473,76.52917,False
16.75_76.98,1,16.74825,76.98065,False
16.75_78.28,1,16.75436,78.27894,False
16.75_78.33,1,16.74615,78.33466,False
16.75_79.28,1,16.74812,79.28497,False
16.75_79.29,1,16.74859,79.2887,False
16.75_79.39,1,16.74868,79.38846,False
16.75_79.47,1,16.75166,79.46757,False
16.76_73.6,1,16.76274,73.59606,False
16.76_76.47,1,16.76194,76.46722,False
16.76_76.52,1,16.75597,76.51719,False
16.76_76.69,1,16.76055,76.68791,False
16.76_76.81,1,16.76338,76.80575,False
16.76_76.9,1,16.76135,76.90334,False
16.76_77.06,1,16.76234,77.06423,False
16.76_77.07,1,16.76104,77.07221,False
16.76_77.55,1,16.76336,77.55301,False
16.76_78.87,1,16.75731,78.86928,False
16.76_79.38,1,16.76293,79.37876,False
16.76_80.24,1,16.75992,80.23803,False
16.76_80.51,1,16.75831,80.50662,False
16.76_80.69,1,16.7641,80.68908,False
16.77_73.72,1,16.76991,73.71508,False
16.77_75.15,1,16.76813,75.14602,False
16.77_75.55,1,16.76867,75.55038,False
16.77_76.53,1,16.76692,76.53376,False
16.77_76.55,1,16.76701,76.54552,False
16.77_76.57,1,16.76552,76.57114,False
16.77_76.6,1,16.77233,76.59603,False
16.77_77.02,1,16.77042,77.02377,False
16.77_78.29,1,16.77485,78.2933,False
16.77_79.29,1,16.76905,79.28735,False
16.77_79.34,1,16.76911,79.34335,False
16.77_79.38,1,16.77115,79.38309,False
16.77_79.77,1,16.76861,79.76935,False
16.77_79.89,1,16.77119,79.89305,False
16.77_79.91,1,16.76738,79.9149,False
16.77_80.45,1,16.77044,80.44527,False
16.77_80.51,1,16.77463,80.51157,False
16.77_80.67,1,16.77146,80.66726,False
16.77_80.69,1,16.7651,80.69426,False
16.77_80.81,1,16.7716,80.8113,False
16.78_75.71,1,16.7795,75.71365,False
16.78_75.82,1,16.78405,75.82288,False
16.78_76.42,1,16.7801,76.42455,False
16.78_76.47,1,16.77785,76.46786,False
16.78_76.52,1,16.7828,76.51628,False
16.78_76.55,1,16.77865,76.55468,False
16.78_76.56,1,16.77534,76.55524,False
16.78_76.58,1,16.77761,76.58289,False
16.78_76.59,1,16.77819,76.58691,False
16.78_76.7,1,16.77774,76.69604,False
16.78_76.77,1,16.78391,76.77254,False
16.78_76.83,1,16.78041,76.82832,False
16.78_77.14,1,16.78242,77.13978,False
16.78_78.48,1,16.77561,78.47745,False
16.78_78.51,1,16.77982,78.50748,False
16.78_79.15,1,16.78234,79.15486,False
16.78_79.16,1,16.785,79.16431,False
16.78_79.24,1,16.78368,79.24451,False
16.78_79.55,1,16.77814,79.55489,False
16.78_79.72,1,16.78314,79.71826,False
16.78_80.42,1,16.77732,80.42249,False
16.78_80.5,1,16.78283,80.50442,False
16.78_80.51,1,16.77794,80.51102,False
16.78_80.52,1,16.78234,80.51766,False
16.78_80.53,1,16.77628,80.53278,False
16.78_80.55,1,16.78423,80.55018,False
16.78_80.6,1,16.78338,80.59792,False
16.78_80.61,1,16.785,80.60655,False
16.78_80.69,1,16.77614,80.69012,False
16.79_75.77,1,16.78858,75.77375,False
16.79_75.82,1,16.78505,75.82206,False
16.79_76.56,1,16.78875,76.56069,False
16.79_76.72,1,16.79385,76.72385,False
16.79_76.76,1,16.79203,76.75591,False
16.79_77.05,1,16.78576,77.04673,False
16.79_77.14,1,16.78516,77.14476,False
16.79_78.24,1,16.78994,78.23544,False
16.79_78.3,1,16.79042,78.30438,False
16.79_78.85,1,16.79347,78.85038,False
16.79_79.56,1,16.79035,79.55507,False
16.79_80.0,1,16.7882,80.00336,False
16.79_80.34,1,16.78889,80.33601,False
16.79_80.5,1,16.78724,80.50385,False
16.79_80.51,1,16.7851,80.51353,False
16.79_80.61,1,16.78673,80.60939,False
16.7_76.45,1,16.7049,76.45028,False
16.7_76.51,1,16.69977,76.50904,False
16.7_76.52,1,16.69548,76.51805,False
16.7_76.76,1,16.69956,76.76035,False
16.7_76.77,1,16.69898,76.768,False
16.7_77.77,1,16.70073,77.76608,False
16.7_77.92,1,16.70044,77.92459,False
16.7_78.03,1,16.69533,78.02878,False
16.7_78.19,1,16.69703,78.19351,False
16.7_78.2,1,16.6974,78.19672,False
16.7_78.25,1,16.69854,78.24988,False
16.7_78.44,1,16.70365,78.44362,False
16.7_80.24,1,16.70267,80.23528,False
16.7_80.53,1,16.7022,80.52933,False
16.7_80.62,1,16.69962,80.6191,False
16.81_73.7,1,16.80885,73.69866,False
16.81_73.85,1,16.81314,73.85308,False
16.81_76.59,1,16.81353,76.59338,False
16.81_76.61,1,16.81391,76.6069,False
16.81_76.63,1,16.81431,76.63096,False
16.81_76.82,1,16.80655,76.82219,False
16.81_76.83,1,16.80709,76.82588,False
16.81_76.95,1,16.81154,76.94592,False
16.81_77.13,1,16.81411,77.12752,False
16.81_79.65,1,16.80653,79.6534,False
16.81_79.78,1,16.80677,79.77983,False
16.81_79.9,1,16.8058,79.90231,False
16.81_79.98,1,16.81417,79.97763,False
16.81_80.84,1,16.81333,80.839,False
16.82_73.85,1,16.81644,73.85254,False
16.82_75.76,1,16.8154,75.75947,False
16.82_76.59,1,16.81579,76.58554,False
16.82_76.75,1,16.81666,76.74895,False
16.82_76.8,1,16.82135,76.80279,False
16.82_76.99,1,16.8188,76.98734,False
16.82_77.13,1,16.81769,77.12698,False
16.82_77.14,1,16.81998,77.13806,False
16.82_78.18,1,16.81551,78.17799,False
16.82_78.2,1,16.81959,78.20453,False
16.82_78.34,1,16.82127,78.33509,False
16.82_78.47,1,16.81806,78.47152,False
16.82_79.41,1,16.81689,79.41351,False
16.82_79.46,1,16.82072,79.46281,False
16.82_79.64,1,16.82438,79.64197,False
16.82_79.97,1,16.81858,79.96848,False
16.82_80.04,1,16.8243,80.04082,False
16.82_80.11,1,16.81798,80.11024,False
16.82_80.14,1,16.82114,80.14313,False
16.82_80.34,1,16.81928,80.33936,False
16.82_80.35,1,16.8182,80.34996,False
16.82_80.41,1,16.8224,80.41385,False
16.82_80.48,1,16.81723,80.48363,False
16.82_80.58,1,16.82288,80.57602,False
16.82_80.61,1,16.82236,80.60835,False
16.82_80.65,1,16.81533,80.64986,False
16.83_73.66,1,16.8324,73.66229,False
16.83_75.82,1,16.82734,75.8242,False
16.83_78.24,1,16.83222,78.23935,False
16.83_78.84,1,16.82639,78.84248,False
16.83_79.05,1,16.82619,79.05334,False
16.83_79.72,1,16.82705,79.72128,False
16.83_79.74,1,16.82606,79.73524,False
16.84_73.47,1,16.84165,73.46792,False
16.84_76.12,1,16.83541,76.12285,False
16.84_76.35,1,16.83743,76.3483,False
16.84_76.67,1,16.8363,76.6721,False
16.84_76.8,1,16.8374,76.79533,False
16.84_77.77,1,16.83599,77.77478,False
16.84_78.2,1,16.83609,78.20056,False
16.84_79.32,1,16.84158,79.32368,False
16.84_79.69,1,16.83831,79.69181,False
16.84_79.7,1,16.83937,79.69669,False
16.84_79.86,1,16.83701,79.86202,False
16.84_80.12,1,16.83986,80.12259,False
16.84_80.24,1,16.83798,80.23949,False
16.85_74.8,1,16.84848,74.79745,False
16.85_76.85,1,16.84989,76.84894,False
16.85_79.66,1,16.84771,79.65965,False
16.85_79.7,1,16.849,79.69524,False
16.85_79.92,1,16.85174,79.91535,False
16.85_79.96,1,16.84686,79.95599,False
16.85_80.5,1,16.84829,80.50142,False
16.85_80.7,1,16.84833,80.70351,False
16.86_74.63,1,16.85986,74.63053,False
16.86_78.32,1,16.85501,78.32047,False
16.86_79.12,1,16.85611,79.12199,False
16.86_79.14,1,16.85509,79.1368,False
16.86_79.45,1,16.85761,79.44611,False
16.86_79.64,1,16.86375,79.63644,False
16.86_79.66,1,16.85891,79.65799,False
16.86_79.83,1,16.86369,79.83214,False
16.86_80.01,1,16.86242,80.00577,False
16.86_80.49,1,16.86293,80.49294,False
16.86_80.64,1,16.86257,80.64423,False
16.87_76.99,1,16.87387,76.99135,False
16.87_78.4,1,16.87377,78.4006,False
16.87_79.91,1,16.87064,79.9056,False
16.87_79.93,1,16.8681,79.93259,False
16.87_80.08,1,16.87347,80.08282,False
16.87_80.44,1,16.86797,80.43578,False
16.87_80.45,1,16.86948,80.44743,False
16.87_80.48,1,16.86837,80.48307,False
16.87_80.7,1,16.86536,80.7038,False
16.87_80.88,1,16.87496,80.8826,False
16.88_73.69,1,16.88327,73.6883,False
16.88_79.42,1,16.8812,79.42445,False
16.88_79.81,1,16.88392,79.80564,False
16.88_79.82,1,16.8815,79.81736,False
16.88_79.85,1,16.88263,79.85004,False
16.88_79.9,1,16.88213,79.90396,False
16.88_79.95,1,16.8793,79.94885,False
16.88_79.99,1,16.8774,79.9932,False
16.88_80.04,1,16.87755,80.04323,False
16.88_80.08,1,16.87626,80.07843,False
16.88_80.13,1,16.88297,80.1328,False
16.88_80.16,1,16.87934,80.15728,False
16.88_80.43,1,16.87949,80.43304,False
16.88_80.44,1,16.87621,80.43887,False
16.88_80.48,1,16.87684,80.47972,False
16.88_80.63,1,16.88272,80.62576,False
16.88_80.69,1,16.88497,80.69103,False
16.89_74.57,1,16.89201,74.56713,False
16.89_76.86,1,16.8861,76.86433,False
16.89_76.87,1,16.88552,76.86502,False
16.89_79.26,1,16.89126,79.2566,False
16.89_79.27,1,16.88517,79.27056,False
16.89_79.48,1,16.89421,79.47833,False
16.89_79.5,1,16.89188,79.49986,False
16.89_79.51,1,16.89121,79.51206,False
16.89_79.54,1,16.89465,79.53899,False
16.89_79.64,1,16.89213,79.64236,False
16.89_79.75,1,16.88758,79.75154,False
16.89_79.94,1,16.88653,79.93877,False
16.89_79.97,1,16.88586,79.9705,False
16.89_80.05,1,16.89334,80.04922,False
16.89_80.17,1,16.89158,80.17459,False
16.89_80.37,1,16.89495,80.37267,False
16.8_73.79,1,16.80162,73.79441,False
16.8_73.97,1,16.79671,73.96529,False
16.8_75.82,1,16.80423,75.81655,False
16.8_76.37,1,16.79787,76.36737,False
16.8_76.59,1,16.80466,76.59268,False
16.8_76.61,1,16.79565,76.60907,False
16.8_77.12,1,16.80103,77.11824,False
16.8_77.13,1,16.80308,77.1322,False
16.8_77.14,1,16.79973,77.1353,False
16.8_78.4,1,16.80244,78.39984,False
16.8_78.44,1,16.80423,78.44359,False
16.8_79.26,1,16.79769,79.2589,False
16.8_79.43,1,16.79958,79.4259,False
16.8_79.67,1,16.80275,79.67148,False
16.8_79.68,1,16.80345,79.67528,False
16.8_79.94,1,16.80467,79.93596,False
16.8_80.15,1,16.80123,80.15044,False
16.8_80.52,1,16.79624,80.51804,False
16.8_80.55,1,16.8029,80.54893,False
16.91_73.55,1,16.91491,73.54633,False
16.91_73.62,1,16.90886,73.62177,False
16.91_75.96,1,16.91149,75.95941,False
16.91_76.77,1,16.9134,76.77122,False
16.91_76.84,1,16.91092,76.84088,False
16.91_77.06,1,16.91133,77.0562,False
16.91_79.09,1,16.90502,79.09422,False
16.91_79.1,1,16.90694,79.09827,False
16.91_79.5,1,16.90785,79.50439,False
16.91_79.53,1,16.90716,79.525,False
16.91_79.55,1,16.91082,79.54591,False
16.91_79.71,1,16.90891,79.70502,False
16.91_79.77,1,16.91033,79.77406,False
16.91_79.91,1,16.90776,79.91192,False
16.91_79.97,1,16.911,79.96678,False
16.91_79.99,1,16.90778,79.99022,False
16.91_80.0,1,16.91454,80.00304,False
16.91_80.03,1,16.91455,80.03087,False
16.91_80.44,1,16.90865,80.43911,False
16.91_80.5,1,16.90884,80.50034,False
16.91_80.58,1,16.90672,80.58427,False
16.91_80.69,1,16.90665,80.69096,False
16.91_80.82,1,16.91442,80.82489,False
16.92_78.32,1,16.92418,78.32436,False
16.92_79.65,1,16.92478,79.64704,False
16.92_79.68,1,16.92132,79.67995,False
16.92_79.69,1,16.92018,79.68975,False
16.92_79.75,1,16.91756,79.74559,False
16.92_79.76,1,16.91808,79.75844,False
16.92_80.03,1,16.91842,80.03032,False
16.92_80.04,1,16.91521,80.03587,False
16.92_80.12,1,16.9244,80.1161,False
16.92_80.13,1,16.91912,80.12827,False
16.92_80.16,1,16.91739,80.15584,False
16.92_80.17,1,16.92061,80.17495,False
16.92_80.18,1,16.91813,80.17761,False
16.92_80.22,1,16.92235,80.2178,False
16.92_80.35,1,16.92178,80.34977,False
16.93_73.98,1,16.9302,73.98084,False
16.93_74.45,1,16.92681,74.44927,False
16.93_76.12,1,16.93224,76.11759,False
16.93_78.92,1,16.9314,78.91798,False
16.93_79.48,1,16.93436,79.47836,False
16.93_79.56,1,16.93334,79.56443,False
16.93_79.64,1,16.9339,79.64014,False
16.93_79.65,1,16.92539,79.65205,False
16.93_79.76,1,16.92832,79.76038,False
16.93_79.84,1,16.92911,79.84014,False
16.93_79.88,1,16.93231,79.88018,False
16.93_79.92,1,16.92542,79.91503,False
16.93_80.02,1,16.93451,80.0177,False
16.93_80.03,1,16.93049,80.02802,False
16.93_80.04,1,16.9292,80.03889,False
16.93_80.06,1,16.92741,80.05548,False
16.93_80.08,1,16.92519,80.07614,False
16.93_80.11,1,16.92722,80.11185,False
16.93_80.16,1,16.93027,80.15975,False
16.93_80.22,1,16.92653,80.22153,False
16.93_80.27,1,16.93396,80.26617,False
16.93_80.3,1,16.92754,80.30397,False
16.93_80.35,1,16.92858,80.35494,False
16.93_80.39,1,16.92636,80.39376,False
16.93_80.47,1,16.93135,80.46896,False
16.93_80.54,1,16.93187,80.5383,False
16.93_80.83,1,16.93182,80.82512,False
16.94_76.88,1,16.94113,76.87834,False
16.94_77.67,1,16.93946,77.66563,False
16.94_79.15,1,16.94161,79.15163,False
16.94_79.21,1,16.94184,79.21084,False
16.94_79.55,1,16.94477,79.55073,False
16.94_79.58,1,16.93532,79.58017,False
16.94_79.82,1,16.94065,79.82086,False
16.94_79.95,1,16.93862,79.94635,False
16.94_79.97,1,16.93739,79.97379,False
16.94_79.98,1,16.93825,79.98456,False
16.94_79.99,1,16.93875,79.98871,False
16.94_80.06,1,16.93591,80.06026,False
16.94_80.07,1,16.94079,80.06731,False
16.94_80.16,1,16.93976,80.16376,False
16.94_80.2,1,16.94031,80.20133,False
16.94_80.25,1,16.94436,80.24741,False
16.94_80.26,1,16.93912,80.25679,False
16.94_80.27,1,16.93502,80.26857,False
16.94_80.28,1,16.94342,80.28037,False
16.94_80.29,1,16.94336,80.28969,False
16.94_80.38,1,16.93645,80.38345,False
16.94_80.39,1,16.93832,80.39081,False
16.94_80.53,1,16.93892,80.52696,False
16.94_80.54,1,16.93792,80.5438,False
16.94_80.55,1,16.93852,80.54754,False
16.94_80.67,1,16.94435,80.67473,False
16.95_75.41,1,16.95046,75.41226,False
16.95_77.02,1,16.95086,77.02302,False
16.95_77.7,1,16.95047,77.70009,False
16.95_79.22,1,16.9458,79.22482,False
16.95_79.24,1,16.95371,79.23668,False
16.95_79.35,1,16.95238,79.35262,False
16.95_79.5,1,16.94727,79.49603,False
16.95_79.51,1,16.94852,79.50539,False
16.95_79.53,1,16.94918,79.5334,False
16.95_79.71,1,16.95071,79.70649,False
16.95_79.76,1,16.95067,79.76102,False
16.95_79.8,1,16.9518,79.80182,False
16.95_79.84,1,16.94605,79.83714,False
16.95_79.89,1,16.95471,79.88792,False
16.95_79.98,1,16.95103,79.98283,False
16.95_79.99,1,16.95154,79.98697,False
16.95_80.0,1,16.95491,79.9967,False
16.95_80.2,1,16.94871,80.19736,False
16.95_80.28,1,16.94567,80.27946,False
16.95_80.29,1,16.94623,80.28656,False
16.95_80.36,1,16.94842,80.36448,False
16.95_80.53,1,16.95148,80.5304,False
16.95_80.65,1,16.94777,80.65391,False
16.95_80.72,1,16.94713,80.72038,False
16.96_74.05,1,16.95752,74.05318,False
16.96_74.12,1,16.95523,74.12027,False
16.96_75.86,1,16.95676,75.86008,False
16.96_77.66,1,16.9629,77.65516,False
16.96_79.15,1,16.95925,79.14948,False
16.96_79.21,1,16.95726,79.20899,False
16.96_79.5,1,16.95602,79.50429,False
16.96_79.67,1,16.96247,79.6673,False
16.96_79.68,1,16.96374,79.67686,False
16.96_79.74,1,16.95707,79.74322,False
16.96_79.75,1,16.95771,79.74666,False
16.96_79.8,1,16.96223,79.79622,False
16.96_79.85,1,16.95551,79.84967,False
16.96_79.86,1,16.96329,79.85597,False
16.96_79.88,1,16.95939,79.88103,False
16.96_79.89,1,16.96068,79.88981,False
16.96_79.9,1,16.95954,79.89701,False
16.96_79.95,1,16.96082,79.94743,False
16.96_79.98,1,16.9598,79.98251,False
16.96_79.99,1,16.95685,79.9943,False
16.96_80.0,1,16.95994,80.00066,False
16.96_80.08,1,16.96024,80.08352,False
16.96_80.15,1,16.96291,80.14647,False
16.96_80.39,1,16.96298,80.39298,False
16.96_80.41,1,16.95735,80.41031,False
16.96_80.52,1,16.96358,80.52258,False
16.96_80.76,1,16.96461,80.76494,False
16.96_80.85,1,16.96401,80.84658,False
16.97_76.5,1,16.97124,76.50272,False
16.97_77.89,1,16.96591,77.89025,False
16.97_79.2,1,16.96704,79.19835,False
16.97_79.57,1,16.96525,79.56821,False
16.97_79.65,1,16.97414,79.64906,False
16.97_79.68,1,16.97419,79.67551,False
16.97_79.74,1,16.96823,79.73981,False
16.97_79.83,1,16.97482,79.82685,False
16.97_79.85,1,16.96609,79.85175,False
16.97_79.88,1,16.96723,79.88239,False
16.97_79.94,1,16.97322,79.93869,False
16.97_80.06,1,16.9656,80.06268,False
16.97_80.08,1,16.96555,80.08374,False
16.97_80.14,1,16.97297,80.14388,False
16.97_80.25,1,16.96663,80.24689,False
16.97_80.31,1,16.97169,80.31337,False
16.97_80.83,1,16.97139,80.82899,False
16.97_80.86,1,16.97255,80.85876,False
16.98_73.83,1,16.97538,73.82926,False
16.98_76.13,1,16.98054,76.13205,False
16.98_76.69,1,16.9823,76.68988,False
16.98_77.34,1,16.98415,77.34036,False
16.98_77.78,1,16.98283,77.77818,False
16.98_78.23,1,16.98034,78.22531,False
16.98_79.08,1,16.97516,79.07788,False
16.98_79.14,1,16.97829,79.13741,False
16.98_79.63,1,16.98252,79.63306,False
16.98_79.64,1,16.98085,79.64226,False
16.98_79.72,1,16.98246,79.71707,False
16.98_79.91,1,16.98481,79.90703,False
16.98_79.93,1,16.98135,79.93417,False
16.98_79.94,1,16.97923,79.9365,False
16.98_79.97,1,16.98077,79.97346,False
16.98_80.07,1,16.97569,80.07397,False
16.98_80.11,1,16.97915,80.11496,False
16.98_80.14,1,16.9759,80.13842,False
16.98_80.47,1,16.98384,80.47463,False
16.98_80.48,1,16.97988,80.4752,False
16.98_80.55,1,16.97599,80.5542,False
16.98_80.62,1,16.97944,80.62332,False
16.98_80.68,1,16.98348,80.6846,False
16.98_80.87,1,16.98277,80.87167,False
16.98_80.89,1,16.9763,80.88881,False
16.99_73.62,1,16.99479,73.62289,False
16.99_73.72,1,16.98987,73.72295,False
16.99_77.78,1,16.98615,77.77764,False
16.99_78.77,1,16.99372,78.77372,False
16.99_79.1,1,16.98682,79.104,False
16.99_79.17,1,16.98714,79.1704,False
16.99_79.28,1,16.99152,79.28454,False
16.99_79.29,1,16.98744,79.28509,False
16.99_79.34,1,16.98942,79.33887,False
16.99_79.43,1,16.99195,79.43247,False
16.99_79.48,1,16.99029,79.47546,False
16.99_79.59,1,16.99425,79.58562,False
16.99_79.64,1,16.98502,79.64172,False
16.99_79.69,1,16.99139,79.69277,False
16.99_79.73,1,16.99235,79.72776,False
16.99_79.83,1,16.98967,79.82823,False
16.99_79.88,1,16.99268,79.88087,False
16.99_79.94,1,16.99017,79.93592,False
16.99_80.03,1,16.99201,80.03276,False
16.99_80.1,1,16.99283,80.09689,False
16.99_80.17,1,16.99308,80.17384,False
16.99_80.27,1,16.98845,80.26757,False
16.99_80.33,1,16.98706,80.32688,False
16.99_80.53,1,16.98915,80.53347,False
16.99_80.55,1,16.98536,80.55245,False
16.99_80.56,1,16.98859,80.56194,False
16.99_80.57,1,16.98927,80.56527,False
16.99_80.62,1,16.98776,80.62388,False
16.99_80.63,1,16.98817,80.62744,False
16.99_80.64,1,16.99207,80.64261,False
16.99_80.75,1,16.99281,80.75037,False
16.9_74.58,1,16.89778,74.57503,False
16.9_76.29,1,16.89956,76.28806,False
16.9_76.84,1,16.89661,76.84451,False
16.9_79.48,1,16.89549,79.47965,False
16.9_79.51,1,16.89542,79.50822,False
16.9_79.53,1,16.90404,79.53023,False
16.9_79.62,1,16.90014,79.61817,False
16.9_79.7,1,16.90232,79.69653,False
16.9_79.71,1,16.8991,79.71284,False
16.9_79.81,1,16.90487,79.81136,False
16.9_79.92,1,16.90125,79.9184,False
16.9_80.19,1,16.9005,80.18847,False
16.9_80.37,1,16.89657,80.37176,False
16.9_80.48,1,16.90028,80.47563,False
16.9_80.52,1,16.89997,80.51743,False
16.9_80.6,1,16.89623,80.6023,False
16.9_80.66,1,16.89809,80.65938,False
16.9_80.7,1,16.89525,80.69855,False
16.9_80.77,1,16.90226,80.76901,False
16.9_80.8,1,16.89532,80.79707,False
16.9_80.9,1,16.89956,80.89887,False
17.01_73.63,1,17.00533,73.62699,False
17.01_78.33,1,17.00715,78.33345,False
17.01_79.23,1,17.00724,79.23187,False
17.01_79.3,1,17.01,79.30404,False
17.01_79.52,1,17.01236,79.52417,False
17.01_79.58,1,17.00775,79.57528,False
17.01_79.61,1,17.00806,79.60945,False
17.01_79.77,1,17.00946,79.77071,False
17.01_79.8,1,17.00725,79.79948,False
17.01_79.88,1,17.01114,79.87846,False
17.01_79.89,1,17.00572,79.88522,False
17.01_79.91,1,17.01061,79.91287,False
17.01_79.92,1,17.00809,79.92332,False
17.01_79.93,1,17.01259,79.92774,False
17.01_80.05,1,17.00686,80.04738,False
17.01_80.06,1,17.00586,80.05586,False
17.01_80.18,1,17.01162,80.1797,False
17.01_80.2,1,17.01236,80.19627,False
17.01_80.22,1,17.01056,80.21928,False
17.01_80.3,1,17.01433,80.29835,False
17.01_80.86,1,17.00722,80.86212,False
17.02_73.72,1,17.02278,73.71881,False
17.02_76.17,1,17.02302,76.16795,False
17.02_78.37,1,17.02131,78.37435,False
17.02_79.41,1,17.02058,79.40555,False
17.02_79.47,1,17.01793,79.46564,False
17.02_79.49,1,17.01509,79.48621,False
17.02_79.53,1,17.02098,79.52998,False
17.02_79.79,1,17.01685,79.78921,False
17.02_79.82,1,17.02025,79.82429,False
17.02_79.9,1,17.01758,79.89735,False
17.02_79.91,1,17.02148,79.9063,False
17.02_79.92,1,17.01874,79.91951,False
17.02_80.0,1,17.02344,80.00419,False
17.02_80.01,1,17.01606,80.01347,False
17.02_80.05,1,17.02341,80.05016,False
17.02_80.1,1,17.02164,80.10176,False
17.02_80.2,1,17.01735,80.20071,False
17.02_80.21,1,17.02338,80.2114,False
17.02_80.24,1,17.01739,80.24328,False
17.02_80.26,1,17.02104,80.2623,False
17.02_80.35,1,17.01869,80.34702,False
17.02_80.38,1,17.01549,80.37564,False
17.02_80.55,1,17.02029,80.54776,False
17.02_80.79,1,17.02256,80.78792,False
17.02_80.83,1,17.02219,80.82763,False
17.02_80.86,1,17.02323,80.85942,False
17.03_75.72,1,17.02634,75.71772,False
17.03_76.17,1,17.02511,76.16705,False
17.03_76.52,1,17.03151,76.52428,False
17.03_76.62,1,17.03039,76.6218,False
17.03_77.42,1,17.03351,77.41598,False
17.03_79.52,1,17.02787,79.52419,False
17.03_79.65,1,17.02962,79.6545,False
17.03_79.77,1,17.02761,79.76749,False
17.03_79.8,1,17.02901,79.79873,False
17.03_79.89,1,17.03341,79.88998,False
17.03_79.91,1,17.02533,79.90782,False
17.03_79.92,1,17.02501,79.92317,False
17.03_80.07,1,17.03231,80.0714,False
17.03_80.12,1,17.02882,80.12415,False
17.03_80.13,1,17.0327,80.12921,False
17.03_80.23,1,17.02988,80.23378,False
17.03_80.25,1,17.03183,80.25108,False
17.03_80.27,1,17.03044,80.26886,False
17.03_80.34,1,17.03076,80.33675,False
17.03_80.55,1,17.02867,80.55228,False
17.03_80.56,1,17.0319,80.56183,False
17.03_80.57,1,17.03253,80.57276,False
17.03_80.63,1,17.02959,80.62949,False
17.03_80.65,1,17.02507,80.64635,False
17.03_80.8,1,17.03112,80.80449,False
17.03_80.83,1,17.03191,80.82867,False
17.04_76.4,1,17.04108,76.39777,False
17.04_77.85,1,17.04198,77.84956,False
17.04_79.11,1,17.04453,79.1104,False
17.04_79.33,1,17.03601,79.33486,False
17.04_79.62,1,17.0398,79.61855,False
17.04_79.65,1,17.03983,79.64845,False
17.04_79.72,1,17.04442,79.71638,False
17.04_79.76,1,17.04097,79.75568,False
17.04_79.79,1,17.03629,79.78853,False
17.04_79.86,1,17.0353,79.86496,False
17.04_79.9,1,17.03949,79.9038,False
17.04_79.92,1,17.04267,79.91843,False
17.04_79.94,1,17.03554,79.94215,False
17.04_80.13,1,17.03961,80.12551,False
17.04_80.18,1,17.0398,80.18355,False
17.04_80.19,1,17.03846,80.18529,False
17.04_80.2,1,17.04416,80.20222,False
17.04_80.24,1,17.04144,80.2374,False
17.04_80.29,1,17.03982,80.28788,False
17.04_80.79,1,17.03814,80.79073,False
17.04_80.82,1,17.03707,80.82172,False
17.04_80.83,1,17.0416,80.82888,False
17.04_80.84,1,17.03909,80.83717,False
17.05_73.58,1,17.04601,73.57893,False
17.05_73.63,1,17.05183,73.63403,False
17.05_75.64,1,17.05184,75.64252,False
17.05_78.08,1,17.04502,78.08484,False
17.05_78.23,1,17.04536,78.23476,False
17.05_78.48,1,17.0522,78.48322,False
17.05_78.65,1,17.05371,78.6478,False
17.05_79.31,1,17.05247,79.31414,False
17.05_79.63,1,17.05126,79.63479,False
17.05_79.65,1,17.05101,79.64651,False
17.05_79.71,1,17.05462,79.70953,False
17.05_79.74,1,17.04528,79.73941,False
17.05_79.87,1,17.05377,79.8723,False
17.05_80.15,1,17.0454,80.15304,False
17.05_80.19,1,17.05405,80.19086,False
17.05_80.2,1,17.04663,80.2045,False
17.05_80.21,1,17.04709,80.20889,False
17.05_80.22,1,17.05417,80.21765,False
17.05_80.26,1,17.04884,80.26189,False
17.05_80.27,1,17.05278,80.27069,False
17.05_80.3,1,17.04955,80.29967,False
17.05_80.32,1,17.05109,80.32483,False
17.05_80.33,1,17.05132,80.33075,False
17.05_80.44,1,17.04996,80.43665,False
17.05_80.52,1,17.04585,80.51589,False
17.05_80.56,1,17.04748,80.55849,False
17.05_80.67,1,17.04793,80.66779,False
17.05_80.76,1,17.0482,80.76141,False
17.05_80.8,1,17.05157,80.80337,False
17.05_80.82,1,17.04512,80.81949,False
17.05_80.84,1,17.04533,80.83904,False
17.05_80.89,1,17.05006,80.89042,False
17.06_73.34,1,17.06124,73.3384,False
17.06_74.93,1,17.05973,74.93228,False
17.06_75.45,1,17.06312,75.45245,False
17.06_77.94,1,17.06041,77.93964,False
17.06_78.62,1,17.06,78.6199,False
17.06_78.63,1,17.0611,78.62741,False
17.06_79.32,1,17.06215,79.32154,False
17.06_79.76,1,17.0631,79.76258,False
17.06_79.81,1,17.06143,79.80618,False
17.06_79.82,1,17.06371,79.8194,False
17.06_79.85,1,17.05592,79.85299,False
17.06_79.87,1,17.05866,79.87119,False
17.06_79.89,1,17.06344,79.88811,False
17.06_79.95,1,17.06421,79.9501,False
17.06_80.15,1,17.05754,80.15068,False
17.06_80.16,1,17.05549,80.16248,False
17.06_80.18,1,17.05819,80.18288,False
17.06_80.19,1,17.06301,80.19215,False
17.06_80.21,1,17.05689,80.21328,False
17.06_80.22,1,17.05816,80.21925,False
17.06_80.82,1,17.06485,80.81937,False
17.06_80.83,1,17.06442,80.82712,False
17.06_80.87,1,17.06093,80.86939,False
17.07_73.34,1,17.06661,73.34218,False
17.07_75.26,1,17.06994,75.26031,False
17.07_75.45,1,17.06563,75.45233,False
17.07_75.51,1,17.07013,75.50726,False
17.07_76.03,1,17.07136,76.0271,False
17.07_76.98,1,17.06549,76.97941,False
17.07_78.3,1,17.0673,78.30132,False
17.07_78.37,1,17.06985,78.37379,False
17.07_78.39,1,17.07372,78.38918,False
17.07_78.59,1,17.07409,78.59189,False
17.07_79.01,1,17.06788,79.00836,False
17.07_79.3,1,17.07278,79.30025,False
17.07_79.53,1,17.06729,79.53106,False
17.07_79.6,1,17.07132,79.59807,False
17.07_79.63,1,17.06517,79.62881,False
17.07_79.74,1,17.06816,79.74207,False
17.07_79.76,1,17.07347,79.76018,False
17.07_79.78,1,17.07264,79.77611,False
17.07_79.93,1,17.06544,79.93116,False
17.07_79.95,1,17.07184,79.9516,False
17.07_80.12,1,17.06853,80.11844,False
17.07_80.13,1,17.07159,80.13422,False
17.07_80.15,1,17.06965,80.15083,False
17.07_80.26,1,17.07227,80.25934,False
17.07_80.27,1,17.06566,80.27332,False
17.07_80.28,1,17.06524,80.28489,False
17.07_80.29,1,17.06596,80.28915,False
17.07_80.32,1,17.07036,80.31522,False
17.07_80.4,1,17.07026,80.39534,False
17.07_80.45,1,17.0739,80.44782,False
17.07_80.52,1,17.07182,80.52018,False
17.07_80.59,1,17.06646,80.58598,False
17.07_80.67,1,17.06635,80.67013,False
17.07_80.77,1,17.07354,80.7711,False
17.07_80.81,1,17.0653,80.81271,False
17.07_80.82,1,17.06922,80.81887,False
17.07_80.86,1,17.06811,80.86081,False
17.08_73.33,1,17.08382,73.33439,False
17.08_74.08,1,17.07586,74.08458,False
17.08_77.56,1,17.07504,77.56053,False
17.08_79.29,1,17.07688,79.29076,False
17.08_79.3,1,17.07935,79.29828,False
17.08_79.32,1,17.08458,79.32294,False
17.08_79.33,1,17.08193,79.32545,False
17.08_79.6,1,17.08115,79.60278,False
17.08_79.65,1,17.08064,79.64704,False
17.08_79.68,1,17.07569,79.68189,False
17.08_79.7,1,17.07824,79.70112,False
17.08_79.74,1,17.08468,79.74374,False
17.08_79.75,1,17.08467,79.74959,False
17.08_79.84,1,17.08446,79.83524,False
17.08_79.9,1,17.08199,79.90416,False
17.08_79.93,1,17.08038,79.93072,False
17.08_79.95,1,17.0793,79.94567,False
17.08_80.15,1,17.08065,80.15387,False
17.08_80.16,1,17.08452,80.16188,False
17.08_80.17,1,17.07846,80.1717,False
17.08_80.18,1,17.07918,80.17526,False
17.08_80.19,1,17.07534,80.1941,False
17.08_80.2,1,17.07585,80.19834,False
17.08_80.23,1,17.07643,80.23331,False
17.08_80.28,1,17.07994,80.27589,False
17.08_80.29,1,17.08229,80.29041,False
17.08_80.32,1,17.07918,80.32317,False
17.08_80.54,1,17.08469,80.54066,False
17.08_80.75,1,17.08136,80.75499,False
17.08_80.81,1,17.07856,80.80804,False
17.09_73.61,1,17.09163,73.60523,False
17.09_73.76,1,17.09424,73.76254,False
17.09_73.77,1,17.09487,73.76636,False
17.09_74.75,1,17.08771,74.75116,False
17.09_74.85,1,17.09334,74.84713,False
17.09_76.0,1,17.09472,76.00244,False
17.09_79.28,1,17.09078,79.2786,False
17.09_79.51,1,17.08615,79.51035,False
17.09_79.69,1,17.08652,79.68517,False
17.09_79.7,1,17.08906,79.69801,False
17.09_79.75,1,17.08734,79.74512,False
17.09_79.8,1,17.08519,79.79551,False
17.09_79.84,1,17.08863,79.8385,False
17.09_79.85,1,17.08848,79.84735,False
17.09_79.89,1,17.09098,79.89171,False
17.09_79.91,1,17.08786,79.91271,False
17.09_80.06,1,17.0927,80.06376,False
17.09_80.1,1,17.09013,80.10287,False
17.09_80.13,1,17.09074,80.12996,False
17.09_80.14,1,17.08667,80.1419,False
17.09_80.15,1,17.0865,80.14577,False
17.09_80.16,1,17.08654,80.15836,False
17.09_80.17,1,17.09098,80.16881,False
17.09_80.24,1,17.09319,80.23783,False
17.09_80.26,1,17.08794,80.26199,False
17.09_80.3,1,17.09124,80.30379,False
17.09_80.31,1,17.09468,80.30978,False
17.09_80.33,1,17.08908,80.32597,False
17.09_80.44,1,17.09379,80.44321,False
17.09_80.76,1,17.08739,80.76262,False
17.0_75.19,1,16.99588,75.1853,False
17.0_76.66,1,16.99646,76.65529,False
17.0_78.46,1,16.99916,78.4562,False
17.0_79.48,1,17.00478,79.48277,False
17.0_79.88,1,17.00439,79.87788,False
17.0_80.01,1,16.99838,80.01183,False
17.0_80.03,1,16.9982,80.02773,False
17.0_80.08,1,16.99685,80.07759,False
17.0_80.09,1,16.99776,80.09103,False
17.0_80.13,1,17.00065,80.13472,False
17.0_80.14,1,16.99674,80.14432,False
17.0_80.2,1,16.99518,80.19934,False
17.0_80.23,1,17.00067,80.22501,False
17.0_80.24,1,16.99987,80.23724,False
17.0_80.27,1,17.0015,80.26686,False
17.0_80.63,1,17.00294,80.63301,False
17.0_80.64,1,16.99511,80.64348,False
17.0_80.65,1,16.99821,80.64864,False
17.0_80.68,1,16.99992,80.68449,False
17.0_80.79,1,16.99753,80.78951,False
17.0_80.84,1,17.00468,80.83636,False
17.0_80.87,1,16.99755,80.87388,False
17.11_73.56,1,17.10589,73.5612,False
17.11_73.76,1,17.10847,73.76411,False
17.11_73.79,1,17.10541,73.78816,False
17.11_74.51,1,17.10748,74.50994,False
17.11_77.23,1,17.11041,77.22768,False
17.11_77.91,1,17.11022,77.90978,False
17.11_78.99,1,17.1105,78.98598,False
17.11_79.28,1,17.11178,79.27928,False
17.11_79.5,1,17.10796,79.50311,False
17.11_79.82,1,17.11006,79.81969,False
17.11_79.9,1,17.10727,79.89886,False
17.11_79.93,1,17.10635,79.93121,False
17.11_79.94,1,17.11334,79.93774,False
17.11_80.03,1,17.11018,80.03285,False
17.11_80.1,1,17.11369,80.09628,False
17.11_80.12,1,17.11024,80.11967,False
17.11_80.13,1,17.10771,80.13166,False
17.11_80.14,1,17.10909,80.13976,False
17.11_80.15,1,17.11126,80.15094,False
17.11_80.18,1,17.11328,80.18406,False
17.11_80.21,1,17.11462,80.21449,False
17.11_80.24,1,17.10775,80.2425,False
17.11_80.34,1,17.10576,80.33906,False
17.11_80.72,1,17.1055,80.72355,False
17.11_80.78,1,17.10674,80.77544,False
17.11_80.81,1,17.11469,80.81152,False
17.11_80.84,1,17.10561,80.8373,False
17.11_80.85,1,17.10662,80.85065,False
17.12_73.81,1,17.11926,73.8089,False
17.12_74.31,1,17.12394,74.311,False
17.12_74.6,1,17.11624,74.59646,False
17.12_76.32,1,17.12046,76.31983,False
17.12_77.02,1,17.11626,77.01845,False
17.12_78.35,1,17.12004,78.35189,False
17.12_79.43,1,17.12044,79.43158,False
17.12_79.49,1,17.11565,79.49234,False
17.12_79.55,1,17.12494,79.54984,False
17.12_79.66,1,17.1193,79.66265,False
17.12_79.74,1,17.11888,79.74102,False
17.12_79.87,1,17.11536,79.87492,False
17.12_79.88,1,17.11672,79.88035,False
17.12_79.91,1,17.12201,79.90803,False
17.12_80.05,1,17.12203,80.05215,False
17.12_80.08,1,17.12169,80.08051,False
17.12_80.1,1,17.12141,80.09943,False
17.12_80.11,1,17.11903,80.10841,False
17.12_80.12,1,17.12247,80.11551,False
17.12_80.15,1,17.11815,80.14955,False
17.12_80.21,1,17.11613,80.21016,False
17.12_80.22,1,17.12281,80.22262,False
17.12_80.23,1,17.1227,80.22918,False
17.12_80.25,1,17.12208,80.25294,False
17.12_80.29,1,17.11981,80.2887,False
17.12_80.33,1,17.12377,80.32984,False
17.12_80.44,1,17.12105,80.44086,False
17.12_80.46,1,17.12406,80.45887,False
17.12_80.63,1,17.11675,80.63078,False
17.12_80.66,1,17.12479,80.6573,False
17.12_80.8,1,17.12206,80.8006,False
17.12_80.85,1,17.12362,80.84666,False
17.13_73.77,1,17.13067,73.77183,False
17.13_73.79,1,17.13316,73.78714,False
17.13_74.63,1,17.12539,74.62933,False
17.13_74.93,1,17.13315,74.92931,False
17.13_75.34,1,17.12753,75.33945,False
17.13_78.7,1,17.1292,78.70263,False
17.13_78.97,1,17.12873,78.97331,False
17.13_78.98,1,17.12696,78.97592,False
17.13_79.67,1,17.1349,79.66563,False
17.13_79.69,1,17.1259,79.69002,False
17.13_79.74,1,17.13036,79.7431,False
17.13_79.88,1,17.12905,79.87971,False
17.13_79.95,1,17.12616,79.94683,False
17.13_80.09,1,17.12712,80.09247,False
17.13_80.14,1,17.12603,80.13866,False
17.13_80.15,1,17.12532,80.15053,False
17.13_80.19,1,17.1302,80.18792,False
17.13_80.25,1,17.12547,80.25234,False
17.13_80.29,1,17.12669,80.29283,False
17.13_80.33,1,17.12735,80.32758,False
17.13_80.42,1,17.12537,80.41737,False
17.13_80.6,1,17.133,80.60365,False
17.13_80.66,1,17.12535,80.66116,False
17.13_80.84,1,17.12577,80.8448,False
17.14_73.55,1,17.13728,73.55288,False
17.14_73.79,1,17.13654,73.7865,False
17.14_73.8,1,17.135,73.79851,False
17.14_73.81,1,17.13961,73.80543,False
17.14_74.84,1,17.1405,74.84241,False
17.14_74.85,1,17.13551,74.8494,False
17.14_75.24,1,17.13536,75.24029,False
17.14_75.59,1,17.1419,75.58553,False
17.14_77.17,1,17.13953,77.1748,False
17.14_77.19,1,17.13934,77.18511,False
17.14_78.22,1,17.14384,78.22251,False
17.14_78.38,1,17.13607,78.37819,False
17.14_78.93,1,17.1368,78.92635,False
17.14_79.29,1,17.13988,79.29318,False
17.14_79.3,1,17.14051,79.2963,False
17.14_79.46,1,17.13885,79.46193,False
17.14_79.47,1,17.13947,79.46659,False
17.14_79.66,1,17.13505,79.66364,False
17.14_79.71,1,17.13672,79.7126,False
17.14_79.76,1,17.13788,79.76337,False
17.14_79.79,1,17.14367,79.79321,False
17.14_80.1,1,17.13968,80.10217,False
17.14_80.11,1,17.13778,80.11441,False
17.14_80.17,1,17.14135,80.16793,False
17.14_80.22,1,17.13789,80.22226,False
17.14_80.23,1,17.13861,80.22575,False
17.14_80.24,1,17.13636,80.24458,False
17.14_80.26,1,17.13637,80.25554,False
17.14_80.27,1,17.14434,80.26514,False
17.14_80.28,1,17.13808,80.27554,False
17.14_80.33,1,17.1446,80.32953,False
17.14_80.34,1,17.13877,80.34019,False
17.14_80.67,1,17.14305,80.67472,False
17.14_80.68,1,17.14234,80.67523,False
17.14_80.81,1,17.13729,80.80701,False
17.15_73.95,1,17.14814,73.95324,False
17.15_76.76,1,17.15204,76.76099,False
17.15_76.94,1,17.14523,76.94467,False
17.15_77.78,1,17.15415,77.77943,False
17.15_77.96,1,17.15227,77.95644,False
17.15_78.22,1,17.14729,78.22311,False
17.15_78.76,1,17.14844,78.7625,False
17.15_78.98,1,17.14552,78.98048,False
17.15_79.72,1,17.14579,79.72179,False
17.15_79.87,1,17.14754,79.8703,False
17.15_79.88,1,17.1482,79.87523,False
17.15_79.89,1,17.15028,79.89136,False
17.15_80.08,1,17.14781,80.0818,False
17.15_80.1,1,17.14762,80.09664,False
17.15_80.11,1,17.14835,80.11107,False
17.15_80.13,1,17.14888,80.12614,False
17.15_80.15,1,17.15114,80.1476,False
17.15_80.16,1,17.15471,80.16125,False
17.15_80.17,1,17.14666,80.16676,False
17.15_80.19,1,17.15071,80.19144,False
17.15_80.2,1,17.14795,80.19994,False
17.15_80.22,1,17.14915,80.2216,False
17.15_80.23,1,17.14632,80.2259,False
17.15_80.24,1,17.14938,80.23823,False
17.15_80.28,1,17.15082,80.28438,False
17.15_80.29,1,17.15327,80.28511,False
17.15_80.3,1,17.15104,80.29556,False
17.15_80.33,1,17.14939,80.32596,False
17.15_80.58,1,17.1491,80.57648,False
17.15_80.67,1,17.14802,80.67407,False
17.15_80.78,1,17.14975,80.77999,False
17.16_77.29,1,17.15812,77.29449,False
17.16_79.6,1,17.16457,79.59608,False
17.16_79.62,1,17.16334,79.61768,False
17.16_79.71,1,17.15927,79.70957,False
17.16_79.83,1,17.16016,79.8305,False
17.16_79.87,1,17.1596,79.87386,False
17.16_80.06,1,17.16327,80.05731,False
17.16_80.1,1,17.15559,80.10016,False
17.16_80.13,1,17.15602,80.12507,False
17.16_80.16,1,17.16474,80.1586,False
17.16_80.21,1,17.16037,80.20781,False
17.16_80.22,1,17.16019,80.22453,False
17.16_80.23,1,17.16343,80.23176,False
17.16_80.24,1,17.15533,80.23762,False
17.16_80.25,1,17.15553,80.25103,False
17.16_80.26,1,17.1563,80.258,False
17.16_80.27,1,17.15786,80.27216,False
17.16_80.35,1,17.15633,80.35033,False
17.16_80.37,1,17.15577,80.36696,False
17.16_80.39,1,17.16215,80.39038,False
17.16_80.43,1,17.15522,80.43159,False
17.16_80.65,1,17.15664,80.64726,False
17.17_74.13,1,17.16691,74.13126,False
17.17_77.38,1,17.17193,77.38377,False
17.17_77.67,1,17.1731,77.6749,False
17.17_78.12,1,17.17059,78.12441,False
17.17_78.72,1,17.1695,78.72269,False
17.17_79.05,1,17.17218,79.04803,False
17.17_79.2,1,17.17459,79.19839,False
17.17_79.37,1,17.17431,79.36784,False
17.17_79.52,1,17.1717,79.51981,False
17.17_80.03,1,17.16621,80.03175,False
17.17_80.06,1,17.16605,80.05756,False
17.17_80.1,1,17.16676,80.10223,False
17.17_80.11,1,17.16744,80.10733,False
17.17_80.19,1,17.17442,80.18782,False
17.17_80.23,1,17.16832,80.23163,False
17.17_80.25,1,17.1683,80.24545,False
17.17_80.31,1,17.16943,80.31305,False
17.17_80.38,1,17.1747,80.37544,False
17.17_80.44,1,17.16801,80.44202,False
17.17_80.73,1,17.17103,80.72939,False
17.18_77.17,1,17.18489,77.16611,False
17.18_77.59,1,17.18339,77.58895,False
17.18_77.68,1,17.17543,77.67777,False
17.18_77.78,1,17.17719,77.77654,False
17.18_79.13,1,17.1793,79.12943,False
17.18_79.3,1,17.17849,79.30454,False
17.18_79.37,1,17.17514,79.37178,False
17.18_79.56,1,17.17719,79.56257,False
17.18_79.59,1,17.18404,79.58743,False
17.18_79.6,1,17.17672,79.59642,False
17.18_79.63,1,17.17739,79.6302,False
17.18_79.83,1,17.18056,79.82825,False
17.18_79.99,1,17.1785,79.98987,False
17.18_80.03,1,17.18038,80.03146,False
17.18_80.04,1,17.17986,80.04059,False
17.18_80.05,1,17.18153,80.04971,False
17.18_80.08,1,17.17719,80.08316,False
17.18_80.13,1,17.17783,80.1338,False
17.18_80.14,1,17.18438,80.1359,False
17.18_80.18,1,17.18279,80.1809,False
17.18_80.22,1,17.17594,80.22086,False
17.18_80.24,1,17.1762,80.23565,False
17.18_80.37,1,17.18073,80.36726,False
17.18_80.42,1,17.18131,80.425,False
17.18_80.6,1,17.18291,80.59673,False
17.18_80.73,1,17.18025,80.7319,False
17.19_73.42,1,17.18917,73.42473,False
17.19_74.94,1,17.18888,74.94326,False
17.19_77.95,1,17.19292,77.94943,False
17.19_77.97,1,17.18547,77.96951,False
17.19_79.23,1,17.18989,79.23207,False
17.19_79.4,1,17.18651,79.39803,False
17.19_79.47,1,17.19237,79.46922,False
17.19_79.53,1,17.19278,79.52688,False
17.19_79.59,1,17.18821,79.58687,False
17.19_79.79,1,17.18947,79.78636,False
17.19_79.89,1,17.19202,79.88512,False
17.19_80.09,1,17.18958,80.09241,False
17.19_80.17,1,17.18992,80.16868,False
17.19_80.18,1,17.1888,80.18325,False
17.19_80.22,1,17.18684,80.22371,False
17.19_80.25,1,17.18748,80.24792,False
17.19_80.28,1,17.1934,80.28413,False
17.19_80.32,1,17.19496,80.32231,False
17.19_80.4,1,17.18597,80.40086,False
17.19_80.42,1,17.18624,80.42383,False
17.19_80.5,1,17.19291,80.50143,False
17.19_80.51,1,17.19379,80.50565,False
17.19_80.63,1,17.19181,80.62852,False
17.19_80.73,1,17.19377,80.72577,False
17.1_73.77,1,17.09549,73.77017,False
17.1_74.79,1,17.09905,74.79195,False
17.1_74.85,1,17.0951,74.84748,False
17.1_75.69,1,17.10305,75.69305,False
17.1_76.11,1,17.10429,76.11122,False
17.1_79.21,1,17.10102,79.20621,False
17.1_80.1,1,17.10321,80.10033,False
17.1_80.14,1,17.10128,80.13759,False
17.1_80.16,1,17.1047,80.16243,False
17.1_80.17,1,17.09813,80.16774,False
17.1_80.19,1,17.10029,80.1858,False
17.1_80.26,1,17.09898,80.26086,False
17.1_80.28,1,17.09803,80.27655,False
17.1_80.33,1,17.09543,80.32707,False
17.1_80.46,1,17.096,80.45815,False
17.1_80.63,1,17.10369,80.63129,False
17.1_80.66,1,17.09797,80.65588,False
17.1_80.67,1,17.10342,80.66874,False
17.1_80.68,1,17.09501,80.68356,False
17.1_80.77,1,17.10174,80.76862,False
17.1_80.78,1,17.10268,80.77601,False
17.1_80.85,1,17.1021,80.85123,False
17.21_73.53,1,17.20547,73.52582,False
17.21_75.3,1,17.21157,75.3033,False
17.21_76.5,1,17.2096,76.49579,False
17.21_77.4,1,17.20877,77.39797,False
17.21_77.41,1,17.20712,77.407,False
17.21_77.56,1,17.2136,77.56289,False
17.21_77.76,1,17.21376,77.76223,False
17.21_78.33,1,17.21043,78.33252,False
17.21_79.5,1,17.20803,79.50368,False
17.21_79.52,1,17.20927,79.51582,False
17.21_79.61,1,17.20532,79.6095,False
17.21_79.66,1,17.20838,79.6562,False
17.21_79.72,1,17.21138,79.72498,False
17.21_79.77,1,17.21199,79.7675,False
17.21_79.82,1,17.20856,79.81983,False
17.21_79.94,1,17.20551,79.9362,False
17.21_80.02,1,17.21317,80.01867,False
17.21_80.05,1,17.21014,80.04926,False
17.21_80.21,1,17.20574,80.21239,False
17.21_80.22,1,17.20501,80.21679,False
17.21_80.27,1,17.20943,80.2657,False
17.21_80.28,1,17.21036,80.27884,False
17.21_80.3,1,17.20969,80.30216,False
17.21_80.52,1,17.20819,80.51627,False
17.21_80.6,1,17.21431,80.60007,False
17.21_80.61,1,17.20678,80.60501,False
17.21_80.63,1,17.21167,80.62967,False
17.21_80.64,1,17.21355,80.64427,False
17.22_74.89,1,17.21807,74.89231,False
17.22_74.9,1,17.21864,74.89594,False
17.22_76.34,1,17.2229,76.3437,False
17.22_76.6,1,17.21646,76.60059,False
17.22_76.62,1,17.21509,76.61919,False
17.22_76.9,1,17.21952,76.90057,False
17.22_77.9,1,17.2167,77.89556,False
17.22_79.45,1,17.21913,79.44604,False
17.22_79.48,1,17.21753,79.47723,False
17.22_79.53,1,17.22057,79.52757,False
17.22_79.65,1,17.21767,79.64888,False
17.22_79.66,1,17.22312,79.66347,False
17.22_79.72,1,17.21538,79.71816,False
17.22_79.89,1,17.21805,79.8859,False
17.22_80.06,1,17.21786,80.05536,False
17.22_80.07,1,17.21557,80.07303,False
17.22_80.13,1,17.21907,80.12917,False
17.22_80.27,1,17.22217,80.27271,False
17.22_80.31,1,17.22224,80.31373,False
17.22_80.5,1,17.22253,80.50363,False
17.22_80.51,1,17.22333,80.51292,False
17.22_80.52,1,17.22057,80.51695,False
17.22_80.61,1,17.22101,80.61056,False
17.22_80.62,1,17.22233,80.61703,False
17.22_80.64,1,17.22251,80.64272,False
17.23_73.48,1,17.22729,73.47846,False
17.23_75.15,1,17.22912,75.14798,False
17.23_77.14,1,17.23113,77.13667,False
17.23_77.59,1,17.22733,77.59166,False
17.23_77.84,1,17.22934,77.83711,False
17.23_78.0,1,17.22578,78.00227,False
17.23_79.09,1,17.22945,79.09017,False
17.23_79.52,1,17.22595,79.5228,False
17.23_79.53,1,17.22658,79.5275,False
17.23_79.83,1,17.22665,79.82929,False
17.23_80.04,1,17.22986,80.03785,False
17.23_80.27,1,17.22683,80.27467,False
17.23_80.28,1,17.22699,80.27705,False
17.23_80.29,1,17.23034,80.28973,False
17.23_80.47,1,17.22676,80.47428,False
17.23_80.53,1,17.23118,80.53086,False
17.23_80.54,1,17.23095,80.53902,False
17.23_80.55,1,17.22534,80.54702,False
17.23_80.61,1,17.22617,80.60946,False
17.23_80.62,1,17.22749,80.61595,False
17.23_80.65,1,17.22705,80.65355,False
17.23_80.66,1,17.22728,80.66176,False
17.23_80.88,1,17.23115,80.8839,False
17.24_73.4,1,17.23643,73.39609,False
17.24_73.59,1,17.24114,73.59086,False
17.24_73.6,1,17.24122,73.60349,False
17.24_74.73,1,17.24392,74.72618,False
17.24_76.9,1,17.23784,76.90178,False
17.24_77.66,1,17.23539,77.66238,False
17.24_77.7,1,17.24415,77.70464,False
17.24_77.71,1,17.24049,77.70538,False
17.24_77.82,1,17.2436,77.82201,False
17.24_77.83,1,17.24486,77.82677,False
17.24_77.88,1,17.2417,77.87769,False
17.24_78.14,1,17.24177,78.13541,False
17.24_79.25,1,17.24063,79.25043,False
17.24_79.29,1,17.23831,79.28587,False
17.24_79.5,1,17.23625,79.50162,False
17.24_79.54,1,17.23752,79.5378,False
17.24_79.62,1,17.23982,79.62144,False
17.24_79.73,1,17.23848,79.72889,False
17.24_79.76,1,17.23652,79.7598,False
17.24_79.87,1,17.23941,79.86959,False
17.24_79.92,1,17.23838,79.92088,False
17.24_80.25,1,17.24476,80.24682,False
17.24_80.28,1,17.24253,80.27916,False
17.24_80.29,1,17.2424,80.2866,False
17.24_80.3,1,17.23656,80.29617,False
17.24_80.31,1,17.24418,80.30542,False
17.24_80.46,1,17.24147,80.46135,False
17.24_80.49,1,17.24394,80.4933,False
17.24_80.5,1,17.23872,80.50034,False
17.24_80.54,1,17.23878,80.54471,False
17.24_80.86,1,17.23791,80.86172,False
17.25_73.61,1,17.24657,73.60806,False
17.25_74.73,1,17.24939,74.72878,False
17.25_77.84,1,17.25459,77.84328,False
17.25_77.85,1,17.253,77.84885,False
17.25_77.92,1,17.25428,77.91891,False
17.25_79.25,1,17.24624,79.2492,False
17.25_79.26,1,17.24525,79.26054,False
17.25_79.52,1,17.25449,79.52442,False
17.25_79.57,1,17.25209,79.57004,False
17.25_79.59,1,17.25246,79.58794,False
17.25_79.63,1,17.2519,79.62717,False
17.25_79.9,1,17.25072,79.89751,False
17.25_80.02,1,17.25476,80.02195,False
17.25_80.03,1,17.25448,80.02917,False
17.25_80.04,1,17.25119,80.04052,False
17.25_80.05,1,17.2471,80.05178,False
17.25_80.07,1,17.25065,80.07216,False
17.25_80.25,1,17.24603,80.24733,False
17.25_80.28,1,17.25475,80.28464,False
17.25_80.29,1,17.25101,80.28851,False
17.25_80.31,1,17.25257,80.31317,False
17.25_80.43,1,17.25252,80.42682,False
17.25_80.46,1,17.25005,80.46014,False
17.25_80.47,1,17.25014,80.4689,False
17.25_80.54,1,17.25281,80.53825,False
17.25_80.73,1,17.25102,80.73184,False
17.25_80.76,1,17.25474,80.75664,False
17.25_80.87,1,17.25041,80.86719,False
17.26_76.47,1,17.25887,76.47187,False
17.26_78.84,1,17.26136,78.83681,False
17.26_79.45,1,17.26199,79.44655,False
17.26_79.69,1,17.25729,79.69022,False
17.26_79.7,1,17.25775,79.70364,False
17.26_79.88,1,17.2562,79.88416,False
17.26_80.01,1,17.26309,80.01321,False
17.26_80.02,1,17.26103,80.0239,False
17.26_80.06,1,17.26208,80.05785,False
17.26_80.2,1,17.25646,80.1985,False
17.26_80.23,1,17.2645,80.22615,False
17.26_80.25,1,17.25725,80.24586,False
17.26_80.29,1,17.25888,80.2874,False
17.26_80.3,1,17.26151,80.30446,False
17.26_80.33,1,17.26373,80.32991,False
17.26_80.47,1,17.25723,80.47287,False
17.27_74.05,1,17.27188,74.04895,False
17.27_74.74,1,17.27254,74.74457,False
17.27_75.87,1,17.26996,75.8665,False
17.27_77.03,1,17.27445,77.02798,False
17.27_77.15,1,17.26823,77.15316,False
17.27_77.85,1,17.26575,77.84657,False
17.27_79.19,1,17.27353,79.19188,False
17.27_79.21,1,17.26538,79.20943,False
17.27_79.29,1,17.27155,79.28523,False
17.27_79.43,1,17.27471,79.43097,False
17.27_79.61,1,17.2714,79.61317,False
17.27_80.0,1,17.27038,80.00169,False
17.27_80.02,1,17.26813,80.01885,False
17.27_80.03,1,17.27356,80.03341,False
17.27_80.05,1,17.27064,80.05186,False
17.27_80.08,1,17.27482,80.07789,False
17.27_80.24,1,17.26932,80.24107,False
17.27_80.26,1,17.27399,80.25584,False
17.27_80.28,1,17.26856,80.28313,False
17.27_80.3,1,17.26685,80.29594,False
17.27_80.36,1,17.26861,80.35729,False
17.27_80.39,1,17.27228,80.38795,False
17.27_80.44,1,17.26868,80.43647,False
17.28_75.2,1,17.27847,75.20084,False
17.28_76.18,1,17.28352,76.18479,False
17.28_77.46,1,17.28002,77.46275,False
17.28_78.3,1,17.28178,78.29522,False
17.28_79.19,1,17.27986,79.18693,False
17.28_79.56,1,17.28129,79.55688,False
17.28_79.59,1,17.2787,79.59339,False
17.28_79.69,1,17.28042,79.69164,False
17.28_79.74,1,17.2756,79.74042,False
17.28_79.95,1,17.2761,79.94692,False
17.28_80.03,1,17.27502,80.03146,False
17.28_80.09,1,17.27851,80.08585,False
17.28_80.25,1,17.2783,80.25084,False
17.28_80.27,1,17.28224,80.27103,False
17.28_80.29,1,17.28453,80.29246,False
17.28_80.33,1,17.27637,80.3344,False
17.28_80.34,1,17.27676,80.33765,False
17.28_80.4,1,17.28408,80.39957,False
17.28_80.45,1,17.27609,80.45422,False
17.28_80.58,1,17.27541,80.57907,False
17.28_80.75,1,17.27847,80.75095,False
17.28_80.76,1,17.27629,80.75889,False
17.28_80.84,1,17.28038,80.83984,False
17.29_75.14,1,17.28996,75.14144,False
17.29_75.21,1,17.28514,75.21088,False
17.29_76.48,1,17.28553,76.4846,False
17.29_77.41,1,17.29281,77.41184,False
17.29_77.49,1,17.29231,77.48951,False
17.29_79.03,1,17.28952,79.03456,False
17.29_79.14,1,17.28883,79.14258,False
17.29_79.15,1,17.28574,79.14762,False
17.29_79.19,1,17.2873,79.18978,False
17.29_79.28,1,17.29229,79.28142,False
17.29_79.38,1,17.29121,79.37859,False
17.29_79.45,1,17.28936,79.45335,False
17.29_79.48,1,17.28785,79.48164,False
17.29_79.64,1,17.28655,79.64071,False
17.29_79.96,1,17.28759,79.95671,False
17.29_79.98,1,17.28574,79.97964,False
17.29_80.06,1,17.28689,80.06246,False
17.29_80.07,1,17.28605,80.07478,False
17.29_80.18,1,17.28826,80.17632,False
17.29_80.23,1,17.28663,80.23405,False
17.29_80.27,1,17.28555,80.27048,False
17.29_80.28,1,17.28545,80.28094,False
17.29_80.3,1,17.28972,80.29813,False
17.29_80.4,1,17.28577,80.39964,False
17.29_80.65,1,17.2947,80.6541,False
17.29_80.76,1,17.28966,80.75661,False
17.2_76.42,1,17.20241,76.41702,False
17.2_76.84,1,17.201,76.83645,False
17.2_77.31,1,17.20333,77.30887,False
17.2_77.78,1,17.20298,77.77832,False
17.2_77.85,1,17.2039,77.85355,False
17.2_78.47,1,17.19547,78.46857,False
17.2_78.59,1,17.20414,78.59382,False
17.2_78.89,1,17.19647,78.88625,False
17.2_79.49,1,17.20044,79.49165,False
17.2_79.5,1,17.20235,79.50435,False
17.2_79.56,1,17.19769,79.55563,False
17.2_79.82,1,17.20201,79.82017,False
17.2_79.83,1,17.19662,79.82501,False
17.2_79.86,1,17.20366,79.86456,False
17.2_79.87,1,17.19624,79.87232,False
17.2_80.0,1,17.19677,80.00092,False
17.2_80.05,1,17.20395,80.0478,False
17.2_80.07,1,17.19799,80.07295,False
17.2_80.08,1,17.20008,80.07529,False
17.2_80.14,1,17.19808,80.14435,False
17.2_80.17,1,17.19681,80.16523,False
17.2_80.22,1,17.20113,80.21694,False
17.2_80.26,1,17.19651,80.26472,False
17.2_80.28,1,17.19701,80.27982,False
17.2_80.29,1,17.19536,80.28615,False
17.2_80.45,1,17.19903,80.4459,False
17.2_80.46,1,17.20038,80.45885,False
17.2_80.65,1,17.19786,80.65075,False
17.31_73.43,1,17.3053,73.42776,False
17.31_73.5,1,17.3099,73.50479,False
17.31_73.59,1,17.31235,73.59425,False
17.31_76.06,1,17.30853,76.06204,False
17.31_76.41,1,17.30741,76.40788,False
17.31_76.81,1,17.30508,76.8132,False
17.31_77.47,1,17.3085,77.47446,False
17.31_79.09,1,17.30573,79.09278,False
17.31_79.16,1,17.31141,79.16186,False
17.31_79.22,1,17.30536,79.22296,False
17.31_79.51,1,17.30703,79.51228,False
17.31_79.58,1,17.31181,79.57921,False
17.31_79.98,1,17.30929,79.98115,False
17.31_80.02,1,17.31156,80.0172,False
17.31_80.07,1,17.31006,80.07085,False
17.31_80.13,1,17.30542,80.13097,False
17.31_80.27,1,17.31312,80.27328,False
17.31_80.28,1,17.30784,80.28188,False
17.31_80.34,1,17.31355,80.3412,False
17.31_80.35,1,17.31089,80.35334,False
17.31_80.36,1,17.31321,80.35606,False
17.31_80.39,1,17.30712,80.39256,False
17.31_80.44,1,17.31174,80.43948,False
17.31_80.75,1,17.30766,80.74757,False
17.31_80.76,1,17.31057,80.76322,False
17.31_80.78,1,17.30989,80.77534,False
17.32_73.54,1,17.32417,73.54347,False
17.32_73.56,1,17.32184,73.56187,False
17.32_73.61,1,17.31512,73.60629,False
17.32_74.04,1,17.32064,74.04052,False
17.32_76.02,1,17.31688,76.01992,False
17.32_76.33,1,17.32055,76.32697,False
17.32_76.67,1,17.3188,76.66769,False
17.32_77.72,1,17.31667,77.71688,False
17.32_78.49,1,17.31841,78.48719,False
17.32_78.69,1,17.32247,78.69495,False
17.32_78.81,1,17.32267,78.81477,False
17.32_78.96,1,17.32046,78.95889,False
17.32_79.56,1,17.31696,79.56319,False
17.32_79.57,1,17.31993,79.57442,False
17.32_79.58,1,17.31559,79.57867,False
17.32_79.61,1,17.32326,79.60689,False
17.32_79.63,1,17.31797,79.63249,False
17.32_79.66,1,17.32323,79.66499,False
17.32_79.77,1,17.31728,79.76782,False
17.32_79.98,1,17.31683,79.98124,False
17.32_80.12,1,17.31771,80.11792,False
17.32_80.13,1,17.31819,80.13344,False
17.32_80.14,1,17.3156,80.14423,False
17.32_80.3,1,17.3187,80.30064,False
17.32_80.32,1,17.3233,80.31952,False
17.32_80.36,1,17.31753,80.36362,False
17.32_80.39,1,17.31542,80.39197,False
17.32_80.41,1,17.32193,80.40967,False
17.32_80.64,1,17.31587,80.63573,False
17.32_80.74,1,17.3201,80.74032,False
17.32_80.82,1,17.31735,80.82285,False
17.32_80.83,1,17.31774,80.83067,False
17.32_80.86,1,17.32005,80.86468,False
17.32_80.87,1,17.32018,80.86908,False
17.33_73.48,1,17.33221,73.48396,False
17.33_73.56,1,17.32547,73.56115,False
17.33_74.79,1,17.33399,74.79392,False
17.33_75.24,1,17.3345,75.23724,False
17.33_77.41,1,17.33011,77.40777,False
17.33_77.45,1,17.32893,77.44929,False
17.33_79.1,1,17.33175,79.10471,False
17.33_79.12,1,17.33153,79.12234,False
17.33_79.15,1,17.33273,79.15421,False
17.33_79.17,1,17.33,79.17194,False
17.33_79.27,1,17.3332,79.27239,False
17.33_79.4,1,17.33451,79.40353,False
17.33_79.47,1,17.32647,79.46826,False
17.33_79.48,1,17.33089,79.48316,False
17.33_79.73,1,17.32617,79.73445,False
17.33_79.74,1,17.32554,79.7353,False
17.33_79.87,1,17.32569,79.86993,False
17.33_80.0,1,17.32652,79.99676,False
17.33_80.15,1,17.32723,80.14617,False
17.33_80.2,1,17.33084,80.20399,False
17.33_80.21,1,17.33133,80.20665,False
17.33_80.33,1,17.33259,80.33289,False
17.33_80.34,1,17.33377,80.34005,False
17.33_80.41,1,17.32928,80.40898,False
17.33_80.45,1,17.32921,80.44614,False
17.33_80.5,1,17.32535,80.49827,False
17.33_80.88,1,17.331,80.88455,False
17.33_80.9,1,17.33065,80.89648,False
17.34_73.35,1,17.34454,73.35281,False
17.34_73.36,1,17.34485,73.35574,False
17.34_73.58,1,17.3388,73.57517,False
17.34_77.35,1,17.34292,77.34987,False
17.34_78.83,1,17.34173,78.82571,False
17.34_78.84,1,17.3445,78.83849,False
17.34_79.1,1,17.33579,79.10413,False
17.34_79.12,1,17.33842,79.12222,False
17.34_79.46,1,17.33625,79.45879,False
17.34_79.47,1,17.34463,79.46743,False
17.34_79.69,1,17.33879,79.6932,False
17.34_79.82,1,17.33874,79.81675,False
17.34_79.95,1,17.34198,79.94579,False
17.34_80.05,1,17.33975,80.05478,False
17.34_80.23,1,17.33835,80.22584,False
17.34_80.46,1,17.33996,80.45582,False
17.34_80.52,1,17.33697,80.52253,False
17.34_80.77,1,17.33517,80.76709,False
17.34_80.88,1,17.33905,80.88357,False
17.34_80.89,1,17.33627,80.89133,False
17.35_73.36,1,17.34522,73.35513,False
17.35_73.75,1,17.35022,73.74711,False
17.35_74.73,1,17.35315,74.72919,False
17.35_76.03,1,17.35187,76.03482,False
17.35_77.24,1,17.35404,77.23615,False
17.35_78.07,1,17.35039,78.06853,False
17.35_78.84,1,17.34511,78.8429,False
17.35_78.85,1,17.34571,78.84806,False
17.35_78.88,1,17.34659,78.87737,False
17.35_78.9,1,17.34913,78.90154,False
17.35_79.0,1,17.35325,78.9954,False
17.35_79.19,1,17.35154,79.19313,False
17.35_79.44,1,17.35482,79.43964,False
17.35_79.45,1,17.35113,79.44659,False
17.35_79.5,1,17.35219,79.49947,False
17.35_79.51,1,17.34608,79.51462,False
17.35_79.78,1,17.35182,79.77848,False
17.35_79.99,1,17.34945,79.99335,False
17.35_80.0,1,17.34833,79.99939,False
17.35_80.32,1,17.35396,80.31896,False
17.35_80.42,1,17.34514,80.423,False
17.35_80.48,1,17.34728,80.48499,False
17.35_80.58,1,17.34912,80.5764,False
17.35_80.85,1,17.34843,80.85129,False
17.35_80.87,1,17.35445,80.87457,False
17.36_74.69,1,17.36003,74.68774,False
17.36_76.88,1,17.3574,76.87903,False
17.36_78.97,1,17.35972,78.96883,False
17.36_79.0,1,17.35998,78.99541,False
17.36_79.04,1,17.35736,79.04351,False
17.36_79.2,1,17.36209,79.20255,False
17.36_79.44,1,17.35554,79.4425,False
17.36_79.45,1,17.35615,79.44553,False
17.36_79.84,1,17.36407,79.83666,False
17.36_79.98,1,17.35831,79.97575,False
17.36_80.16,1,17.35507,80.15913,False
17.36_80.35,1,17.35807,80.35455,False
17.36_80.42,1,17.35707,80.42418,False
17.36_80.43,1,17.35747,80.43395,False
17.36_80.44,1,17.35785,80.43757,False
17.36_80.55,1,17.36239,80.54543,False
17.36_80.82,1,17.35756,80.8237,False
17.37_74.1,1,17.36865,74.10494,False
17.37_74.23,1,17.37497,74.23135,False
17.37_74.67,1,17.37269,74.67342,False
17.37_74.69,1,17.36924,74.6858,False
17.37_75.87,1,17.37308,75.87157,False
17.37_76.34,1,17.36718,76.34203,False
17.37_76.99,1,17.36806,76.99157,False
17.37_77.0,1,17.36837,76.99501,False
17.37_77.45,1,17.37031,77.4464,False
17.37_77.97,1,17.36936,77.96584,False
17.37_78.88,1,17.37399,78.88047,False
17.37_78.89,1,17.36619,78.89008,False
17.37_78.96,1,17.37111,78.95619,False
17.37_78.98,1,17.37448,78.97876,False
17.37_79.0,1,17.36944,79.00256,False
17.37_79.03,1,17.36728,79.02792,False
17.37_79.08,1,17.37427,79.08315,False
17.37_79.09,1,17.37409,79.08972,False
17.37_79.21,1,17.37395,79.20679,False
17.37_79.49,1,17.36728,79.4901,False
17.37_79.62,1,17.37497,79.62119,False
17.37_79.64,1,17.3743,79.64471,False
17.37_79.65,1,17.36737,79.65173,False
17.37_79.93,1,17.36566,79.93109,False
17.37_80.03,1,17.37496,80.03292,False
17.37_80.04,1,17.36922,80.03777,False
17.37_80.1,1,17.37064,80.10413,False
17.37_80.17,1,17.37048,80.16803,False
17.37_80.18,1,17.3725,80.18349,False
17.37_80.19,1,17.37059,80.19361,False
17.37_80.21,1,17.37097,80.21278,False
17.37_80.23,1,17.37233,80.2348,False
17.37_80.63,1,17.36769,80.63383,False
17.37_80.67,1,17.36902,80.67426,False
17.38_73.37,1,17.37701,73.3713,False
17.38_74.23,1,17.37757,74.23267,False
17.38_74.68,1,17.37708,74.68267,False
17.38_74.69,1,17.37646,74.68696,False
17.38_75.17,1,17.38072,75.17437,False
17.38_75.94,1,17.38398,75.939,False
17.38_77.09,1,17.3842,77.08844,False
17.38_77.48,1,17.37751,77.4848,False
17.38_77.65,1,17.3777,77.64787,False
17.38_78.7,1,17.38372,78.70158,False
17.38_78.73,1,17.38408,78.73399,False
17.38_78.75,1,17.37994,78.74976,False
17.38_78.89,1,17.37526,78.88583,False
17.38_78.94,1,17.37789,78.94309,False
17.38_79.09,1,17.37547,79.08849,False
17.38_79.42,1,17.37961,79.41807,False
17.38_79.5,1,17.38403,79.49892,False
17.38_79.6,1,17.38379,79.60029,False
17.38_79.65,1,17.37876,79.65076,False
17.38_79.79,1,17.37829,79.78528,False
17.38_79.86,1,17.37687,79.86177,False
17.38_79.94,1,17.37654,79.93726,False
17.38_80.02,1,17.38383,80.01721,False
17.38_80.03,1,17.37761,80.03124,False
17.38_80.08,1,17.38353,80.07506,False
17.38_80.48,1,17.379,80.48345,False
17.38_80.5,1,17.38132,80.49826,False
17.38_80.79,1,17.37797,80.79115,False
17.38_80.8,1,17.3794,80.80014,False
17.38_80.9,1,17.3772,80.89533,False
17.39_78.77,1,17.39487,78.77362,False
17.39_78.94,1,17.39302,78.93742,False
17.39_79.03,1,17.39076,79.0348,False
17.39_79.23,1,17.39186,79.23489,False
17.39_79.41,1,17.39042,79.41254,False
17.39_79.5,1,17.38502,79.49893,False
17.39_79.6,1,17.38758,79.59973,False
17.39_79.61,1,17.3949,79.61165,False
17.39_79.71,1,17.39499,79.70859,False
17.39_79.81,1,17.3948,79.81195,False
17.39_79.99,1,17.39258,79.99165,False
17.39_80.0,1,17.38517,80.00198,False
17.39_80.02,1,17.39444,80.02309,False
17.39_80.07,1,17.38647,80.07332,False
17.39_80.13,1,17.3899,80.12627,False
17.39_80.43,1,17.39152,80.43422,False
17.39_80.52,1,17.38778,80.52402,False
17.3_77.42,1,17.30063,77.42493,False
17.3_77.78,1,17.30173,77.78061,False
17.3_77.79,1,17.2984,77.78569,False
17.3_78.5,1,17.30194,78.49587,False
17.3_79.2,1,17.30349,79.19624,False
17.3_79.55,1,17.30333,79.54597,False
17.3_79.57,1,17.29979,79.56883,False
17.3_79.7,1,17.29628,79.70244,False
17.3_79.98,1,17.30447,79.98359,False
17.3_80.03,1,17.30276,80.02901,False
17.3_80.04,1,17.29819,80.045,False
17.3_80.05,1,17.29873,80.04873,False
17.3_80.13,1,17.29851,80.13486,False
17.3_80.19,1,17.30257,80.1937,False
17.3_80.26,1,17.29744,80.26212,False
17.3_80.28,1,17.2995,80.27932,False
17.3_80.29,1,17.29649,80.28658,False
17.3_80.3,1,17.30074,80.30219,False
17.3_80.31,1,17.29937,80.307,False
17.3_80.36,1,17.29528,80.35546,False
17.3_80.37,1,17.29676,80.37021,False
17.3_80.47,1,17.29979,80.46951,False
17.3_80.48,1,17.30482,80.47527,False
17.3_80.76,1,17.29934,80.76006,False
17.3_80.82,1,17.29808,80.81701,False
17.41_73.44,1,17.41327,73.44424,False
17.41_73.46,1,17.40885,73.46106,False
17.41_75.42,1,17.41197,75.42319,False
17.41_78.77,1,17.40574,78.77203,False
17.41_79.4,1,17.41349,79.40143,False
17.41_79.45,1,17.40515,79.45313,False
17.41_79.5,1,17.41118,79.49757,False
17.41_79.58,1,17.41216,79.58149,False
17.41_79.6,1,17.40649,79.60373,False
17.41_79.73,1,17.40827,79.73135,False
17.41_79.78,1,17.41067,79.78353,False
17.41_79.82,1,17.40656,79.82136,False
17.41_79.84,1,17.40697,79.83559,False
17.41_79.98,1,17.41071,79.97609,False
17.41_79.99,1,17.40765,79.98854,False
17.41_80.0,1,17.40522,80.00429,False
17.41_80.34,1,17.41035,80.34216,False
17.41_80.35,1,17.4111,80.34588,False
17.41_80.45,1,17.40731,80.44596,False
17.41_80.46,1,17.40725,80.46432,False
17.41_80.49,1,17.40808,80.4905,False
17.41_80.62,1,17.41412,80.62489,False
17.41_80.74,1,17.40602,80.7406,False
17.41_80.79,1,17.40892,80.79353,False
17.42_75.36,1,17.4245,75.35696,False
17.42_75.57,1,17.42074,75.56982,False
17.42_75.82,1,17.42358,75.81511,False
17.42_76.71,1,17.42487,76.71333,False
17.42_76.97,1,17.41934,76.97022,False
17.42_77.74,1,17.41628,77.74168,False
17.42_78.05,1,17.41758,78.05205,False
17.42_78.93,1,17.41596,78.92796,False
17.42_79.03,1,17.41862,79.03229,False
17.42_79.05,1,17.41706,79.04539,False
17.42_79.15,1,17.42225,79.1453,False
17.42_79.6,1,17.41744,79.60137,False
17.42_79.72,1,17.41561,79.71709,False
17.42_79.76,1,17.42025,79.75842,False
17.42_79.96,1,17.41874,79.95612,False
17.42_80.05,1,17.42082,80.04785,False
17.42_80.07,1,17.41587,80.07397,False
17.42_80.08,1,17.41655,80.0791,False
17.42_80.12,1,17.42388,80.11948,False
17.42_80.16,1,17.41549,80.15984,False
17.42_80.3,1,17.42236,80.29621,False
17.42_80.35,1,17.41703,80.34821,False
17.42_80.38,1,17.42325,80.38429,False
17.42_80.49,1,17.42074,80.4893,False
17.42_80.52,1,17.42188,80.52078,False
17.42_80.53,1,17.42403,80.53382,False
17.42_80.73,1,17.42158,80.73039,False
17.42_80.8,1,17.4161,80.79606,False
17.43_73.78,1,17.43122,73.78438,False
17.43_73.8,1,17.43467,73.79963,False
17.43_74.25,1,17.42896,74.24561,False
17.43_74.85,1,17.42831,74.84691,False
17.43_74.97,1,17.43479,74.96613,False
17.43_76.51,1,17.42924,76.5068,False
17.43_77.61,1,17.43351,77.61431,False
17.43_78.06,1,17.42866,78.05651,False
17.43_78.21,1,17.42892,78.2063,False
17.43_79.0,1,17.42845,78.9969,False
17.43_79.17,1,17.42946,79.16772,False
17.43_79.52,1,17.43235,79.51803,False
17.43_79.54,1,17.42743,79.54007,False
17.43_79.58,1,17.42529,79.57922,False
17.43_79.71,1,17.4252,79.70786,False
17.43_79.74,1,17.42977,79.74209,False
17.43_79.94,1,17.43449,79.94239,False
17.43_79.98,1,17.42523,79.97572,False
17.43_80.12,1,17.42989,80.12175,False
17.43_80.17,1,17.43077,80.17277,False
17.43_80.26,1,17.43247,80.26173,False
17.43_80.37,1,17.42703,80.36582,False
17.43_80.43,1,17.43446,80.4345,False
17.43_80.51,1,17.43343,80.50887,False
17.43_80.74,1,17.42873,80.74362,False
17.43_80.76,1,17.43438,80.75845,False
17.44_73.4,1,17.43961,73.39548,False
17.44_73.47,1,17.43517,73.47439,False
17.44_73.95,1,17.4425,73.95352,False
17.44_74.68,1,17.44095,74.68133,False
17.44_75.84,1,17.44364,75.84424,False
17.44_76.51,1,17.43593,76.50572,False
17.44_76.55,1,17.44306,76.54586,False
17.44_77.15,1,17.44282,77.15353,False
17.44_78.92,1,17.44456,78.91915,False
17.44_79.45,1,17.44465,79.45402,False
17.44_79.58,1,17.43668,79.58056,False
17.44_79.67,1,17.4351,79.67377,False
17.44_79.85,1,17.4413,79.84959,False
17.44_80.05,1,17.43819,80.05482,False
17.44_80.15,1,17.43513,80.14558,False
17.44_80.37,1,17.44423,80.37391,False
17.44_80.38,1,17.44215,80.37657,False
17.44_80.45,1,17.43942,80.45348,False
17.44_80.5,1,17.44354,80.49815,False
17.44_80.68,1,17.44149,80.68107,False
17.44_80.74,1,17.43792,80.74492,False
17.44_80.83,1,17.43587,80.82782,False
17.45_73.39,1,17.45144,73.39423,False
17.45_73.5,1,17.44614,73.50008,False
17.45_73.56,1,17.45452,73.56017,False
17.45_76.55,1,17.45069,76.55289,False
17.45_78.64,1,17.45274,78.64451,False
17.45_78.82,1,17.44631,78.82082,False
17.45_78.92,1,17.44821,78.91861,False
17.45_78.99,1,17.4501,78.98651,False
17.45_79.11,1,17.45238,79.11089,False
17.45_79.18,1,17.45053,79.18385,False
17.45_79.84,1,17.45282,79.83784,False
17.45_79.85,1,17.44694,79.8503,False
17.45_79.89,1,17.44899,79.89353,False
17.45_79.91,1,17.45455,79.91447,False
17.45_80.02,1,17.44632,80.02325,False
17.45_80.38,1,17.45075,80.37987,False
17.45_80.44,1,17.44593,80.4357,False
17.46_73.42,1,17.45527,73.4238,False
17.46_73.44,1,17.45657,73.44011,False
17.46_79.2,1,17.45875,79.20062,False
17.46_79.34,1,17.46438,79.33892,False
17.46_79.41,1,17.45836,79.41158,False
17.46_79.51,1,17.46334,79.50728,False
17.46_79.52,1,17.46354,79.51831,False
17.46_79.55,1,17.45622,79.55057,False
17.46_79.59,1,17.45934,79.58988,False
17.46_79.6,1,17.4581,79.60423,False
17.46_79.74,1,17.46414,79.73631,False
17.46_79.77,1,17.45969,79.77481,False
17.46_79.83,1,17.46076,79.82794,False
17.46_79.85,1,17.46476,79.84506,False
17.46_79.91,1,17.46027,79.90562,False
17.46_79.95,1,17.4646,79.95088,False
17.46_80.07,1,17.45891,80.06936,False
17.46_80.35,1,17.45544,80.34953,False
17.46_80.43,1,17.46245,80.43387,False
17.46_80.45,1,17.46341,80.45461,False
17.46_80.46,1,17.46358,80.46326,False
17.46_80.49,1,17.46181,80.49421,False
17.46_80.66,1,17.46439,80.65569,False
17.47_73.43,1,17.47463,73.43333,False
17.47_78.23,1,17.46928,78.23266,False
17.47_79.29,1,17.46945,79.29057,False
17.47_79.44,1,17.46586,79.43927,False
17.47_79.62,1,17.47135,79.62363,False
17.47_79.68,1,17.47071,79.67503,False
17.47_79.91,1,17.47497,79.90814,False
17.47_79.96,1,17.4651,79.95504,False
17.47_80.05,1,17.46594,80.0494,False
17.47_80.09,1,17.47405,80.09429,False
17.47_80.36,1,17.46565,80.36205,False
17.47_80.37,1,17.4718,80.37382,False
17.47_80.43,1,17.46661,80.4323,False
17.47_80.44,1,17.46728,80.43565,False
17.47_80.53,1,17.46848,80.53233,False
17.47_80.65,1,17.46558,80.65414,False
17.48_73.38,1,17.48404,73.37613,False
17.48_74.24,1,17.47764,74.23624,False
17.48_74.74,1,17.48286,74.74292,False
17.48_75.21,1,17.48368,75.21395,False
17.48_75.54,1,17.48276,75.54491,False
17.48_78.11,1,17.48258,78.1104,False
17.48_78.66,1,17.48326,78.66049,False
17.48_78.77,1,17.48454,78.7747,False
17.48_78.9,1,17.48347,78.90352,False
17.48_78.91,1,17.48393,78.90714,False
17.48_79.11,1,17.48198,79.10991,False
17.48_79.52,1,17.48039,79.5171,False
17.48_79.53,1,17.47925,79.52789,False
17.48_79.87,1,17.48104,79.86917,False
17.48_80.01,1,17.47934,80.00839,False
17.48_80.06,1,17.47562,80.05877,False
17.48_80.09,1,17.47716,80.08982,False
17.48_80.28,1,17.48321,80.27874,False
17.48_80.36,1,17.48326,80.36302,False
17.48_80.38,1,17.47921,80.38083,False
17.48_80.45,1,17.48056,80.44958,False
17.48_80.73,1,17.47609,80.72793,False
17.49_73.32,1,17.49409,73.31871,False
17.49_73.43,1,17.48582,73.43143,False
17.49_75.02,1,17.48552,75.02074,False
17.49_75.61,1,17.48916,75.61185,False
17.49_76.93,1,17.49189,76.93072,False
17.49_77.77,1,17.49157,77.77184,False
17.49_78.0,1,17.48504,77.99731,False
17.49_78.34,1,17.48744,78.33878,False
17.49_79.45,1,17.48723,79.44608,False
17.49_79.55,1,17.48629,79.54708,False
17.49_79.68,1,17.49379,79.68112,False
17.49_79.69,1,17.49367,79.69292,False
17.49_79.72,1,17.48996,79.71552,False
17.49_79.85,1,17.49172,79.84824,False
17.49_79.88,1,17.49191,79.88447,False
17.49_79.93,1,17.49036,79.92933,False
17.49_79.95,1,17.49442,79.94505,False
17.49_79.99,1,17.49367,79.98789,False
17.49_80.0,1,17.49091,79.99606,False
17.49_80.06,1,17.49163,80.05931,False
17.49_80.28,1,17.48937,80.28138,False
17.49_80.83,1,17.48815,80.83435,False
17.49_80.88,1,17.48671,80.88468,False
17.4_74.44,1,17.39653,74.43626,False
17.4_75.55,1,17.40193,75.54829,False
17.4_75.76,1,17.39619,75.75562,False
17.4_76.37,1,17.39964,76.37385,False
17.4_77.38,1,17.40082,77.38261,False
17.4_77.48,1,17.39978,77.4819,False
17.4_78.36,1,17.40183,78.36336,False
17.4_78.72,1,17.39802,78.71863,False
17.4_78.76,1,17.40091,78.7638,False
17.4_78.77,1,17.39519,78.77169,False
17.4_78.86,1,17.40305,78.85767,False
17.4_78.87,1,17.3959,78.87452,False
17.4_78.88,1,17.39568,78.87544,False
17.4_79.87,1,17.4038,79.87137,False
17.4_79.91,1,17.4029,79.90758,False
17.4_80.0,1,17.39555,79.99796,False
17.4_80.01,1,17.3969,80.00801,False
17.4_80.15,1,17.40321,80.15287,False
17.4_80.34,1,17.40468,80.33696,False
17.4_80.41,1,17.40049,80.41444,False
17.4_80.43,1,17.40344,80.42973,False
17.4_80.44,1,17.39742,80.4371,False
17.4_80.48,1,17.39821,80.48148,False
17.4_80.49,1,17.39634,80.48905,False
17.4_80.64,1,17.40255,80.63665,False
17.51_73.42,1,17.50562,73.42177,False
17.51_73.43,1,17.50627,73.4254,False
17.51_73.82,1,17.51122,73.82355,False
17.51_73.84,1,17.51368,73.84024,False
17.51_74.1,1,17.51034,74.09695,False
17.51_75.82,1,17.5121,75.82494,False
17.51_76.99,1,17.50738,76.9894,False
17.51_77.0,1,17.50853,76.99793,False
17.51_78.04,1,17.51323,78.04234,False
17.51_78.28,1,17.51262,78.28336,False
17.51_78.44,1,17.51159,78.43548,False
17.51_78.8,1,17.50775,78.79921,False
17.51_79.57,1,17.50679,79.56778,False
17.51_79.59,1,17.50667,79.59478,False
17.51_80.02,1,17.51,80.0172,False
17.51_80.16,1,17.51266,80.16351,False
17.51_80.28,1,17.50729,80.28384,False
17.51_80.38,1,17.51314,80.37512,False
17.51_80.39,1,17.51455,80.39268,False
17.51_80.43,1,17.5088,80.42831,False
17.51_80.46,1,17.50594,80.4635,False
17.51_80.76,1,17.5092,80.76167,False
17.51_80.83,1,17.51314,80.83082,False
17.51_80.84,1,17.51042,80.83691,False
17.52_73.82,1,17.51902,73.81979,False
17.52_75.19,1,17.52299,75.18616,False
17.52_76.88,1,17.51561,76.87622,False
17.52_78.17,1,17.51864,78.17349,False
17.52_79.19,1,17.52395,79.18756,False
17.52_79.68,1,17.52151,79.67974,False
17.52_79.71,1,17.52403,79.70817,False
17.52_79.83,1,17.51544,79.82523,False
17.52_79.85,1,17.51528,79.85004,False
17.52_79.86,1,17.51746,79.85978,False
17.52_79.92,1,17.52477,79.91618,False
17.52_80.04,1,17.51914,80.03928,False
17.52_80.08,1,17.52451,80.08092,False
17.52_80.09,1,17.51848,80.08645,False
17.52_80.17,1,17.51582,80.17409,False
17.52_80.21,1,17.5172,80.20605,False
17.52_80.27,1,17.52242,80.27483,False
17.52_80.29,1,17.51882,80.28883,False
17.52_80.4,1,17.51894,80.39742,False
17.52_80.43,1,17.51854,80.42964,False
17.52_80.52,1,17.51613,80.52404,False
17.52_80.67,1,17.52428,80.67437,False
17.52_80.68,1,17.52486,80.67806,False
17.52_80.69,1,17.5241,80.69369,False
17.52_80.8,1,17.5173,80.80421,False
17.52_80.84,1,17.51548,80.83585,False
17.52_80.85,1,17.52196,80.85176,False
17.53_73.24,1,17.53067,73.23671,False
17.53_73.35,1,17.53444,73.35431,False
17.53_73.41,1,17.52616,73.40686,False
17.53_75.17,1,17.52812,75.16628,False
17.53_75.52,1,17.5277,75.52213,False
17.53_75.77,1,17.53349,75.76892,False
17.53_76.36,1,17.53244,76.35894,False
17.53_78.04,1,17.5278,78.04232,False
17.53_78.46,1,17.53123,78.46069,False
17.53_79.19,1,17.53247,79.19263,False
17.53_79.6,1,17.53314,79.5973,False
17.53_79.81,1,17.53383,79.81184,False
17.53_79.85,1,17.52529,79.84561,False
17.53_79.91,1,17.53228,79.90818,False
17.53_80.04,1,17.52885,80.04053,False
17.53_80.38,1,17.52645,80.38403,False
17.53_80.4,1,17.53253,80.39954,False
17.53_80.42,1,17.52984,80.41566,False
17.53_80.47,1,17.52764,80.46848,False
17.53_80.67,1,17.52626,80.67375,False
17.54_73.44,1,17.54102,73.43984,False
17.54_76.36,1,17.53631,76.36205,False
17.54_78.39,1,17.53945,78.39018,False
17.54_78.58,1,17.54125,78.57848,False
17.54_78.68,1,17.54469,78.67976,False
17.54_78.99,1,17.536,78.98902,False
17.54_79.0,1,17.54092,79.00417,False
17.54_79.36,1,17.53989,79.36147,False
17.54_79.51,1,17.53543,79.50681,False
17.54_79.53,1,17.53892,79.5257,False
17.54_79.69,1,17.53827,79.69328,False
17.54_79.75,1,17.54426,79.75362,False
17.54_79.81,1,17.53521,79.80931,False
17.54_79.95,1,17.54143,79.95382,False
17.54_80.06,1,17.54301,80.05642,False
17.54_80.08,1,17.53638,80.08094,False
17.54_80.09,1,17.53592,80.09224,False
17.54_80.25,1,17.53595,80.24667,False
17.54_80.38,1,17.53974,80.37933,False
17.54_80.75,1,17.53541,80.7535,False
17.55_73.3,1,17.55482,73.29713,False
17.55_73.59,1,17.55468,73.58846,False
17.55_73.92,1,17.55256,73.92313,False
17.55_75.85,1,17.54829,75.85263,False
17.55_78.47,1,17.54726,78.47427,False
17.55_78.68,1,17.54833,78.67824,False
17.55_79.07,1,17.54847,79.07188,False
17.55_79.13,1,17.55066,79.13418,False
17.55_79.18,1,17.54801,79.18136,False
17.55_79.7,1,17.54656,79.69706,False
17.55_79.79,1,17.55461,79.79134,False
17.55_79.81,1,17.5543,79.80791,False
17.55_79.89,1,17.55178,79.89197,False
17.55_79.99,1,17.54671,79.98651,False
17.55_80.0,1,17.54563,79.99889,False
17.55_80.06,1,17.54659,80.05589,False
17.55_80.13,1,17.55236,80.13274,False
17.55_80.14,1,17.54532,80.13823,False
17.55_80.24,1,17.55246,80.24418,False
17.55_80.25,1,17.55316,80.24757,False
17.55_80.43,1,17.54516,80.43111,False
17.55_80.47,1,17.54503,80.4714,False
17.55_80.48,1,17.54557,80.47595,False
17.55_80.5,1,17.55122,80.49701,False
17.55_80.79,1,17.54881,80.78873,False
17.56_73.29,1,17.55931,73.29258,False
17.56_73.3,1,17.5554,73.30127,False
17.56_73.31,1,17.55598,73.30544,False
17.56_73.41,1,17.55918,73.40604,False
17.56_75.37,1,17.55725,75.37044,False
17.56_75.43,1,17.55684,75.42535,False
17.56_77.79,1,17.55861,77.79006,False
17.56_78.23,1,17.56293,78.22736,False
17.56_78.29,1,17.55587,78.29064,False
17.56_78.66,1,17.55665,78.65714,False
17.56_79.01,1,17.56326,79.01125,False
17.56_79.31,1,17.55685,79.31135,False
17.56_79.37,1,17.56257,79.37427,False
17.56_79.38,1,17.56306,79.37814,False
17.56_79.4,1,17.56342,79.39828,False
17.56_79.46,1,17.55713,79.46147,False
17.56_79.48,1,17.55986,79.47977,False
17.56_79.51,1,17.56222,79.50533,False
17.56_79.66,1,17.56425,79.66187,False
17.56_79.7,1,17.5591,79.69797,False
17.56_79.77,1,17.56226,79.76622,False
17.56_79.78,1,17.56339,79.78436,False
17.56_79.81,1,17.56398,79.80879,False
17.56_79.87,1,17.55528,79.86686,False
17.56_79.93,1,17.55906,79.92799,False
17.56_79.94,1,17.56052,79.93509,False
17.56_80.13,1,17.55824,80.13377,False
17.56_80.25,1,17.56043,80.25337,False
17.56_80.44,1,17.56107,80.44006,False
17.56_80.46,1,17.56245,80.45827,False
17.56_80.51,1,17.5558,80.51496,False
17.56_80.58,1,17.55774,80.5848,False
17.57_73.96,1,17.57138,73.96481,False
17.57_78.41,1,17.57217,78.41438,False
17.57_79.16,1,17.56743,79.15572,False
17.57_79.42,1,17.56527,79.42309,False
17.57_79.48,1,17.56515,79.48254,False
17.57_79.5,1,17.56782,79.49921,False
17.57_79.56,1,17.56502,79.56445,False
17.57_79.57,1,17.56608,79.57472,False
17.57_79.58,1,17.57134,79.57915,False
17.57_79.66,1,17.56806,79.66131,False
17.57_79.69,1,17.56947,79.69382,False
17.57_79.7,1,17.56519,79.69628,False
17.57_79.75,1,17.56679,79.74783,False
17.57_79.83,1,17.57244,79.83017,False
17.57_79.86,1,17.56841,79.86102,False
17.57_79.9,1,17.56597,79.90126,False
17.57_79.93,1,17.56514,79.93037,False
17.57_80.03,1,17.57189,80.02729,False
17.57_80.18,1,17.56516,80.17683,False
17.57_80.22,1,17.56846,80.2217,False
17.57_80.23,1,17.5657,80.22606,False
17.57_80.46,1,17.5693,80.45663,False
17.57_80.68,1,17.57433,80.67857,False
17.58_73.36,1,17.5836,73.3638,False
17.58_73.47,1,17.57566,73.47375,False
17.58_73.61,1,17.57636,73.61231,False
17.58_76.06,1,17.57911,76.06025,False
17.58_78.18,1,17.58221,78.18232,False
17.58_78.71,1,17.58311,78.70652,False
17.58_78.96,1,17.58386,78.96457,False
17.58_79.35,1,17.58064,79.34766,False
17.58_79.49,1,17.57697,79.49287,False
17.58_79.54,1,17.57777,79.54089,False
17.58_79.57,1,17.57871,79.57396,False
17.58_79.58,1,17.57859,79.57604,False
17.58_79.64,1,17.57811,79.64494,False
17.58_79.7,1,17.58152,79.70055,False
17.58_79.74,1,17.57612,79.74296,False
17.58_79.75,1,17.57501,79.74534,False
17.58_79.77,1,17.58454,79.77095,False
17.58_79.83,1,17.57718,79.8296,False
17.58_79.86,1,17.57608,79.8599,False
17.58_79.94,1,17.58347,79.94118,False
17.58_80.08,1,17.57833,80.07783,False
17.58_80.17,1,17.58368,80.16925,False
17.58_80.18,1,17.58224,80.18005,False
17.58_80.22,1,17.58321,80.2244,False
17.58_80.23,1,17.581,80.23215,False
17.58_80.27,1,17.58322,80.27177,False
17.58_80.45,1,17.57893,80.45369,False
17.58_80.49,1,17.57503,80.4893,False
17.58_80.56,1,17.58399,80.55559,False
17.58_80.67,1,17.57882,80.66537,False
17.58_80.69,1,17.57543,80.69118,False
17.58_80.73,1,17.58496,80.72881,False
17.58_80.77,1,17.57568,80.77113,False
17.58_80.85,1,17.57677,80.85406,False
17.59_73.49,1,17.58815,73.48888,False
17.59_73.51,1,17.58899,73.51034,False
17.59_73.61,1,17.58581,73.61108,False
17.59_73.95,1,17.59279,73.94646,False
17.59_76.55,1,17.58836,76.54808,False
17.59_77.69,1,17.58526,77.68893,False
17.59_77.73,1,17.59145,77.72673,False
17.59_78.43,1,17.59232,78.43085,False
17.59_79.0,1,17.5871,79.00389,False
17.59_79.11,1,17.58875,79.11184,False
17.59_79.59,1,17.59262,79.59132,False
17.59_79.64,1,17.58621,79.63782,False
17.59_79.7,1,17.58622,79.69997,False
17.59_79.73,1,17.58548,79.73105,False
17.59_79.74,1,17.59266,79.74155,False
17.59_79.81,1,17.58845,79.80762,False
17.59_79.82,1,17.58623,79.81836,False
17.59_80.09,1,17.58969,80.0926,False
17.59_80.24,1,17.59305,80.24106,False
17.59_80.45,1,17.5851,80.45387,False
17.59_80.46,1,17.58554,80.45557,False
17.59_80.5,1,17.59073,80.49877,False
17.59_80.73,1,17.58951,80.73215,False
17.59_80.74,1,17.58998,80.73588,False
17.5_73.34,1,17.49685,73.33611,False
17.5_73.4,1,17.4988,73.40355,False
17.5_77.0,1,17.50494,76.99849,False
17.5_77.77,1,17.49662,77.7708,False
17.5_79.11,1,17.49847,79.11168,False
17.5_79.59,1,17.5029,79.59441,False
17.5_79.63,1,17.50323,79.62911,False
17.5_79.75,1,17.49763,79.74555,False
17.5_79.77,1,17.49724,79.7718,False
17.5_79.79,1,17.50081,79.78986,False
17.5_79.84,1,17.50115,79.83792,False
17.5_79.94,1,17.50484,79.93616,False
17.5_79.95,1,17.49767,79.94862,False
17.5_80.21,1,17.49949,80.21261,False
17.5_80.22,1,17.50429,80.21526,False
17.5_80.37,1,17.50266,80.37408,False
17.5_80.55,1,17.50264,80.54794,False
17.5_80.56,1,17.50267,80.55572,False
17.5_80.66,1,17.49518,80.66425,False
17.61_73.21,1,17.60725,73.20781,False
17.61_73.64,1,17.61377,73.63721,False
17.61_73.83,1,17.6134,73.82952,False
17.61_74.73,1,17.60946,74.73267,False
17.61_78.2,1,17.60727,78.20415,False
17.61_78.42,1,17.61386,78.41656,False
17.61_79.19,1,17.61192,79.19398,False
17.61_79.47,1,17.60838,79.46892,False
17.61_79.69,1,17.60909,79.68793,False
17.61_79.71,1,17.61305,79.70822,False
17.61_79.73,1,17.6142,79.72658,False
17.61_79.74,1,17.61295,79.7394,False
17.61_79.82,1,17.60732,79.81566,False
17.61_79.84,1,17.60699,79.84171,False
17.61_79.86,1,17.61007,79.86081,False
17.61_79.94,1,17.61392,79.94049,False
17.61_80.26,1,17.60525,80.26134,False
17.61_80.46,1,17.60511,80.45734,False
17.61_80.65,1,17.6146,80.64734,False
17.61_80.79,1,17.61423,80.79133,False
17.62_73.57,1,17.61861,73.5741,False
17.62_73.58,1,17.61915,73.57787,False
17.62_73.62,1,17.62366,73.61698,False
17.62_74.28,1,17.62053,74.27737,False
17.62_75.26,1,17.61672,75.2606,False
17.62_77.77,1,17.61533,77.76885,False
17.62_78.2,1,17.61712,78.19675,False
17.62_79.33,1,17.62348,79.32679,False
17.62_79.45,1,17.62235,79.44843,False
17.62_79.47,1,17.62399,79.47408,False
17.62_79.6,1,17.61933,79.59678,False
17.62_79.67,1,17.61786,79.66766,False
17.62_79.7,1,17.61532,79.703,False
17.62_79.71,1,17.61641,79.70768,False
17.62_79.76,1,17.61837,79.75764,False
17.62_79.77,1,17.6197,79.7685,False
17.62_79.78,1,17.62142,79.78464,False
17.62_79.79,1,17.62389,79.79419,False
17.62_79.84,1,17.62442,79.84365,False
17.62_79.94,1,17.6213,79.93849,False
17.62_80.17,1,17.62391,80.16618,False
17.62_80.18,1,17.61895,80.18423,False
17.62_80.24,1,17.62483,80.24016,False
17.62_80.25,1,17.61889,80.24786,False
17.62_80.78,1,17.61654,80.78007,False
17.63_73.4,1,17.62502,73.39841,False
17.63_73.57,1,17.62701,73.56572,False
17.63_73.95,1,17.63084,73.95338,False
17.63_75.18,1,17.63042,75.17848,False
17.63_76.03,1,17.63458,76.02657,False
17.63_76.33,1,17.62659,76.32664,False
17.63_77.49,1,17.63181,77.48679,False
17.63_77.91,1,17.63138,77.91064,False
17.63_78.12,1,17.6347,78.11732,False
17.63_79.39,1,17.63229,79.38952,False
17.63_79.58,1,17.63366,79.57985,False
17.63_79.71,1,17.62856,79.7076,False
17.63_79.76,1,17.63275,79.76293,False
17.63_79.79,1,17.62934,79.79312,False
17.63_79.8,1,17.62698,79.79688,False
17.63_79.91,1,17.62639,79.90798,False
17.63_79.92,1,17.63145,79.91942,False
17.63_80.05,1,17.63077,80.04989,False
17.63_80.08,1,17.62527,80.0836,False
17.63_80.13,1,17.62661,80.13379,False
17.63_80.14,1,17.62729,80.13895,False
17.63_80.16,1,17.63344,80.16424,False
17.63_80.17,1,17.63415,80.17252,False
17.63_80.18,1,17.62678,80.1769,False
17.63_80.19,1,17.62506,80.18953,False
17.63_80.2,1,17.62985,80.2033,False
17.63_80.22,1,17.62891,80.21516,False
17.63_80.25,1,17.63007,80.24908,False
17.63_80.35,1,17.6308,80.35002,False
17.63_80.64,1,17.63484,80.63718,False
17.63_80.85,1,17.63257,80.85125,False
17.64_74.7,1,17.64342,74.69589,False
17.64_74.72,1,17.64101,74.71907,False
17.64_74.79,1,17.63855,74.78736,False
17.64_74.94,1,17.64474,74.94369,False
17.64_75.73,1,17.64313,75.72682,False
17.64_76.03,1,17.63723,76.02605,False
17.64_77.72,1,17.63793,77.72433,False
17.64_77.96,1,17.6418,77.95777,False
17.64_78.11,1,17.64271,78.11083,False
17.64_78.42,1,17.64051,78.41962,False
17.64_79.02,1,17.64076,79.02301,False
17.64_79.03,1,17.63809,79.02508,False
17.64_79.43,1,17.64448,79.42593,False
17.64_79.46,1,17.6379,79.4598,False
17.64_79.72,1,17.6387,79.7226,False
17.64_79.73,1,17.64191,79.73258,False
17.64_79.76,1,17.63577,79.76284,False
17.64_79.81,1,17.64127,79.81215,False
17.64_79.89,1,17.6409,79.8924,False
17.64_79.9,1,17.64153,79.89625,False
17.64_80.0,1,17.63979,79.99708,False
17.64_80.18,1,17.63513,80.18301,False
17.64_80.19,1,17.64272,80.19299,False
17.64_80.25,1,17.64162,80.25441,False
17.64_80.26,1,17.64174,80.26232,False
17.64_80.37,1,17.64091,80.36917,False
17.64_80.44,1,17.63672,80.43639,False
17.64_80.46,1,17.64455,80.46149,False
17.64_80.54,1,17.64098,80.54174,False
17.64_80.62,1,17.63524,80.61865,False
17.65_73.43,1,17.64514,73.42603,False
17.65_73.53,1,17.64899,73.53259,False
17.65_74.27,1,17.64999,74.26855,False
17.65_74.51,1,17.65257,74.51312,False
17.65_74.94,1,17.64518,74.94489,False
17.65_75.97,1,17.64617,75.96539,False
17.65_77.27,1,17.65126,77.27255,False
17.65_77.69,1,17.64775,77.68813,False
17.65_78.05,1,17.64569,78.05069,False
17.65_78.06,1,17.64594,78.05698,False
17.65_78.07,1,17.6457,78.06505,False
17.65_78.18,1,17.65452,78.18499,False
17.65_78.33,1,17.65065,78.32809,False
17.65_79.08,1,17.64554,79.08451,False
17.65_79.33,1,17.65302,79.33025,False
17.65_79.39,1,17.65183,79.39127,False
17.65_79.42,1,17.6519,79.42455,False
17.65_79.59,1,17.64563,79.58694,False
17.65_79.6,1,17.65232,79.59699,False
17.65_79.61,1,17.65494,79.61413,False
17.65_79.84,1,17.64609,79.83898,False
17.65_79.87,1,17.65226,79.87337,False
17.65_79.93,1,17.65097,79.92762,False
17.65_79.94,1,17.64567,79.94307,False
17.65_79.96,1,17.64745,79.95568,False
17.65_80.13,1,17.64748,80.12943,False
17.65_80.15,1,17.64849,80.14635,False
17.65_80.17,1,17.65282,80.16759,False
17.65_80.2,1,17.64712,80.19504,False
17.65_80.21,1,17.65422,80.21001,False
17.65_80.32,1,17.64862,80.32377,False
17.65_80.34,1,17.64783,80.33672,False
17.65_80.5,1,17.64604,80.5028,False
17.65_80.53,1,17.65033,80.53461,False
17.65_80.54,1,17.64586,80.53513,False
17.65_80.64,1,17.64925,80.63895,False
17.65_80.84,1,17.65055,80.83695,False
17.66_73.14,1,17.65808,73.14204,False
17.66_73.39,1,17.66495,73.38865,False
17.66_73.47,1,17.65943,73.46822,False
17.66_73.49,1,17.66001,73.48587,False
17.66_75.02,1,17.66432,75.0193,False
17.66_75.29,1,17.66386,75.2864,False
17.66_75.35,1,17.66307,75.35196,False
17.66_75.55,1,17.66455,75.55284,False
17.66_75.56,1,17.66002,75.5609,False
17.66_75.79,1,17.66388,75.78858,False
17.66_77.7,1,17.66251,77.70126,False
17.66_77.71,1,17.65665,77.71218,False
17.66_77.98,1,17.66247,77.97572,False
17.66_78.05,1,17.66258,78.04677,False
17.66_78.21,1,17.66222,78.21408,False
17.66_78.24,1,17.66245,78.23631,False
17.66_78.93,1,17.65742,78.92614,False
17.66_79.28,1,17.65631,79.28076,False
17.66_79.49,1,17.65608,79.48653,False
17.66_79.54,1,17.66323,79.53793,False
17.66_79.6,1,17.65808,79.59641,False
17.66_79.66,1,17.65952,79.65758,False
17.66_79.79,1,17.66251,79.79449,False
17.66_79.82,1,17.66388,79.82156,False
17.66_79.9,1,17.6633,79.89849,False
17.66_79.91,1,17.6552,79.90897,False
17.66_79.96,1,17.66285,79.95821,False
17.66_79.99,1,17.66149,79.98811,False
17.66_80.05,1,17.66103,80.04547,False
17.66_80.12,1,17.66185,80.11847,False
17.66_80.18,1,17.6627,80.1822,False
17.66_80.19,1,17.66249,80.18607,False
17.66_80.31,1,17.65603,80.31452,False
17.66_80.35,1,17.66156,80.35093,False
17.66_80.73,1,17.66327,80.72676,False
17.66_80.86,1,17.66171,80.85765,False
17.67_73.35,1,17.67245,73.34876,False
17.67_73.45,1,17.66895,73.44719,False
17.67_73.51,1,17.67048,73.51054,False
17.67_73.52,1,17.66866,73.52377,False
17.67_73.53,1,17.6702,73.52573,False
17.67_73.82,1,17.66634,73.82088,False
17.67_75.29,1,17.6657,75.28555,False
17.67_75.98,1,17.6672,75.98162,False
17.67_77.33,1,17.6747,77.3271,False
17.67_78.08,1,17.6733,78.07667,False
17.67_78.38,1,17.66764,78.38335,False
17.67_78.66,1,17.6703,78.65576,False
17.67_79.1,1,17.67307,79.09632,False
17.67_79.35,1,17.67356,79.3541,False
17.67_79.63,1,17.66851,79.62805,False
17.67_79.67,1,17.67263,79.66821,False
17.67_79.7,1,17.66935,79.70229,False
17.67_79.71,1,17.67387,79.70649,False
17.67_79.83,1,17.67302,79.83278,False
17.67_79.87,1,17.67296,79.87389,False
17.67_79.89,1,17.6701,79.88825,False
17.67_79.9,1,17.6694,79.90089,False
17.67_79.95,1,17.66719,79.94592,False
17.67_79.98,1,17.67249,79.98137,False
17.67_80.14,1,17.66946,80.13886,False
17.67_80.15,1,17.66701,80.1545,False
17.67_80.18,1,17.66663,80.18163,False
17.67_80.21,1,17.6679,80.21423,False
17.67_80.22,1,17.67094,80.21981,False
17.67_80.23,1,17.67335,80.23396,False
17.67_80.26,1,17.67288,80.26364,False
17.67_80.3,1,17.66627,80.30483,False
17.67_80.5,1,17.67216,80.49572,False
17.67_80.53,1,17.6703,80.53416,False
17.67_80.54,1,17.67118,80.53906,False
17.67_80.73,1,17.66684,80.72653,False
17.68_73.12,1,17.68184,73.11799,False
17.68_73.52,1,17.67695,73.51918,False
17.68_75.31,1,17.67918,75.30824,False
17.68_75.33,1,17.67914,75.32561,False
17.68_75.84,1,17.68048,75.83756,False
17.68_77.35,1,17.68064,77.34903,False
17.68_77.67,1,17.67931,77.67057,False
17.68_78.07,1,17.68091,78.07272,False
17.68_78.26,1,17.68495,78.25941,False
17.68_79.43,1,17.68318,79.4256,False
17.68_79.59,1,17.68132,79.58736,False
17.68_79.63,1,17.68042,79.63449,False
17.68_79.64,1,17.68137,79.64097,False
17.68_79.7,1,17.6834,79.70178,False
17.68_79.75,1,17.67807,79.75398,False
17.68_79.81,1,17.68152,79.80537,False
17.68_80.08,1,17.68156,80.07896,False
17.68_80.17,1,17.68316,80.1651,False
17.68_80.26,1,17.67895,80.2615,False
17.68_80.3,1,17.67897,80.30267,False
17.68_80.47,1,17.68063,80.47243,False
17.69_73.29,1,17.689,73.29275,False
17.69_73.35,1,17.69469,73.35362,False
17.69_73.45,1,17.69015,73.45251,False
17.69_73.49,1,17.68567,73.48606,False
17.69_73.53,1,17.68641,73.53401,False
17.69_74.39,1,17.68553,74.38902,False
17.69_74.57,1,17.68686,74.56548,False
17.69_75.28,1,17.68576,75.27961,False
17.69_75.89,1,17.69451,75.8873,False
17.69_76.9,1,17.69368,76.89558,False
17.69_77.26,1,17.69031,77.26042,False
17.69_77.5,1,17.68608,77.50445,False
17.69_77.62,1,17.69202,77.62234,False
17.69_78.04,1,17.68846,78.04433,False
17.69_78.05,1,17.6865,78.0461,False
17.69_78.06,1,17.69203,78.05887,False
17.69_78.07,1,17.69304,78.06695,False
17.69_78.08,1,17.68614,78.08026,False
17.69_78.16,1,17.69177,78.15552,False
17.69_78.26,1,17.68742,78.26131,False
17.69_79.18,1,17.68676,79.17718,False
17.69_79.41,1,17.69051,79.41183,False
17.69_79.57,1,17.68512,79.57446,False
17.69_79.58,1,17.68868,79.57988,False
17.69_79.59,1,17.68743,79.58805,False
17.69_79.62,1,17.6931,79.62186,False
17.69_79.63,1,17.69151,79.62959,False
17.69_79.64,1,17.69427,79.64275,False
17.69_79.69,1,17.69249,79.69157,False
17.69_79.7,1,17.6859,79.69905,False
17.69_79.74,1,17.69273,79.7353,False
17.69_79.81,1,17.69347,79.81401,False
17.69_79.88,1,17.68583,79.88251,False
17.69_79.93,1,17.68631,79.92918,False
17.69_79.99,1,17.69174,79.98728,False
17.69_80.17,1,17.68957,80.1723,False
17.69_80.18,1,17.68522,80.17576,False
17.69_80.22,1,17.68668,80.21942,False
17.69_80.27,1,17.69208,80.26832,False
17.69_80.33,1,17.68855,80.33131,False
17.69_80.37,1,17.69016,80.36762,False
17.69_80.38,1,17.6941,80.37563,False
17.69_80.63,1,17.69386,80.63279,False
17.69_80.72,1,17.69353,80.72277,False
17.6_73.21,1,17.5997,73.2092,False
17.6_73.39,1,17.60054,73.39431,False
17.6_73.4,1,17.60129,73.3987,False
17.6_73.54,1,17.6036,73.5374,False
17.6_76.42,1,17.60194,76.41666,False
17.6_77.74,1,17.60497,77.74272,False
17.6_77.78,1,17.59797,77.7783,False
17.6_77.94,1,17.59528,77.93635,False
17.6_78.02,1,17.60497,78.01628,False
17.6_78.09,1,17.59551,78.09455,False
17.6_78.36,1,17.60021,78.36034,False
17.6_79.46,1,17.6023,79.46382,False
17.6_79.51,1,17.59934,79.51492,False
17.6_79.66,1,17.59879,79.65756,False
17.6_79.7,1,17.6048,79.70447,False
17.6_79.71,1,17.60115,79.70651,False
17.6_79.74,1,17.60127,79.73842,False
17.6_79.75,1,17.59745,79.75458,False
17.6_79.8,1,17.60059,79.80189,False
17.6_79.83,1,17.59682,79.8331,False
17.6_79.9,1,17.60022,79.90069,False
17.6_80.17,1,17.59834,80.16862,False
17.6_80.18,1,17.60241,80.17744,False
17.6_80.19,1,17.59588,80.18852,False
17.6_80.24,1,17.59879,80.24158,False
17.6_80.26,1,17.60454,80.25789,False
17.6_80.27,1,17.59594,80.27334,False
17.6_80.29,1,17.60101,80.28955,False
17.71_73.26,1,17.7093,73.25714,False
17.71_73.34,1,17.70909,73.34354,False
17.71_73.35,1,17.70684,73.34773,False
17.71_73.45,1,17.71055,73.44662,False
17.71_73.59,1,17.707,73.588,False
17.71_73.61,1,17.70982,73.61146,False
17.71_75.02,1,17.71251,75.02331,False
17.71_75.79,1,17.71221,75.78782,False
17.71_75.92,1,17.71251,75.92152,False
17.71_75.96,1,17.70711,75.96049,False
17.71_76.37,1,17.71467,76.36732,False
17.71_76.48,1,17.71461,76.479,False
17.71_77.22,1,17.71073,77.22372,False
17.71_77.33,1,17.70705,77.32851,False
17.71_77.4,1,17.70932,77.4011,False
17.71_78.01,1,17.70765,78.00729,False
17.71_78.16,1,17.7122,78.15711,False
17.71_78.23,1,17.70526,78.23498,False
17.71_79.02,1,17.71255,79.02109,False
17.71_79.33,1,17.70901,79.33178,False
17.71_79.34,1,17.70984,79.33566,False
17.71_79.43,1,17.70507,79.42744,False
17.71_79.44,1,17.71216,79.44111,False
17.71_79.6,1,17.70823,79.59588,False
17.71_79.66,1,17.71373,79.65717,False
17.71_79.69,1,17.71192,79.68969,False
17.71_79.77,1,17.70936,79.76939,False
17.71_79.85,1,17.70747,79.84974,False
17.71_79.9,1,17.70831,79.90443,False
17.71_79.91,1,17.71025,79.90778,False
17.71_80.03,1,17.70799,80.03391,False
17.71_80.04,1,17.7083,80.04146,False
17.71_80.07,1,17.70836,80.06821,False
17.71_80.18,1,17.70598,80.17603,False
17.71_80.22,1,17.7146,80.2168,False
17.71_80.3,1,17.71275,80.29601,False
17.71_80.35,1,17.71423,80.34986,False
17.71_80.51,1,17.7106,80.51479,False
17.72_73.5,1,17.71641,73.49686,False
17.72_75.73,1,17.71758,75.72889,False
17.72_75.79,1,17.72163,75.78945,False
17.72_77.3,1,17.71564,77.30183,False
17.72_77.33,1,17.71863,77.33135,False
17.72_77.64,1,17.71841,77.64088,False
17.72_77.91,1,17.72066,77.9051,False
17.72_78.0,1,17.72323,78.00149,False
17.72_78.02,1,17.72222,78.02251,False
17.72_78.66,1,17.71812,78.66482,False
17.72_79.02,1,17.71598,79.02055,False
17.72_79.37,1,17.71503,79.36852,False
17.72_79.38,1,17.7173,79.38222,False
17.72_79.45,1,17.71525,79.44521,False
17.72_79.51,1,17.7184,79.50552,False
17.72_79.58,1,17.72118,79.58445,False
17.72_79.67,1,17.71729,79.67311,False
17.72_79.73,1,17.71614,79.72624,False
17.72_79.76,1,17.71894,79.75663,False
17.72_79.83,1,17.71614,79.83055,False
17.72_79.85,1,17.7205,79.84949,False
17.72_79.86,1,17.7192,79.86175,False
17.72_79.87,1,17.7214,79.87472,False
17.72_79.9,1,17.72411,79.89545,False
17.72_80.05,1,17.71899,80.04637,False
17.72_80.23,1,17.7207,80.22711,False
17.72_80.27,1,17.71714,80.27091,False
17.72_80.28,1,17.72164,80.27798,False
17.72_80.43,1,17.72076,80.42706,False
17.73_73.39,1,17.73317,73.38865,False
17.73_75.06,1,17.72778,75.05684,False
17.73_75.7,1,17.73051,75.70297,False
17.73_76.92,1,17.73303,76.91873,False
17.73_77.33,1,17.73043,77.33221,False
17.73_77.53,1,17.73023,77.53208,False
17.73_77.93,1,17.72698,77.92894,False
17.73_78.24,1,17.73073,78.23908,False
17.73_78.93,1,17.72918,78.9338,False
17.73_79.33,1,17.73296,79.3252,False
17.73_79.34,1,17.72771,79.33878,False
17.73_79.48,1,17.72685,79.47832,False
17.73_79.66,1,17.7259,79.66107,False
17.73_79.75,1,17.73396,79.74625,False
17.73_79.76,1,17.73393,79.75617,False
17.73_79.78,1,17.73179,79.78266,False
17.73_79.79,1,17.72731,79.79076,False
17.73_79.85,1,17.73409,79.84968,False
17.73_79.9,1,17.72791,79.90298,False
17.73_79.91,1,17.72858,79.90803,False
17.73_80.07,1,17.73019,80.07109,False
17.73_80.16,1,17.72993,80.15945,False
17.73_80.22,1,17.73023,80.22338,False
17.73_80.23,1,17.73082,80.22768,False
17.73_80.28,1,17.72836,80.27807,False
17.73_80.32,1,17.72526,80.32372,False
17.73_80.35,1,17.73472,80.35021,False
17.73_80.38,1,17.7331,80.38481,False
17.73_80.52,1,17.73289,80.52408,False
17.73_80.55,1,17.73108,80.55098,False
17.74_73.48,1,17.74107,73.48273,False
17.74_73.7,1,17.74363,73.70061,False
17.74_74.58,1,17.73626,74.58184,False
17.74_76.92,1,17.73538,76.91756,False
17.74_77.99,1,17.74065,77.99004,False
17.74_78.24,1,17.7424,78.23564,False
17.74_79.4,1,17.7404,79.39526,False
17.74_79.51,1,17.73926,79.50697,False
17.74_79.6,1,17.74446,79.60149,False
17.74_79.61,1,17.73675,79.61417,False
17.74_79.62,1,17.73734,79.61929,False
17.74_79.64,1,17.74269,79.63572,False
17.74_79.65,1,17.74035,79.64556,False
17.74_79.7,1,17.73866,79.70213,False
17.74_79.76,1,17.74399,79.75987,False
17.74_79.77,1,17.74394,79.76826,False
17.74_79.84,1,17.73563,79.84046,False
17.74_79.85,1,17.7362,79.85198,False
17.74_79.86,1,17.74117,79.86245,False
17.74_79.98,1,17.73728,79.98195,False
17.74_80.04,1,17.73987,80.04396,False
17.74_80.07,1,17.73845,80.0682,False
17.74_80.15,1,17.74203,80.15183,False
17.74_80.16,1,17.7393,80.15527,False
17.74_80.17,1,17.73616,80.16881,False
17.74_80.23,1,17.73774,80.23463,False
17.74_80.36,1,17.74039,80.36212,False
17.74_80.37,1,17.74172,80.3686,False
17.74_80.46,1,17.743,80.45507,False
17.74_80.55,1,17.73716,80.54628,False
17.75_73.53,1,17.74725,73.53274,False
17.75_73.54,1,17.748,73.53717,False
17.75_75.3,1,17.75158,75.30161,False
17.75_76.06,1,17.74936,76.05967,False
17.75_76.56,1,17.75308,76.56447,False
17.75_76.57,1,17.75232,76.56585,False
17.75_77.87,1,17.75112,77.86645,False
17.75_78.08,1,17.74532,78.08471,False
17.75_79.03,1,17.75312,79.02929,False
17.75_79.16,1,17.74806,79.1638,False
17.75_79.17,1,17.74882,79.16677,False
17.75_79.23,1,17.75366,79.23084,False
17.75_79.31,1,17.75272,79.31026,False
17.75_79.35,1,17.75416,79.35015,False
17.75_79.45,1,17.74643,79.4467,False
17.75_79.49,1,17.75043,79.49013,False
17.75_79.57,1,17.75119,79.56869,False
17.75_79.61,1,17.74588,79.61029,False
17.75_79.74,1,17.75128,79.74197,False
17.75_79.77,1,17.74779,79.76771,False
17.75_79.78,1,17.75391,79.78067,False
17.75_80.0,1,17.74608,79.99615,False
17.75_80.15,1,17.74597,80.15134,False
17.75_80.18,1,17.7461,80.18423,False
17.75_80.19,1,17.74781,80.18554,False
17.75_80.45,1,17.75208,80.44756,False
17.76_73.31,1,17.75578,73.31129,False
17.76_73.32,1,17.7564,73.31512,False
17.76_73.35,1,17.75729,73.35344,False
17.76_73.46,1,17.75922,73.46404,False
17.76_73.49,1,17.76131,73.48868,False
17.76_75.31,1,17.75893,75.31272,False
17.76_75.82,1,17.75859,75.82333,False
17.76_76.41,1,17.76019,76.41492,False
17.76_76.47,1,17.75726,76.46649,False
17.76_78.01,1,17.75575,78.00914,False
17.76_78.14,1,17.76047,78.14137,False
17.76_78.21,1,17.7587,78.20603,False
17.76_78.23,1,17.75736,78.23375,False
17.76_78.28,1,17.7621,78.28072,False
17.76_78.59,1,17.761,78.59432,False
17.76_78.68,1,17.76416,78.67516,False
17.76_79.03,1,17.75681,79.02875,False
17.76_79.58,1,17.7614,79.58366,False
17.76_79.59,1,17.75862,79.58614,False
17.76_79.61,1,17.75893,79.60671,False
17.76_79.63,1,17.75691,79.63109,False
17.76_79.76,1,17.758,79.75617,False
17.76_79.81,1,17.75541,79.81192,False
17.76_79.83,1,17.757,79.82688,False
17.76_79.92,1,17.76068,79.9232,False
17.76_80.15,1,17.75616,80.15363,False
17.76_80.16,1,17.75847,80.15923,False
17.76_80.35,1,17.75749,80.34794,False
17.76_80.49,1,17.76025,80.49142,False
17.77_73.29,1,17.77373,73.28799,False
17.77_73.49,1,17.76813,73.49065,False
17.77_73.5,1,17.76905,73.49545,False
17.77_73.54,1,17.7711,73.53857,False
17.77_73.61,1,17.77286,73.61332,False
17.77_74.46,1,17.76633,74.46225,False
17.77_74.59,1,17.76936,74.59359,False
17.77_74.76,1,17.76671,74.75544,False
17.77_75.52,1,17.77438,75.516,False
17.77_76.67,1,17.7663,76.67078,False
17.77_77.46,1,17.77296,77.46445,False
17.77_77.47,1,17.77156,77.46658,False
17.77_79.02,1,17.77165,79.02434,False
17.77_79.27,1,17.77241,79.27419,False
17.77_79.28,1,17.77084,79.27988,False
17.77_79.31,1,17.76522,79.30901,False
17.77_79.5,1,17.77412,79.50278,False
17.77_79.55,1,17.76718,79.55018,False
17.77_79.57,1,17.76775,79.57287,False
17.77_79.63,1,17.7706,79.62634,False
17.77_79.65,1,17.77361,79.65479,False
17.77_79.67,1,17.7719,79.66676,False
17.77_79.69,1,17.76936,79.68569,False
17.77_79.71,1,17.77191,79.71391,False
17.77_79.72,1,17.77257,79.71882,False
17.77_79.77,1,17.77384,79.77252,False
17.77_79.8,1,17.77009,79.79798,False
17.77_79.85,1,17.77086,79.8539,False
17.77_79.87,1,17.7749,79.86922,False
17.77_79.9,1,17.77143,79.90065,False
17.77_79.91,1,17.76696,79.91206,False
17.77_79.92,1,17.77213,79.92271,False
17.77_79.96,1,17.76644,79.95753,False
17.77_80.09,1,17.76509,80.09159,False
17.77_80.18,1,17.77186,80.17635,False
17.78_73.26,1,17.78253,73.25878,False
17.78_73.28,1,17.77648,73.28382,False
17.78_73.29,1,17.77704,73.28744,False
17.78_73.69,1,17.77797,73.68881,False
17.78_74.12,1,17.78006,74.12461,False
17.78_74.13,1,17.78431,74.12846,False
17.78_74.17,1,17.78321,74.16726,False
17.78_74.92,1,17.78386,74.91912,False
17.78_75.28,1,17.78229,75.27559,False
17.78_77.46,1,17.77666,77.46396,False
17.78_78.12,1,17.78129,78.11978,False
17.78_78.79,1,17.77957,78.79137,False
17.78_78.8,1,17.78142,78.80135,False
17.78_79.25,1,17.78374,79.24673,False
17.78_79.59,1,17.77686,79.59383,False
17.78_79.61,1,17.77683,79.60822,False
17.78_79.62,1,17.7818,79.61993,False
17.78_79.66,1,17.77856,79.66093,False
17.78_79.75,1,17.78028,79.75076,False
17.78_79.87,1,17.78157,79.86552,False
17.78_79.94,1,17.78256,79.94193,False
17.78_80.13,1,17.7794,80.12806,False
17.78_80.17,1,17.77574,80.17041,False
17.78_80.37,1,17.78017,80.37318,False
17.78_80.48,1,17.7785,80.48169,False
17.78_80.57,1,17.77909,80.56761,False
17.79_73.29,1,17.78541,73.28933,False
17.79_73.6,1,17.79321,73.60275,False
17.79_73.73,1,17.78865,73.72993,False
17.79_73.88,1,17.79449,73.87958,False
17.79_74.59,1,17.79198,74.58659,False
17.79_75.05,1,17.79203,75.046,False
17.79_75.28,1,17.7856,75.27504,False
17.79_76.94,1,17.79295,76.94135,False
17.79_77.88,1,17.78779,77.87777,False
17.79_77.93,1,17.78679,77.92749,False
17.79_78.26,1,17.788,78.26033,False
17.79_78.27,1,17.79416,78.26721,False
17.79_79.02,1,17.79366,79.02328,False
17.79_79.2,1,17.79451,79.19926,False
17.79_79.26,1,17.7875,79.26278,False
17.79_79.44,1,17.78802,79.44352,False
17.79_79.51,1,17.78809,79.50933,False
17.79_79.55,1,17.79392,79.54739,False
17.79_79.57,1,17.79159,79.57079,False
17.79_79.6,1,17.79228,79.60208,False
17.79_79.61,1,17.78994,79.60725,False
17.79_79.77,1,17.78621,79.76997,False
17.79_79.9,1,17.78699,79.90304,False
17.79_79.91,1,17.78708,79.91344,False
17.79_79.98,1,17.78557,79.97784,False
17.79_80.29,1,17.79013,80.28501,False
17.79_80.48,1,17.79252,80.47548,False
17.79_80.53,1,17.78977,80.5322,False
17.79_80.59,1,17.7883,80.58755,False
17.79_80.62,1,17.7925,80.61781,False
17.79_80.63,1,17.79446,80.62738,False
17.7_73.3,1,17.70272,73.29967,False
17.7_73.35,1,17.69891,73.35303,False
17.7_73.52,1,17.70199,73.51933,False
17.7_73.59,1,17.70385,73.58685,False
17.7_75.9,1,17.70376,75.89791,False
17.7_77.33,1,17.70339,77.32906,False
17.7_77.78,1,17.70076,77.78277,False
17.7_77.89,1,17.69546,77.89211,False
17.7_78.23,1,17.69857,78.23119,False
17.7_78.24,1,17.69922,78.23616,False
17.7_78.48,1,17.70032,78.48305,False
17.7_78.61,1,17.70289,78.60868,False
17.7_78.79,1,17.70399,78.79295,False
17.7_78.92,1,17.69635,78.92023,False
17.7_79.34,1,17.7043,79.33689,False
17.7_79.36,1,17.70062,79.35545,False
17.7_79.41,1,17.69503,79.41094,False
17.7_79.53,1,17.69976,79.53187,False
17.7_79.54,1,17.70134,79.53635,False
17.7_79.6,1,17.70472,79.59641,False
17.7_79.63,1,17.69532,79.62906,False
17.7_79.66,1,17.70292,79.66372,False
17.7_79.71,1,17.69695,79.70967,False
17.7_79.72,1,17.70221,79.71897,False
17.7_79.76,1,17.69931,79.75993,False
17.7_79.81,1,17.6981,79.81121,False
17.7_79.82,1,17.69791,79.8209,False
17.7_80.06,1,17.7026,80.06405,False
17.7_80.07,1,17.70341,80.06841,False
17.7_80.08,1,17.70118,80.08474,False
17.7_80.18,1,17.70205,80.17658,False
17.7_80.28,1,17.69961,80.27569,False
17.7_80.39,1,17.69857,80.39142,False
17.7_80.56,1,17.70333,80.55872,False
17.7_80.7,1,17.7017,80.69843,False
17.81_73.23,1,17.80606,73.22722,False
17.81_73.45,1,17.80702,73.45013,False
17.81_73.7,1,17.80971,73.69684,False
17.81_74.41,1,17.80558,74.40849,False
17.81_75.05,1,17.81149,75.0466,False
17.81_77.11,1,17.81406,77.11087,False
17.81_77.88,1,17.8058,77.88145,False
17.81_78.28,1,17.80858,78.27923,False
17.81_78.32,1,17.81372,78.32172,False
17.81_78.33,1,17.81429,78.32594,False
17.81_78.55,1,17.8075,78.55103,False
17.81_78.66,1,17.81083,78.65659,False
17.81_79.11,1,17.81082,79.10973,False
17.81_79.56,1,17.80781,79.55702,False
17.81_79.57,1,17.80576,79.56737,False
17.81_79.61,1,17.80856,79.61465,False
17.81_79.62,1,17.8141,79.61958,False
17.81_79.66,1,17.81264,79.66124,False
17.81_79.68,1,17.80756,79.67934,False
17.81_79.69,1,17.8087,79.6851,False
17.81_79.76,1,17.80686,79.75745,False
17.81_79.81,1,17.80594,79.80857,False
17.81_79.83,1,17.80805,79.8303,False
17.81_79.86,1,17.81156,79.85646,False
17.81_79.87,1,17.81145,79.8722,False
17.81_79.88,1,17.81444,79.88349,False
17.81_79.89,1,17.80913,79.8915,False
17.81_79.9,1,17.81247,79.90311,False
17.81_79.96,1,17.81383,79.96451,False
17.81_80.08,1,17.80855,80.07889,False
17.81_80.13,1,17.80505,80.12965,False
17.81_80.17,1,17.81153,80.1701,False
17.81_80.18,1,17.80542,80.18085,False
17.81_80.26,1,17.80712,80.26483,False
17.81_80.3,1,17.81359,80.30255,False
17.81_80.44,1,17.81473,80.44417,False
17.81_80.66,1,17.80568,80.65698,False
17.81_80.69,1,17.80574,80.68575,False
17.82_73.21,1,17.81923,73.20539,False
17.82_73.29,1,17.82072,73.2879,False
17.82_73.33,1,17.81933,73.33121,False
17.82_73.46,1,17.82107,73.46194,False
17.82_74.28,1,17.81712,74.27957,False
17.82_74.43,1,17.81973,74.42853,False
17.82_74.5,1,17.81826,74.50456,False
17.82_74.6,1,17.81927,74.6011,False
17.82_75.85,1,17.81527,75.85329,False
17.82_77.12,1,17.81767,77.1226,False
17.82_77.66,1,17.82121,77.65656,False
17.82_77.85,1,17.81963,77.8533,False
17.82_78.05,1,17.8237,78.0526,False
17.82_78.11,1,17.81793,78.10907,False
17.82_78.16,1,17.82095,78.16269,False
17.82_78.32,1,17.81521,78.32482,False
17.82_78.33,1,17.81786,78.32542,False
17.82_79.02,1,17.8181,79.02061,False
17.82_79.24,1,17.82051,79.24164,False
17.82_79.5,1,17.82394,79.50159,False
17.82_79.56,1,17.81636,79.5573,False
17.82_79.59,1,17.82117,79.59289,False
17.82_79.65,1,17.82113,79.64783,False
17.82_79.67,1,17.82368,79.67435,False
17.82_79.86,1,17.81683,79.85585,False
17.82_79.87,1,17.82293,79.87197,False
17.82_79.96,1,17.82342,79.96247,False
17.82_79.98,1,17.82472,79.97813,False
17.82_80.32,1,17.81961,80.3179,False
17.82_80.33,1,17.81526,80.33094,False
17.82_80.34,1,17.81588,80.33536,False
17.82_80.45,1,17.82071,80.44875,False
17.82_80.57,1,17.8238,80.57381,False
17.83_73.31,1,17.82587,73.30775,False
17.83_74.35,1,17.82773,74.35047,False
17.83_74.66,1,17.83186,74.65819,False
17.83_75.03,1,17.8266,75.02573,False
17.83_75.61,1,17.8268,75.60686,False
17.83_76.59,1,17.83474,76.59415,False
17.83_76.62,1,17.83455,76.61787,False
17.83_78.09,1,17.83302,78.08693,False
17.83_78.11,1,17.82599,78.10983,False
17.83_78.12,1,17.82575,78.12481,False
17.83_78.17,1,17.82505,78.16628,False
17.83_78.34,1,17.8344,78.33969,False
17.83_78.49,1,17.82964,78.49107,False
17.83_79.31,1,17.83162,79.31371,False
17.83_79.44,1,17.83429,79.44036,False
17.83_79.5,1,17.83158,79.49961,False
17.83_79.57,1,17.83309,79.57074,False
17.83_79.63,1,17.83225,79.63102,False
17.83_79.66,1,17.82732,79.66319,False
17.83_79.82,1,17.83467,79.82327,False
17.83_79.87,1,17.82688,79.87151,False
17.83_79.89,1,17.82707,79.88905,False
17.83_79.92,1,17.83026,79.91542,False
17.83_79.95,1,17.82783,79.94941,False
17.83_79.99,1,17.82717,79.99408,False
17.83_80.0,1,17.82827,79.99968,False
17.83_80.06,1,17.82777,80.05927,False
17.83_80.1,1,17.83343,80.10141,False
17.83_80.14,1,17.83428,80.14056,False
17.83_80.17,1,17.82512,80.16904,False
17.83_80.51,1,17.82793,80.50892,False
17.83_80.52,1,17.82641,80.52454,False
17.84_74.17,1,17.84181,74.17146,False
17.84_74.53,1,17.84,74.53478,False
17.84_75.09,1,17.84104,75.08957,False
17.84_78.02,1,17.8367,78.0171,False
17.84_78.1,1,17.84122,78.10129,False
17.84_79.16,1,17.83673,79.15946,False
17.84_79.44,1,17.83534,79.43652,False
17.84_79.5,1,17.83536,79.49906,False
17.84_79.57,1,17.83923,79.56599,False
17.84_79.74,1,17.83703,79.74474,False
17.84_79.79,1,17.83847,79.79104,False
17.84_79.84,1,17.8423,79.83548,False
17.84_79.85,1,17.84396,79.85011,False
17.84_79.93,1,17.84491,79.93335,False
17.84_79.94,1,17.84059,79.94276,False
17.84_80.01,1,17.83647,80.0087,False
17.84_80.07,1,17.83757,80.0673,False
17.84_80.09,1,17.83539,80.08558,False
17.84_80.21,1,17.83629,80.20631,False
17.84_80.41,1,17.84235,80.41262,False
17.84_80.77,1,17.83806,80.76757,False
17.85_73.27,1,17.8535,73.26564,False
17.85_73.33,1,17.84833,73.32574,False
17.85_73.62,1,17.85461,73.61694,False
17.85_74.44,1,17.84516,74.4371,False
17.85_74.52,1,17.84636,74.5186,False
17.85_74.68,1,17.85043,74.68459,False
17.85_75.13,1,17.84681,75.1264,False
17.85_75.96,1,17.84817,75.96164,False
17.85_77.13,1,17.84767,77.12784,False
17.85_78.07,1,17.85446,78.07341,False
17.85_78.08,1,17.84886,78.07826,False
17.85_78.1,1,17.8497,78.10418,False
17.85_78.58,1,17.84663,78.58312,False
17.85_78.72,1,17.8452,78.72444,False
17.85_78.8,1,17.85424,78.79548,False
17.85_79.08,1,17.85209,79.0761,False
17.85_79.53,1,17.85498,79.53288,False
17.85_79.56,1,17.84871,79.56068,False
17.85_79.69,1,17.84662,79.69347,False
17.85_79.73,1,17.8524,79.73263,False
17.85_79.77,1,17.84656,79.76919,False
17.85_79.8,1,17.84693,79.79668,False
17.85_79.82,1,17.84623,79.81804,False
17.85_79.85,1,17.84727,79.84954,False
17.85_79.86,1,17.85404,79.86387,False
17.85_79.89,1,17.84516,79.88847,False
17.85_79.95,1,17.84701,79.95029,False
17.85_80.01,1,17.85266,80.01243,False
17.85_80.17,1,17.84635,80.16888,False
17.85_80.18,1,17.85251,80.17912,False
17.85_80.41,1,17.85236,80.40897,False
17.85_80.47,1,17.85099,80.47331,False
17.85_80.87,1,17.84569,80.8667,False
17.86_73.27,1,17.85693,73.26504,False
17.86_74.54,1,17.85639,74.53741,False
17.86_75.92,1,17.85523,75.92377,False
17.86_76.08,1,17.85993,76.08313,False
17.86_77.79,1,17.85745,77.79279,False
17.86_77.9,1,17.8572,77.90375,False
17.86_77.99,1,17.85976,77.9932,False
17.86_78.04,1,17.85582,78.03864,False
17.86_78.06,1,17.86287,78.06072,False
17.86_78.45,1,17.86337,78.44853,False
17.86_79.27,1,17.86071,79.26907,False
17.86_79.53,1,17.86218,79.53305,False
17.86_79.54,1,17.85587,79.53751,False
17.86_79.66,1,17.8573,79.66024,False
17.86_79.67,1,17.85925,79.66854,False
17.86_79.7,1,17.85989,79.70232,False
17.86_79.73,1,17.85539,79.73029,False
17.86_79.78,1,17.85548,79.77641,False
17.86_79.79,1,17.86309,79.78804,False
17.86_79.82,1,17.86055,79.81638,False
17.86_79.85,1,17.85776,79.85149,False
17.86_79.86,1,17.86388,79.86158,False
17.86_79.87,1,17.86119,79.87065,False
17.86_79.88,1,17.85939,79.88269,False
17.86_79.89,1,17.86478,79.8875,False
17.86_79.92,1,17.85591,79.9231,False
17.86_79.97,1,17.86179,79.9701,False
17.86_80.1,1,17.86073,80.10499,False
17.86_80.69,1,17.85933,80.68528,False
17.86_80.75,1,17.85627,80.74775,False
17.87_73.09,1,17.86844,73.09282,False
17.87_73.1,1,17.86626,73.10065,False
17.87_73.28,1,17.86588,73.2826,False
17.87_73.47,1,17.86716,73.46547,False
17.87_77.23,1,17.86758,77.22813,False
17.87_78.04,1,17.86738,78.04486,False
17.87_78.06,1,17.86621,78.06019,False
17.87_78.14,1,17.86758,78.1395,False
17.87_78.48,1,17.86583,78.47768,False
17.87_79.38,1,17.87276,79.38116,False
17.87_79.53,1,17.86623,79.52736,False
17.87_79.61,1,17.8738,79.6122,False
17.87_79.72,1,17.87047,79.71879,False
17.87_79.73,1,17.86757,79.7336,False
17.87_79.74,1,17.86749,79.73505,False
17.87_79.75,1,17.86613,79.75114,False
17.87_79.82,1,17.87138,79.82286,False
17.87_79.93,1,17.87165,79.93378,False
17.87_79.94,1,17.86973,79.94394,False
17.87_79.98,1,17.86691,79.9814,False
17.87_79.99,1,17.87181,79.98541,False
17.87_80.0,1,17.86628,80.00008,False
17.87_80.16,1,17.87032,80.1592,False
17.87_80.23,1,17.86591,80.22722,False
17.87_80.46,1,17.87081,80.46149,False
17.87_80.72,1,17.873,80.7183,False
17.88_73.29,1,17.88335,73.28528,False
17.88_73.46,1,17.8758,73.45829,False
17.88_74.54,1,17.88279,74.54184,False
17.88_76.05,1,17.87904,76.04886,False
17.88_76.79,1,17.8801,76.79271,False
17.88_78.07,1,17.87767,78.07152,False
17.88_78.3,1,17.88034,78.29744,False
17.88_79.26,1,17.88296,79.26378,False
17.88_79.34,1,17.8759,79.33765,False
17.88_79.35,1,17.87932,79.35329,False
17.88_79.38,1,17.87774,79.3801,False
17.88_79.51,1,17.87909,79.51116,False
17.88_79.52,1,17.87629,79.51538,False
17.88_79.57,1,17.88454,79.56973,False
17.88_79.61,1,17.87577,79.60856,False
17.88_79.68,1,17.88239,79.67599,False
17.88_79.69,1,17.88166,79.68861,False
17.88_79.78,1,17.88062,79.78452,False
17.88_79.79,1,17.88148,79.78899,False
17.88_79.81,1,17.87706,79.8147,False
17.88_79.82,1,17.87768,79.81626,False
17.88_79.84,1,17.88312,79.84361,False
17.88_79.92,1,17.87895,79.91846,False
17.88_80.13,1,17.8758,80.13131,False
17.88_80.33,1,17.88249,80.33481,False
17.88_80.41,1,17.88267,80.40889,False
17.88_80.56,1,17.87773,80.55952,False
17.89_73.23,1,17.89051,73.22574,False
17.89_73.28,1,17.8883,73.28448,False
17.89_73.38,1,17.89458,73.38347,False
17.89_73.39,1,17.89359,73.38653,False
17.89_77.98,1,17.88602,77.98479,False
17.89_78.01,1,17.88921,78.00735,False
17.89_78.09,1,17.88608,78.08725,False
17.89_78.2,1,17.88729,78.19827,False
17.89_78.29,1,17.89492,78.28699,False
17.89_78.3,1,17.88764,78.29684,False
17.89_78.42,1,17.88876,78.42389,False
17.89_79.07,1,17.8873,79.06742,False
17.89_79.25,1,17.8921,79.25428,False
17.89_79.26,1,17.89292,79.2581,False
17.89_79.68,1,17.88522,79.68233,False
17.89_79.69,1,17.88754,79.68532,False
17.89_79.7,1,17.89162,79.70127,False
17.89_79.71,1,17.89206,79.70557,False
17.89_79.76,1,17.89135,79.75788,False
17.89_79.8,1,17.89225,79.79796,False
17.89_79.81,1,17.88914,79.80647,False
17.89_79.82,1,17.88684,79.81586,False
17.89_79.84,1,17.88643,79.84306,False
17.89_79.85,1,17.88803,79.85477,False
17.89_79.92,1,17.89215,79.9188,False
17.89_79.95,1,17.89431,79.94587,False
17.89_79.98,1,17.886,79.98021,False
17.89_80.06,1,17.88918,80.0555,False
17.89_80.16,1,17.89177,80.15782,False
17.89_80.23,1,17.88667,80.23117,False
17.89_80.32,1,17.89145,80.32379,False
17.89_80.33,1,17.88535,80.33047,False
17.89_80.34,1,17.88645,80.33816,False
17.89_80.35,1,17.8915,80.34919,False
17.89_80.43,1,17.88919,80.43169,False
17.89_80.48,1,17.88719,80.47634,False
17.89_80.64,1,17.89488,80.64005,False
17.8_74.55,1,17.80347,74.55433,False
17.8_74.56,1,17.79798,74.55598,False
17.8_75.98,1,17.79584,75.98393,False
17.8_77.88,1,17.80489,77.87888,False
17.8_77.89,1,17.7998,77.88635,False
17.8_77.9,1,17.79885,77.89524,False
17.8_78.12,1,17.79759,78.12396,False
17.8_78.13,1,17.80313,78.1322,False
17.8_78.14,1,17.80449,78.13538,False
17.8_78.2,1,17.80073,78.19955,False
17.8_79.02,1,17.79538,79.01939,False
17.8_79.19,1,17.79773,79.19184,False
17.8_79.49,1,17.79522,79.49087,False
17.8_79.56,1,17.80449,79.55559,False
17.8_79.57,1,17.80196,79.56792,False
17.8_79.6,1,17.79695,79.60149,False
17.8_79.62,1,17.80494,79.62448,False
17.8_79.65,1,17.79779,79.64828,False
17.8_79.7,1,17.80392,79.7023,False
17.8_79.71,1,17.80072,79.70779,False
17.8_79.72,1,17.801,79.71615,False
17.8_79.76,1,17.8035,79.75798,False
17.8_79.83,1,17.80277,79.83095,False
17.8_79.84,1,17.7997,79.83978,False
17.8_79.92,1,17.8012,79.91789,False
17.8_79.93,1,17.8027,79.93485,False
17.8_80.05,1,17.7999,80.05241,False
17.8_80.08,1,17.80462,80.07943,False
17.8_80.12,1,17.801,80.11893,False
17.8_80.16,1,17.805,80.15569,False
17.8_80.18,1,17.80392,80.17912,False
17.8_80.19,1,17.79617,80.19151,False
17.8_80.51,1,17.80212,80.50575,False
17.8_80.66,1,17.80433,80.65536,False
17.8_80.7,1,17.80353,80.69504,False
17.8_80.71,1,17.79794,80.7066,False
17.91_73.15,1,17.9057,73.14959,False
17.91_73.16,1,17.90678,73.15694,False
17.91_73.22,1,17.90513,73.22072,False
17.91_73.46,1,17.90664,73.46046,False
17.91_73.5,1,17.90973,73.49886,False
17.91_73.56,1,17.91305,73.56048,False
17.91_74.32,1,17.91058,74.32004,False
17.91_74.65,1,17.91213,74.64774,False
17.91_75.41,1,17.90596,75.41033,False
17.91_75.62,1,17.91384,75.61571,False
17.91_75.65,1,17.90688,75.64923,False
17.91_75.69,1,17.90784,75.68842,False
17.91_77.74,1,17.91476,77.73569,False
17.91_77.94,1,17.90767,77.9445,False
17.91_78.03,1,17.9092,78.02682,False
17.91_78.05,1,17.91365,78.05282,False
17.91_78.6,1,17.90553,78.59601,False
17.91_78.75,1,17.91464,78.75273,False
17.91_79.28,1,17.90672,79.27606,False
17.91_79.35,1,17.91127,79.34688,False
17.91_79.43,1,17.90784,79.42747,False
17.91_79.64,1,17.91072,79.64114,False
17.91_79.79,1,17.91366,79.79153,False
17.91_79.82,1,17.90804,79.81555,False
17.91_79.91,1,17.91159,79.91381,False
17.91_79.94,1,17.9083,79.93658,False
17.91_80.0,1,17.91243,79.99851,False
17.91_80.24,1,17.91171,80.23736,False
17.91_80.32,1,17.90835,80.31559,False
17.91_80.87,1,17.90968,80.87193,False
17.92_73.71,1,17.924,73.70831,False
17.92_74.0,1,17.92312,74.00139,False
17.92_75.92,1,17.91617,75.92203,False
17.92_77.58,1,17.9208,77.58054,False
17.92_77.73,1,17.92148,77.73084,False
17.92_77.93,1,17.92386,77.93156,False
17.92_78.04,1,17.91808,78.04053,False
17.92_78.08,1,17.91573,78.08024,False
17.92_78.35,1,17.91505,78.34642,False
17.92_78.36,1,17.92417,78.35728,False
17.92_79.15,1,17.9187,79.15094,False
17.92_79.38,1,17.91925,79.37903,False
17.92_79.41,1,17.91523,79.4147,False
17.92_79.64,1,17.91867,79.64068,False
17.92_79.65,1,17.91707,79.65199,False
17.92_79.67,1,17.92422,79.67293,False
17.92_79.7,1,17.92476,79.69552,False
17.92_79.75,1,17.91989,79.74699,False
17.92_79.77,1,17.92361,79.76797,False
17.92_79.85,1,17.91732,79.85175,False
17.92_79.94,1,17.92036,79.9425,False
17.92_79.95,1,17.91713,79.94816,False
17.92_79.97,1,17.9208,79.96633,False
17.92_80.03,1,17.91792,80.03414,False
17.92_80.04,1,17.92429,80.03901,False
17.92_80.06,1,17.91928,80.05604,False
17.92_80.1,1,17.92168,80.09668,False
17.92_80.25,1,17.91857,80.25072,False
17.92_80.37,1,17.9248,80.36572,False
17.92_80.55,1,17.92029,80.54815,False
17.93_73.35,1,17.92894,73.35184,False
17.93_73.47,1,17.92784,73.46909,False
17.93_73.74,1,17.92695,73.7409,False
17.93_73.75,1,17.92791,73.74521,False
17.93_74.01,1,17.93056,74.00536,False
17.93_74.84,1,17.92715,74.83775,False
17.93_75.92,1,17.92964,75.92306,False
17.93_78.36,1,17.92606,78.35754,False
17.93_78.49,1,17.9253,78.49103,False
17.93_78.66,1,17.93127,78.65847,False
17.93_79.04,1,17.93465,79.03944,False
17.93_79.2,1,17.9317,79.19845,False
17.93_79.32,1,17.93091,79.3159,False
17.93_79.37,1,17.9346,79.37235,False
17.93_79.63,1,17.93485,79.63429,False
17.93_79.65,1,17.93151,79.6534,False
17.93_79.66,1,17.92596,79.66298,False
17.93_79.69,1,17.92628,79.69251,False
17.93_79.75,1,17.93011,79.74582,False
17.93_79.77,1,17.92747,79.76741,False
17.93_79.86,1,17.92592,79.86392,False
17.93_79.87,1,17.93247,79.86598,False
17.93_79.94,1,17.93205,79.94087,False
17.93_79.96,1,17.93083,79.96188,False
17.93_80.19,1,17.92862,80.19116,False
17.93_80.31,1,17.93393,80.31451,False
17.93_80.53,1,17.93308,80.52565,False
17.94_73.19,1,17.93602,73.19471,False
17.94_74.0,1,17.93852,74.00185,False
17.94_74.07,1,17.93561,74.06967,False
17.94_75.63,1,17.93939,75.63436,False
17.94_75.64,1,17.93995,75.63822,False
17.94_77.53,1,17.93541,77.52711,False
17.94_78.09,1,17.93686,78.0862,False
17.94_78.12,1,17.93637,78.12324,False
17.94_78.13,1,17.93688,78.12738,False
17.94_78.31,1,17.94025,78.30708,False
17.94_78.32,1,17.94474,78.3196,False
17.94_78.44,1,17.94383,78.44363,False
17.94_78.45,1,17.94337,78.44666,False
17.94_78.98,1,17.93513,78.97722,False
17.94_79.0,1,17.94449,79.00351,False
17.94_79.13,1,17.93955,79.12598,False
17.94_79.16,1,17.9378,79.15654,False
17.94_79.57,1,17.93886,79.56779,False
17.94_79.58,1,17.93831,79.58312,False
17.94_79.59,1,17.93983,79.58628,False
17.94_79.63,1,17.93624,79.6311,False
17.94_79.67,1,17.93869,79.6665,False
17.94_79.69,1,17.94137,79.68539,False
17.94_79.8,1,17.94364,79.79783,False
17.94_79.82,1,17.93569,79.82397,False
17.94_79.88,1,17.93957,79.87752,False
17.94_79.89,1,17.94491,79.88763,False
17.94_79.96,1,17.93797,79.95569,False
17.94_79.97,1,17.94236,79.97076,False
17.94_80.07,1,17.94024,80.07361,False
17.94_80.08,1,17.9351,80.07618,False
17.94_80.31,1,17.94186,80.31446,False
17.94_80.32,1,17.94253,80.31774,False
17.94_80.36,1,17.93956,80.35599,False
17.94_80.42,1,17.93653,80.41641,False
17.95_75.39,1,17.95004,75.39421,False
17.95_77.1,1,17.95151,77.10072,False
17.95_77.17,1,17.94856,77.17231,False
17.95_77.5,1,17.9496,77.49663,False
17.95_78.07,1,17.94754,78.06557,False
17.95_78.13,1,17.9467,78.1302,False
17.95_78.14,1,17.94629,78.14275,False
17.95_78.17,1,17.95278,78.16666,False
17.95_78.23,1,17.94752,78.2295,False
17.95_78.26,1,17.95047,78.25956,False
17.95_78.32,1,17.95149,78.31686,False
17.95_78.33,1,17.95149,78.33089,False
17.95_78.41,1,17.94967,78.4076,False
17.95_78.57,1,17.94665,78.5738,False
17.95_79.04,1,17.94786,79.03818,False
17.95_79.28,1,17.94591,79.28134,False
17.95_79.45,1,17.95207,79.45472,False
17.95_79.57,1,17.95347,79.56865,False
17.95_79.59,1,17.94857,79.58653,False
17.95_79.68,1,17.94683,79.68314,False
17.95_79.69,1,17.9455,79.6919,False
17.95_79.78,1,17.94663,79.78461,False
17.95_79.8,1,17.95213,79.80143,False
17.95_79.86,1,17.94551,79.85916,False
17.95_79.88,1,17.94871,79.88278,False
17.95_79.89,1,17.9514,79.88814,False
17.95_80.02,1,17.95441,80.02107,False
17.95_80.05,1,17.94965,80.05209,False
17.95_80.06,1,17.9468,80.05704,False
17.95_80.07,1,17.94799,80.06612,False
17.95_80.11,1,17.94603,80.11192,False
17.95_80.29,1,17.94574,80.29154,False
17.95_80.31,1,17.95255,80.30505,False
17.95_80.32,1,17.95008,80.32035,False
17.95_80.39,1,17.95296,80.39362,False
17.95_80.76,1,17.95183,80.7599,False
17.96_76.82,1,17.96189,76.82056,False
17.96_77.56,1,17.95803,77.56303,False
17.96_77.91,1,17.95832,77.9051,False
17.96_78.02,1,17.96319,78.02346,False
17.96_78.17,1,17.95763,78.1656,False
17.96_78.26,1,17.95558,78.26212,False
17.96_78.3,1,17.96285,78.30224,False
17.96_78.97,1,17.96456,78.97423,False
17.96_79.06,1,17.96094,79.05743,False
17.96_79.2,1,17.96079,79.19866,False
17.96_79.35,1,17.96339,79.34811,False
17.96_79.57,1,17.95728,79.56813,False
17.96_79.67,1,17.95867,79.67165,False
17.96_79.68,1,17.9555,79.68239,False
17.96_79.71,1,17.96085,79.70644,False
17.96_79.79,1,17.96499,79.79011,False
17.96_79.87,1,17.96326,79.86817,False
17.96_79.92,1,17.96396,79.92262,False
17.96_79.94,1,17.95652,79.93944,False
17.96_79.95,1,17.96441,79.94761,False
17.96_80.05,1,17.95763,80.04633,False
17.96_80.09,1,17.95722,80.0917,False
17.96_80.1,1,17.9551,80.10212,False
17.96_80.33,1,17.96491,80.33304,False
17.96_80.35,1,17.9634,80.34677,False
17.97_73.41,1,17.97467,73.41045,False
17.97_73.98,1,17.97382,73.97593,False
17.97_75.92,1,17.96671,75.91526,False
17.97_78.03,1,17.96728,78.02705,False
17.97_78.04,1,17.96844,78.03528,False
17.97_78.06,1,17.97487,78.0554,False
17.97_78.07,1,17.96956,78.06886,False
17.97_78.1,1,17.96576,78.10451,False
17.97_78.14,1,17.9702,78.13932,False
17.97_78.19,1,17.97228,78.19153,False
17.97_78.42,1,17.97108,78.42024,False
17.97_78.59,1,17.96868,78.59222,False
17.97_79.49,1,17.97238,79.49448,False
17.97_79.69,1,17.9673,79.68799,False
17.97_79.79,1,17.96602,79.78767,False
17.97_79.87,1,17.96538,79.87057,False
17.97_79.91,1,17.97271,79.90582,False
17.97_79.96,1,17.97344,79.96123,False
17.97_80.04,1,17.96579,80.039,False
17.97_80.06,1,17.97144,80.05531,False
17.97_80.13,1,17.9653,80.13393,False
17.97_80.35,1,17.96522,80.3491,False
17.97_80.38,1,17.96803,80.3751,False
17.97_80.6,1,17.96689,80.59532,False
17.97_80.74,1,17.97004,80.73981,False
17.98_73.28,1,17.98227,73.2776,False
17.98_73.33,1,17.97833,73.32545,False
17.98_73.49,1,17.97929,73.4912,False
17.98_73.53,1,17.97765,73.53368,False
17.98_75.62,1,17.985,75.61838,False
17.98_76.1,1,17.97992,76.10061,False
17.98_77.56,1,17.98254,77.55968,False
17.98_77.88,1,17.97957,77.88008,False
17.98_78.02,1,17.97806,78.0239,False
17.98_78.06,1,17.97578,78.06435,False
17.98_78.08,1,17.98262,78.0798,False
17.98_78.12,1,17.98006,78.11968,False
17.98_78.18,1,17.97685,78.1823,False
17.98_78.94,1,17.97805,78.93943,False
17.98_79.1,1,17.98141,79.09813,False
17.98_79.52,1,17.97514,79.52416,False
17.98_79.73,1,17.9804,79.73255,False
17.98_79.75,1,17.98253,79.75081,False
17.98_79.79,1,17.97763,79.78992,False
17.98_79.8,1,17.97776,79.79814,False
17.98_79.85,1,17.98315,79.84673,False
17.98_79.88,1,17.97731,79.88176,False
17.98_79.91,1,17.97777,79.90671,False
17.98_79.94,1,17.98065,79.93856,False
17.98_79.97,1,17.98006,79.96649,False
17.98_80.05,1,17.97965,80.0456,False
17.98_80.13,1,17.97725,80.13072,False
17.98_80.73,1,17.97992,80.73414,False
17.98_80.83,1,17.98492,80.8302,False
17.99_74.01,1,17.9886,74.01412,False
17.99_74.05,1,17.98639,74.04949,False
17.99_74.42,1,17.98991,74.4205,False
17.99_75.39,1,17.9866,75.3895,False
17.99_75.78,1,17.98803,75.78123,False
17.99_78.07,1,17.9872,78.06622,False
17.99_78.08,1,17.98685,78.07928,False
17.99_78.09,1,17.98908,78.09428,False
17.99_78.15,1,17.98797,78.14551,False
17.99_78.16,1,17.98815,78.15711,False
17.99_78.17,1,17.98717,78.17394,False
17.99_78.93,1,17.9949,78.92814,False
17.99_79.69,1,17.98531,79.69417,False
17.99_79.71,1,17.99348,79.71331,False
17.99_79.72,1,17.99253,79.71519,False
17.99_79.73,1,17.99111,79.72736,False
17.99_79.76,1,17.99344,79.76276,False
17.99_79.77,1,17.99407,79.76807,False
17.99_79.78,1,17.99466,79.78013,False
17.99_79.8,1,17.99172,79.80445,False
17.99_79.81,1,17.98512,79.8102,False
17.99_79.91,1,17.99359,79.90517,False
17.99_79.96,1,17.98806,79.96253,False
17.99_80.6,1,17.98961,80.59916,False
17.9_73.15,1,17.90342,73.15031,False
17.9_73.16,1,17.90451,73.15765,False
17.9_73.23,1,17.89899,73.22547,False
17.9_73.27,1,17.90153,73.26784,False
17.9_73.5,1,17.90229,73.50175,False
17.9_73.51,1,17.90365,73.50806,False
17.9_73.64,1,17.90436,73.6399,False
17.9_73.78,1,17.90094,73.77601,False
17.9_75.05,1,17.90209,75.05266,False
17.9_75.57,1,17.90013,75.57009,False
17.9_76.51,1,17.9032,76.51152,False
17.9_76.6,1,17.90024,76.59904,False
17.9_76.85,1,17.89504,76.84716,False
17.9_77.56,1,17.90371,77.55962,False
17.9_77.87,1,17.90083,77.8661,False
17.9_78.0,1,17.89531,78.00014,False
17.9_78.01,1,17.89716,78.0126,False
17.9_78.08,1,17.89962,78.08361,False
17.9_78.23,1,17.90041,78.23489,False
17.9_79.26,1,17.89848,79.25697,False
17.9_79.51,1,17.90006,79.51178,False
17.9_79.6,1,17.90247,79.59812,False
17.9_79.68,1,17.89521,79.68427,False
17.9_79.7,1,17.89585,79.69735,False
17.9_79.71,1,17.89788,79.70501,False
17.9_79.73,1,17.89532,79.72881,False
17.9_79.76,1,17.8966,79.75726,False
17.9_79.86,1,17.90302,79.86251,False
17.9_79.87,1,17.89873,79.86852,False
17.9_79.89,1,17.89818,79.89373,False
17.9_79.9,1,17.89884,79.89881,False
17.9_79.95,1,17.89711,79.94773,False
17.9_79.97,1,17.9016,79.96864,False
17.9_80.02,1,17.89687,80.02274,False
17.9_80.03,1,17.90146,80.0274,False
17.9_80.15,1,17.89546,80.15151,False
17.9_80.24,1,17.90134,80.24359,False
17.9_80.34,1,17.89795,80.33602,False
17.9_80.35,1,17.89546,80.35253,False
17.9_80.87,1,17.90467,80.873,False
18.01_73.55,1,18.00529,73.54627,False
18.01_74.8,1,18.01362,74.79503,False
18.01_75.05,1,18.01482,75.04873,False
18.01_76.3,1,18.00513,76.30159,False
18.01_77.93,1,18.00708,77.93288,False
18.01_78.07,1,18.01263,78.06792,False
18.01_78.17,1,18.00538,78.16949,False
18.01_78.23,1,18.01325,78.23176,False
18.01_79.63,1,18.01365,79.63422,False
18.01_79.65,1,18.0134,79.6479,False
18.01_79.67,1,18.01391,79.67305,False
18.01_79.74,1,18.01062,79.73778,False
18.01_79.75,1,18.01068,79.75233,False
18.01_79.78,1,18.00661,79.7762,False
18.01_79.83,1,18.00518,79.83218,False
18.01_79.87,1,18.00787,79.86871,False
18.01_79.88,1,18.01167,79.88075,False
18.01_79.92,1,18.00566,79.92244,False
18.01_80.0,1,18.00622,80.00205,False
18.01_80.04,1,18.00545,80.04233,False
18.01_80.05,1,18.0071,80.04923,False
18.01_80.07,1,18.01334,80.06876,False
18.01_80.57,1,18.01028,80.56871,False
18.01_80.59,1,18.01041,80.58979,False
18.01_80.66,1,18.0077,80.65575,False
18.01_80.88,1,18.01457,80.88371,False
18.02_74.63,1,18.01725,74.63084,False
18.02_74.74,1,18.02312,74.73964,False
18.02_74.81,1,18.02432,74.80533,False
18.02_75.05,1,18.01539,75.05291,False
18.02_77.37,1,18.02096,77.368,False
18.02_78.05,1,18.01903,78.05433,False
18.02_78.08,1,18.01776,78.07708,False
18.02_78.1,1,18.02482,78.10413,False
18.02_78.13,1,18.02341,78.12679,False
18.02_78.26,1,18.01872,78.26392,False
18.02_78.41,1,18.02423,78.40794,False
18.02_78.71,1,18.02387,78.71393,False
18.02_78.75,1,18.02413,78.75397,False
18.02_79.37,1,18.023,79.36924,False
18.02_79.44,1,18.02332,79.43993,False
18.02_79.45,1,18.02405,79.44683,False
18.02_79.59,1,18.01645,79.59062,False
18.02_79.64,1,18.02334,79.63503,False
18.02_79.66,1,18.01583,79.65774,False
18.02_79.71,1,18.02303,79.71152,False
18.02_79.72,1,18.0224,79.71501,False
18.02_79.73,1,18.02182,79.73355,False
18.02_79.76,1,18.0229,79.75501,False
18.02_79.79,1,18.01723,79.78844,False
18.02_79.87,1,18.01562,79.86761,False
18.02_79.88,1,18.02146,79.88226,False
18.02_79.89,1,18.02072,79.89094,False
18.02_79.96,1,18.02352,79.95958,False
18.02_80.01,1,18.01787,80.00768,False
18.02_80.03,1,18.01611,80.02559,False
18.02_80.36,1,18.01679,80.36217,False
18.02_80.56,1,18.02479,80.56462,False
18.02_80.59,1,18.02324,80.59383,False
18.02_80.6,1,18.02098,80.59843,False
18.02_80.62,1,18.02184,80.62029,False
18.03_73.32,1,18.02528,73.31502,False
18.03_73.69,1,18.03157,73.69221,False
18.03_78.12,1,18.03476,78.12391,False
18.03_78.13,1,18.03272,78.1328,False
18.03_78.17,1,18.03301,78.16562,False
18.03_78.24,1,18.02839,78.23595,False
18.03_78.3,1,18.0325,78.30311,False
18.03_78.31,1,18.0268,78.30979,False
18.03_78.4,1,18.03095,78.39888,False
18.03_78.54,1,18.0252,78.54284,False
18.03_78.72,1,18.02939,78.71773,False
18.03_78.96,1,18.03401,78.95605,False
18.03_79.45,1,18.02784,79.4463,False
18.03_79.62,1,18.02825,79.6243,False
18.03_79.73,1,18.03412,79.72955,False
18.03_79.84,1,18.03093,79.83772,False
18.03_79.87,1,18.03291,79.87321,False
18.03_79.95,1,18.0307,79.95365,False
18.03_79.97,1,18.03485,79.96866,False
18.03_80.38,1,18.03122,80.37762,False
18.03_80.61,1,18.0349,80.61497,False
18.03_80.62,1,18.0315,80.62379,False
18.03_80.67,1,18.02959,80.67229,False
18.03_80.85,1,18.0276,80.84547,False
18.04_73.14,1,18.03816,73.14137,False
18.04_73.37,1,18.04106,73.37299,False
18.04_73.4,1,18.03631,73.39877,False
18.04_73.69,1,18.03534,73.68744,False
18.04_73.76,1,18.04077,73.76373,False
18.04_74.69,1,18.03676,74.68926,False
18.04_75.04,1,18.03765,75.03938,False
18.04_75.2,1,18.04334,75.20033,False
18.04_75.77,1,18.03875,75.77428,False
18.04_77.81,1,18.04464,77.81248,False
18.04_78.0,1,18.03929,78.00066,False
18.04_78.01,1,18.03634,78.00529,False
18.04_78.13,1,18.04112,78.13274,False
18.04_78.19,1,18.03881,78.18581,False
18.04_78.2,1,18.03975,78.20293,False
18.04_78.3,1,18.03611,78.30405,False
18.04_78.4,1,18.03876,78.39775,False
18.04_78.59,1,18.04362,78.58884,False
18.04_78.64,1,18.04085,78.64124,False
18.04_78.74,1,18.04291,78.73823,False
18.04_79.57,1,18.04027,79.56767,False
18.04_79.66,1,18.0426,79.66467,False
18.04_79.69,1,18.04156,79.69011,False
18.04_79.71,1,18.04345,79.71227,False
18.04_79.73,1,18.04463,79.72636,False
18.04_79.77,1,18.03545,79.77014,False
18.04_79.85,1,18.04198,79.84802,False
18.04_79.87,1,18.0368,79.87267,False
18.04_79.89,1,18.04296,79.89471,False
18.04_79.92,1,18.04492,79.92292,False
18.04_79.97,1,18.03576,79.96888,False
18.04_80.23,1,18.04424,80.22672,False
18.04_80.5,1,18.03683,80.50342,False
18.04_80.55,1,18.04088,80.55413,False
18.04_80.58,1,18.04114,80.58481,False
18.04_80.59,1,18.03736,80.58771,False
18.04_80.68,1,18.03829,80.68102,False
18.05_73.19,1,18.05346,73.18904,False
18.05_73.22,1,18.05085,73.21673,False
18.05_73.25,1,18.04684,73.2522,False
18.05_73.27,1,18.04727,73.27149,False
18.05_73.37,1,18.0479,73.36637,False
18.05_73.67,1,18.05428,73.66552,False
18.05_73.71,1,18.049,73.71334,False
18.05_73.72,1,18.0518,73.71749,False
18.05_73.78,1,18.05053,73.78421,False
18.05_77.97,1,18.05343,77.9734,False
18.05_77.98,1,18.05401,77.97749,False
18.05_78.02,1,18.05097,78.02461,False
18.05_78.09,1,18.04539,78.08772,False
18.05_78.12,1,18.0507,78.1198,False
18.05_78.14,1,18.05351,78.14345,False
18.05_78.24,1,18.05248,78.24222,False
18.05_78.48,1,18.0546,78.48296,False
18.05_78.7,1,18.05433,78.70016,False
18.05_78.74,1,18.04624,78.7388,False
18.05_78.76,1,18.04695,78.76025,False
18.05_79.39,1,18.04556,79.3926,False
18.05_79.45,1,18.05136,79.44733,False
18.05_79.49,1,18.05199,79.48566,False
18.05_79.58,1,18.04747,79.5849,False
18.05_79.62,1,18.05156,79.61742,False
18.05_79.65,1,18.05496,79.6516,False
18.05_79.66,1,18.05257,79.66109,False
18.05_79.67,1,18.04515,79.67245,False
18.05_79.69,1,18.05293,79.68956,False
18.05_79.78,1,18.04512,79.78415,False
18.05_79.79,1,18.04577,79.78918,False
18.05_79.92,1,18.04882,79.92237,False
18.05_79.94,1,18.05193,79.94343,False
18.05_79.95,1,18.04984,79.95335,False
18.05_79.96,1,18.05001,79.96243,False
18.05_79.97,1,18.04514,79.97327,False
18.05_79.99,1,18.05353,79.98907,False
18.05_80.23,1,18.04913,80.2261,False
18.05_80.48,1,18.05212,80.48496,False
18.05_80.49,1,18.05103,80.48988,False
18.05_80.51,1,18.04629,80.50513,False
18.05_80.71,1,18.04861,80.70826,False
18.06_73.25,1,18.05562,73.24947,False
18.06_73.27,1,18.05559,73.27354,False
18.06_73.32,1,18.05522,73.31914,False
18.06_73.67,1,18.0625,73.6702,False
18.06_73.68,1,18.06492,73.68372,False
18.06_73.88,1,18.05941,73.8847,False
18.06_74.76,1,18.06272,74.75642,False
18.06_77.96,1,18.05931,77.96413,False
18.06_78.07,1,18.06278,78.06596,False
18.06_78.08,1,18.06495,78.08044,False
18.06_78.12,1,18.06365,78.12387,False
18.06_78.19,1,18.0617,78.1881,False
18.06_78.21,1,18.06227,78.21328,False
18.06_78.22,1,18.06491,78.21574,False
18.06_78.23,1,18.05692,78.23081,False
18.06_78.25,1,18.06183,78.25175,False
18.06_78.26,1,18.05725,78.25797,False
18.06_78.76,1,18.05615,78.75527,False
18.06_78.98,1,18.06197,78.98346,False
18.06_78.99,1,18.05909,78.98793,False
18.06_79.13,1,18.05642,79.1333,False
18.06_79.42,1,18.05834,79.41937,False
18.06_79.45,1,18.05514,79.4468,False
18.06_79.57,1,18.06441,79.56923,False
18.06_79.58,1,18.06129,79.57967,False
18.06_79.6,1,18.05936,79.5989,False
18.06_79.61,1,18.0582,79.60568,False
18.06_79.66,1,18.05641,79.66055,False
18.06_79.67,1,18.062,79.67243,False
18.06_79.7,1,18.05525,79.70031,False
18.06_79.71,1,18.06132,79.70547,False
18.06_79.79,1,18.06014,79.78887,False
18.06_79.82,1,18.05868,79.81744,False
18.06_79.86,1,18.05857,79.85557,False
18.06_79.94,1,18.06342,79.93846,False
18.06_79.96,1,18.06086,79.95758,False
18.06_79.97,1,18.06088,79.97018,False
18.06_79.99,1,18.05569,79.98782,False
18.06_80.13,1,18.0633,80.13397,False
18.06_80.45,1,18.06368,80.44919,False
18.06_80.74,1,18.055,80.73523,False
18.06_80.75,1,18.05562,80.74569,False
18.07_73.96,1,18.07289,73.95541,False
18.07_74.49,1,18.06618,74.48561,False
18.07_74.76,1,18.06855,74.75835,False
18.07_76.8,1,18.07363,76.79992,False
18.07_77.52,1,18.07243,77.52018,False
18.07_77.75,1,18.07363,77.7457,False
18.07_78.01,1,18.06544,78.01022,False
18.07_78.07,1,18.06944,78.06573,False
18.07_78.08,1,18.06718,78.08351,False
18.07_78.1,1,18.07356,78.10152,False
18.07_78.14,1,18.06644,78.13944,False
18.07_78.16,1,18.07354,78.16311,False
18.07_78.17,1,18.07313,78.17338,False
18.07_78.19,1,18.06583,78.19176,False
18.07_78.25,1,18.06716,78.2506,False
18.07_78.29,1,18.07004,78.2913,False
18.07_78.32,1,18.07385,78.32461,False
18.07_78.45,1,18.07154,78.44611,False
18.07_78.57,1,18.07266,78.56869,False
18.07_78.66,1,18.07382,78.65524,False
18.07_79.42,1,18.06719,79.42079,False
18.07_79.48,1,18.06929,79.48481,False
18.07_79.59,1,18.07362,79.59239,False
18.07_79.6,1,18.07417,79.59609,False
18.07_79.69,1,18.07433,79.68651,False
18.07_79.72,1,18.07294,79.7207,False
18.07_79.73,1,18.06709,79.72616,False
18.07_79.78,1,18.06557,79.78053,False
18.07_79.79,1,18.06624,79.78558,False
18.07_79.8,1,18.06752,79.80312,False
18.07_79.81,1,18.07395,79.81448,False
18.07_79.82,1,18.07051,79.81551,False
18.07_79.89,1,18.07115,79.89369,False
18.07_79.95,1,18.06582,79.94697,False
18.07_79.98,1,18.07129,79.97811,False
18.07_80.01,1,18.06862,80.01239,False
18.07_80.05,1,18.06733,80.04813,False
18.07_80.33,1,18.07317,80.3343,False
18.07_80.68,1,18.07187,80.68275,False
18.07_80.74,1,18.06599,80.7377,False
18.08_73.29,1,18.08262,73.28829,False
18.08_73.92,1,18.07745,73.92304,False
18.08_75.37,1,18.08179,75.36559,False
18.08_76.69,1,18.07622,76.69424,False
18.08_77.13,1,18.07659,77.13248,False
18.08_77.26,1,18.07531,77.25971,False
18.08_77.9,1,18.07939,77.9013,False
18.08_77.91,1,18.08464,77.90582,False
18.08_78.0,1,18.07619,77.99517,False
18.08_78.01,1,18.07924,78.01447,False
18.08_78.05,1,18.07734,78.04845,False
18.08_78.11,1,18.08447,78.10842,False
18.08_78.14,1,18.07615,78.13737,False
18.08_78.16,1,18.0769,78.16257,False
18.08_78.19,1,18.0788,78.18538,False
18.08_78.24,1,18.08128,78.23885,False
18.08_78.25,1,18.08492,78.24635,False
18.08_78.27,1,18.0792,78.27296,False
18.08_78.31,1,18.07789,78.31152,False
18.08_78.33,1,18.07612,78.32516,False
18.08_78.42,1,18.07545,78.4247,False
18.08_78.8,1,18.08058,78.80336,False
18.08_78.82,1,18.0768,78.81512,False
18.08_79.16,1,18.0776,79.15785,False
18.08_79.48,1,18.07749,79.47852,False
18.08_79.5,1,18.08478,79.49747,False
18.08_79.51,1,18.08117,79.51147,False
18.08_79.54,1,18.08438,79.5351,False
18.08_79.56,1,18.08156,79.55688,False
18.08_79.6,1,18.08156,79.60172,False
18.08_79.63,1,18.08251,79.62531,False
18.08_79.65,1,18.07749,79.65418,False
18.08_79.66,1,18.07769,79.66369,False
18.08_79.69,1,18.07956,79.68584,False
18.08_79.76,1,18.0848,79.76286,False
18.08_79.87,1,18.08186,79.86842,False
18.08_79.89,1,18.08048,79.89189,False
18.08_79.91,1,18.07513,79.90609,False
18.08_79.95,1,18.07644,79.94901,False
18.08_79.96,1,18.08251,79.95527,False
18.08_79.97,1,18.07718,79.97103,False
18.08_79.99,1,18.07669,79.98936,False
18.08_80.43,1,18.07994,80.43465,False
18.08_80.44,1,18.08451,80.4387,False
18.08_80.68,1,18.08422,80.68008,False
18.08_80.77,1,18.08442,80.76665,False
18.09_74.34,1,18.09,74.34359,False
18.09_74.53,1,18.09481,74.53473,False
18.09_74.96,1,18.08908,74.96194,False
18.09_75.46,1,18.09102,75.46189,False
18.09_77.81,1,18.08909,77.80952,False
18.09_77.99,1,18.08504,77.99384,False
18.09_78.04,1,18.08542,78.04068,False
18.09_78.11,1,18.0902,78.10712,False
18.09_78.12,1,18.08841,78.12014,False
18.09_78.18,1,18.08948,78.18425,False
18.09_78.2,1,18.08535,78.20201,False
18.09_78.24,1,18.0851,78.23544,False
18.09_78.25,1,18.08661,78.24847,False
18.09_78.26,1,18.09318,78.26277,False
18.09_78.51,1,18.09379,78.50758,False
18.09_79.4,1,18.08562,79.40273,False
18.09_79.53,1,18.08859,79.53455,False
18.09_79.56,1,18.08537,79.55634,False
18.09_79.59,1,18.09379,79.5938,False
18.09_79.62,1,18.08771,79.62035,False
18.09_79.65,1,18.09318,79.65252,False
18.09_79.68,1,18.09189,79.68439,False
18.09_79.7,1,18.09152,79.69723,False
18.09_79.72,1,18.09487,79.72068,False
18.09_79.73,1,18.09253,79.72639,False
18.09_79.76,1,18.08658,79.75642,False
18.09_79.78,1,18.09044,79.77948,False
18.09_79.79,1,18.08723,79.78506,False
18.09_79.83,1,18.09368,79.82529,False
18.09_79.86,1,18.09398,79.85859,False
18.09_79.88,1,18.08793,79.88303,False
18.09_79.91,1,18.0917,79.90871,False
18.09_79.95,1,18.08734,79.94584,False
18.09_79.96,1,18.09185,79.96178,False
18.09_79.98,1,18.09124,79.97916,False
18.09_79.99,1,18.08786,79.98837,False
18.09_80.05,1,18.08983,80.05251,False
18.09_80.44,1,18.08702,80.44312,False
18.09_80.66,1,18.09498,80.66187,False
18.09_80.67,1,18.08558,80.67011,False
18.09_80.68,1,18.08555,80.6814,False
18.09_80.72,1,18.09197,80.72154,False
18.09_80.77,1,18.08596,80.76521,False
18.09_80.87,1,18.09283,80.86745,False
18.0_74.61,1,18.00022,74.60557,False
18.0_77.73,1,18.0022,77.73352,False
18.0_77.74,1,18.00224,77.73611,False
18.0_77.84,1,18.00206,77.83533,False
18.0_78.05,1,18.00174,78.05029,False
18.0_78.16,1,17.99585,78.15602,False
18.0_78.17,1,17.9983,78.17058,False
18.0_78.27,1,18.00298,78.27299,False
18.0_78.7,1,18.00464,78.69981,False
18.0_79.2,1,18.00356,79.19642,False
18.0_79.46,1,18.00008,79.46113,False
18.0_79.52,1,18.00096,79.52091,False
18.0_79.67,1,17.99506,79.6692,False
18.0_79.69,1,18.00205,79.68613,False
18.0_79.7,1,17.99813,79.69539,False
18.0_79.71,1,17.99772,79.70722,False
18.0_79.72,1,17.99853,79.72495,False
18.0_79.74,1,18.00339,79.74056,False
18.0_79.77,1,18.00276,79.76567,False
18.0_79.78,1,17.99852,79.77959,False
18.0_79.79,1,18.0037,79.78909,False
18.0_79.85,1,18.00115,79.84718,False
18.0_79.96,1,17.99753,79.95572,False
18.0_80.04,1,17.99853,80.044,False
18.0_80.05,1,18.00018,80.05088,False
18.0_80.11,1,17.99603,80.1099,False
18.0_80.12,1,17.99705,80.12206,False
18.0_80.57,1,18.0011,80.57079,False
18.0_80.58,1,18.00079,80.57605,False
18.11_73.3,1,18.1133,73.30489,False
18.11_74.59,1,18.10801,74.59247,False
18.11_74.76,1,18.10648,74.76326,False
18.11_74.77,1,18.10821,74.76601,False
18.11_77.79,1,18.11446,77.79358,False
18.11_77.84,1,18.11331,77.83813,False
18.11_78.03,1,18.1079,78.0322,False
18.11_78.04,1,18.11027,78.03937,False
18.11_78.07,1,18.11246,78.06941,False
18.11_78.11,1,18.10869,78.1074,False
18.11_78.14,1,18.10884,78.13577,False
18.11_78.17,1,18.10819,78.16517,False
18.11_78.19,1,18.10529,78.19235,False
18.11_78.2,1,18.10914,78.20184,False
18.11_78.21,1,18.10747,78.20727,False
18.11_78.22,1,18.11247,78.21792,False
18.11_78.47,1,18.10606,78.46749,False
18.11_78.52,1,18.10666,78.52095,False
18.11_78.53,1,18.11164,78.52866,False
18.11_79.34,1,18.10946,79.33792,False
18.11_79.49,1,18.10662,79.49017,False
18.11_79.5,1,18.1146,79.49558,False
18.11_79.51,1,18.10869,79.51227,False
18.11_79.52,1,18.1075,79.51731,False
18.11_79.56,1,18.11147,79.55941,False
18.11_79.58,1,18.11338,79.57863,False
18.11_79.67,1,18.10708,79.66753,False
18.11_79.68,1,18.1074,79.68299,False
18.11_79.7,1,18.1098,79.70353,False
18.11_79.77,1,18.10786,79.771,False
18.11_79.81,1,18.1068,79.8056,False
18.11_79.92,1,18.10628,79.91994,False
18.11_80.07,1,18.10624,80.07388,False
18.11_80.33,1,18.11321,80.33086,False
18.11_80.42,1,18.10641,80.41745,False
18.11_80.63,1,18.1103,80.63204,False
18.11_80.72,1,18.1058,80.71941,False
18.11_80.75,1,18.10655,80.7527,False
18.11_80.76,1,18.10703,80.75646,False
18.11_80.78,1,18.1103,80.77568,False
18.12_73.22,1,18.11697,73.22415,False
18.12_73.8,1,18.11971,73.80077,False
18.12_74.74,1,18.12296,74.74225,False
18.12_75.02,1,18.12276,75.01593,False
18.12_77.8,1,18.12201,77.79658,False
18.12_77.84,1,18.11845,77.83641,False
18.12_77.99,1,18.11921,77.98647,False
18.12_78.04,1,18.12091,78.04336,False
18.12_78.06,1,18.11902,78.06094,False
18.12_78.07,1,18.11621,78.07233,False
18.12_78.11,1,18.11731,78.1104,False
18.12_78.24,1,18.1224,78.23824,False
18.12_78.5,1,18.11907,78.50335,False
18.12_78.51,1,18.11976,78.50674,False
18.12_78.52,1,18.11556,78.52361,False
18.12_78.85,1,18.11766,78.85037,False
18.12_79.01,1,18.12257,79.01201,False
18.12_79.2,1,18.12228,79.19588,False
18.12_79.44,1,18.12242,79.44353,False
18.12_79.45,1,18.12253,79.4475,False
18.12_79.46,1,18.11841,79.46413,False
18.12_79.53,1,18.12212,79.5276,False
18.12_79.55,1,18.12121,79.54839,False
18.12_79.56,1,18.11529,79.55888,False
18.12_79.58,1,18.12164,79.58211,False
18.12_79.59,1,18.12393,79.58693,False
18.12_79.62,1,18.12307,79.62249,False
18.12_79.66,1,18.12341,79.66129,False
18.12_79.73,1,18.12301,79.72531,False
18.12_79.77,1,18.12411,79.76865,False
18.12_79.78,1,18.11649,79.7821,False
18.12_79.8,1,18.12145,79.80272,False
18.12_79.9,1,18.12088,79.89713,False
18.12_79.98,1,18.12112,79.98145,False
18.12_80.51,1,18.12438,80.50849,False
18.12_80.63,1,18.11879,80.63251,False
18.12_80.66,1,18.11918,80.66478,False
18.12_80.67,1,18.11573,80.66531,False
18.13_74.45,1,18.1254,74.44743,False
18.13_75.51,1,18.12738,75.50842,False
18.13_75.61,1,18.13,75.60598,False
18.13_75.73,1,18.13411,75.73139,False
18.13_76.58,1,18.12829,76.58165,False
18.13_77.8,1,18.12551,77.79605,False
18.13_78.01,1,18.13479,78.01442,False
18.13_78.03,1,18.12871,78.02503,False
18.13_78.12,1,18.1336,78.119,False
18.13_78.2,1,18.13182,78.20139,False
18.13_78.24,1,18.13362,78.23555,False
18.13_78.51,1,18.12803,78.50772,False
18.13_78.62,1,18.12605,78.61718,False
18.13_78.66,1,18.13061,78.66412,False
18.13_78.76,1,18.12808,78.75941,False
18.13_78.93,1,18.13412,78.93069,False
18.13_78.98,1,18.12657,78.98017,False
18.13_79.06,1,18.13106,79.05992,False
18.13_79.48,1,18.12573,79.47953,False
18.13_79.51,1,18.13176,79.50681,False
18.13_79.58,1,18.12634,79.58153,False
18.13_79.59,1,18.12707,79.59115,False
18.13_79.6,1,18.1259,79.60168,False
18.13_79.7,1,18.12815,79.69781,False
18.13_79.72,1,18.12632,79.72476,False
18.13_79.75,1,18.12598,79.75368,False
18.13_79.77,1,18.12801,79.76945,False
18.13_79.92,1,18.12538,79.91701,False
18.13_79.98,1,18.13466,79.98148,False
18.13_80.06,1,18.13053,80.06129,False
18.13_80.14,1,18.1281,80.14237,False
18.13_80.4,1,18.13457,80.40212,False
18.13_80.47,1,18.12888,80.46593,False
18.13_80.51,1,18.1342,80.51488,False
18.13_80.6,1,18.12595,80.60026,False
18.14_73.33,1,18.13608,73.32726,False
18.14_73.56,1,18.13511,73.56078,False
18.14_73.64,1,18.1395,73.64081,False
18.14_74.91,1,18.1422,74.91004,False
18.14_75.33,1,18.14198,75.33392,False
18.14_76.46,1,18.14416,76.46243,False
18.14_76.48,1,18.13852,76.47726,False
18.14_78.21,1,18.14283,78.20646,False
18.14_78.23,1,18.13734,78.23324,False
18.14_78.29,1,18.1396,78.29287,False
18.14_78.4,1,18.14476,78.40354,False
18.14_78.89,1,18.13621,78.88993,False
18.14_79.33,1,18.13614,79.32697,False
18.14_79.44,1,18.14392,79.44434,False
18.14_79.48,1,18.14004,79.48495,False
18.14_79.54,1,18.14434,79.53545,False
18.14_79.58,1,18.14417,79.58141,False
18.14_79.6,1,18.13509,79.59616,False
18.14_79.61,1,18.14005,79.6119,False
18.14_79.62,1,18.14038,79.6207,False
18.14_79.63,1,18.13907,79.63458,False
18.14_79.74,1,18.1417,79.74033,False
18.14_79.76,1,18.14048,79.75584,False
18.14_79.79,1,18.14317,79.79434,False
18.14_79.81,1,18.14359,79.80845,False
18.14_79.98,1,18.14499,79.97732,False
18.14_80.0,1,18.14149,79.99606,False
18.14_80.04,1,18.13686,80.04182,False
18.14_80.06,1,18.13793,80.05629,False
18.14_80.14,1,18.1415,80.14104,False
18.14_80.15,1,18.14185,80.15159,False
18.14_80.16,1,18.13803,80.15953,False
18.14_80.31,1,18.14158,80.31309,False
18.14_80.32,1,18.14062,80.31525,False
18.14_80.57,1,18.13934,80.56909,False
18.14_80.59,1,18.14378,80.58918,False
18.14_80.6,1,18.13544,80.59779,False
18.14_80.63,1,18.14036,80.62589,False
18.15_73.38,1,18.1476,73.37781,False
18.15_73.58,1,18.14774,73.57627,False
18.15_73.62,1,18.15333,73.61501,False
18.15_74.01,1,18.15049,74.01419,False
18.15_74.9,1,18.14612,74.90171,False
18.15_77.15,1,18.14872,77.1516,False
18.15_77.86,1,18.14751,77.86454,False
18.15_78.12,1,18.15123,78.11668,False
18.15_78.18,1,18.1542,78.17746,False
18.15_78.19,1,18.1502,78.19268,False
18.15_78.2,1,18.14643,78.19744,False
18.15_78.21,1,18.14639,78.20592,False
18.15_78.3,1,18.15207,78.30238,False
18.15_78.36,1,18.15411,78.36481,False
18.15_78.47,1,18.15121,78.47019,False
18.15_78.48,1,18.15096,78.47575,False
18.15_78.93,1,18.15089,78.92871,False
18.15_79.02,1,18.14884,79.02139,False
18.15_79.47,1,18.15067,79.47406,False
18.15_79.57,1,18.14967,79.56846,False
18.15_79.59,1,18.14504,79.58635,False
18.15_79.68,1,18.14641,79.68046,False
18.15_79.75,1,18.14582,79.75465,False
18.15_79.77,1,18.14625,79.77183,False
18.15_79.81,1,18.15431,79.80763,False
18.15_79.9,1,18.14582,79.90126,False
18.15_79.98,1,18.14624,79.97865,False
18.15_80.05,1,18.15182,80.04747,False
18.15_80.14,1,18.14569,80.14372,False
18.15_80.16,1,18.14957,80.15851,False
18.15_80.38,1,18.14963,80.37797,False
18.15_80.4,1,18.14887,80.40391,False
18.15_80.58,1,18.14914,80.57761,False
18.15_80.66,1,18.15265,80.66364,False
18.15_80.67,1,18.15244,80.66557,False
18.15_80.71,1,18.15227,80.71339,False
18.16_73.2,1,18.16406,73.19834,False
18.16_73.27,1,18.15505,73.26509,False
18.16_73.41,1,18.16094,73.4128,False
18.16_73.45,1,18.15653,73.44652,False
18.16_73.74,1,18.16425,73.74178,False
18.16_73.93,1,18.16002,73.92571,False
18.16_75.54,1,18.15652,75.53825,False
18.16_75.65,1,18.16265,75.64531,False
18.16_75.83,1,18.16045,75.8291,False
18.16_76.03,1,18.16222,76.02908,False
18.16_76.1,1,18.1576,76.09649,False
18.16_78.02,1,18.15764,78.02369,False
18.16_78.05,1,18.16158,78.05296,False
18.16_78.08,1,18.16451,78.07508,False
18.16_78.13,1,18.1559,78.13264,False
18.16_78.15,1,18.15536,78.15289,False
18.16_78.19,1,18.15881,78.18953,False
18.16_78.24,1,18.15669,78.24483,False
18.16_78.31,1,18.159,78.31322,False
18.16_78.33,1,18.16071,78.32592,False
18.16_78.82,1,18.16176,78.81792,False
18.16_78.96,1,18.16364,78.95555,False
18.16_79.17,1,18.16209,79.1661,False
18.16_79.2,1,18.1617,79.19878,False
18.16_79.28,1,18.16392,79.27707,False
18.16_79.46,1,18.16095,79.45654,False
18.16_79.48,1,18.15611,79.48399,False
18.16_79.51,1,18.15968,79.51272,False
18.16_79.52,1,18.16414,79.51705,False
18.16_79.56,1,18.15835,79.56177,False
18.16_79.58,1,18.15841,79.57909,False
18.16_79.62,1,18.16349,79.62248,False
18.16_79.66,1,18.16234,79.65594,False
18.16_79.67,1,18.15746,79.67374,False
18.16_79.69,1,18.15569,79.68813,False
18.16_79.7,1,18.16115,79.70423,False
18.16_79.71,1,18.16167,79.70839,False
18.16_79.78,1,18.15706,79.77713,False
18.16_79.81,1,18.16038,79.81373,False
18.16_80.01,1,18.16047,80.0102,False
18.16_80.05,1,18.15791,80.05029,False
18.16_80.08,1,18.16232,80.07915,False
18.16_80.57,1,18.15553,80.57419,False
18.16_80.58,1,18.15709,80.57764,False
18.16_80.6,1,18.15893,80.59949,False
18.16_80.66,1,18.1561,80.66312,False
18.17_73.23,1,18.16559,73.22537,False
18.17_73.53,1,18.16913,73.5263,False
18.17_73.75,1,18.16502,73.74584,False
18.17_73.82,1,18.17127,73.81589,False
18.17_75.6,1,18.17268,75.5979,False
18.17_75.63,1,18.1679,75.63332,False
18.17_77.8,1,18.16925,77.79985,False
18.17_77.89,1,18.16784,77.89365,False
18.17_78.13,1,18.16722,78.13095,False
18.17_78.14,1,18.16601,78.14195,False
18.17_78.15,1,18.17486,78.15341,False
18.17_78.17,1,18.16849,78.16611,False
18.17_79.45,1,18.16856,79.45254,False
18.17_79.51,1,18.16614,79.51397,False
18.17_79.52,1,18.17141,79.51852,False
18.17_79.56,1,18.17393,79.55708,False
18.17_79.58,1,18.16832,79.58258,False
18.17_79.59,1,18.16826,79.5887,False
18.17_79.61,1,18.16825,79.60654,False
18.17_79.72,1,18.16772,79.71742,False
18.17_79.75,1,18.16993,79.7525,False
18.17_79.78,1,18.16977,79.78419,False
18.17_79.79,1,18.16607,79.79081,False
18.17_79.83,1,18.17158,79.82968,False
18.17_80.15,1,18.16743,80.15327,False
18.17_80.38,1,18.168,80.38199,False
18.17_80.39,1,18.17198,80.38536,False
18.17_80.4,1,18.17396,80.40293,False
18.17_80.46,1,18.16872,80.46346,False
18.17_80.55,1,18.17238,80.55338,False
18.18_73.44,1,18.18396,73.44121,False
18.18_73.78,1,18.17842,73.78317,False
18.18_73.93,1,18.1781,73.93282,False
18.18_74.1,1,18.17915,74.09565,False
18.18_74.49,1,18.1797,74.48732,False
18.18_75.45,1,18.17539,75.44949,False
18.18_77.38,1,18.17509,77.37541,False
18.18_77.78,1,18.18077,77.77811,False
18.18_77.79,1,18.1761,77.79299,False
18.18_77.82,1,18.17612,77.8242,False
18.18_77.86,1,18.18095,77.85706,False
18.18_78.14,1,18.1756,78.13718,False
18.18_78.15,1,18.17701,78.1492,False
18.18_78.16,1,18.17945,78.15993,False
18.18_78.56,1,18.18449,78.56071,False
18.18_78.59,1,18.17597,78.59035,False
18.18_79.27,1,18.17803,79.27023,False
18.18_79.4,1,18.17583,79.39819,False
18.18_79.47,1,18.17539,79.47141,False
18.18_79.52,1,18.18467,79.51614,False
18.18_79.56,1,18.18382,79.55738,False
18.18_79.58,1,18.17672,79.58267,False
18.18_79.61,1,18.17591,79.60544,False
18.18_79.74,1,18.17746,79.74491,False
18.18_79.75,1,18.1836,79.75262,False
18.18_79.79,1,18.17555,79.78715,False
18.18_79.8,1,18.18056,79.79978,False
18.18_79.81,1,18.17718,79.81262,False
18.18_79.82,1,18.17716,79.82046,False
18.18_79.88,1,18.17781,79.8829,False
18.18_79.91,1,18.17609,79.90582,False
18.18_79.92,1,18.17619,79.91655,False
18.18_79.95,1,18.17953,79.95184,False
18.18_79.97,1,18.18182,79.96622,False
18.18_80.02,1,18.17904,80.01548,False
18.18_80.35,1,18.18486,80.35339,False
18.18_80.38,1,18.17876,80.37618,False
18.18_80.52,1,18.18176,80.52357,False
18.18_80.54,1,18.18056,80.54179,False
18.18_80.55,1,18.1811,80.54653,False
18.18_80.62,1,18.18476,80.62152,False
18.19_73.36,1,18.18897,73.359,False
18.19_74.55,1,18.19094,74.5549,False
18.19_75.12,1,18.18817,75.12418,False
18.19_77.47,1,18.19088,77.4699,False
18.19_77.76,1,18.18708,77.76399,False
18.19_77.8,1,18.19223,77.80374,False
18.19_77.83,1,18.18646,77.83498,False
18.19_77.91,1,18.18786,77.90535,False
18.19_78.04,1,18.18713,78.03793,False
18.19_78.14,1,18.1852,78.14494,False
18.19_78.16,1,18.18839,78.1551,False
18.19_78.75,1,18.1862,78.75485,False
18.19_78.81,1,18.19173,78.80692,False
18.19_79.22,1,18.18613,79.21618,False
18.19_79.28,1,18.19219,79.27914,False
18.19_79.38,1,18.18717,79.37726,False
18.19_79.39,1,18.19493,79.38602,False
18.19_79.41,1,18.19063,79.40508,False
18.19_79.45,1,18.18893,79.45475,False
18.19_79.53,1,18.19372,79.52615,False
18.19_79.58,1,18.19397,79.57573,False
18.19_79.72,1,18.19493,79.71925,False
18.19_79.81,1,18.18689,79.80538,False
18.19_79.91,1,18.19254,79.91189,False
18.19_80.36,1,18.18533,80.35591,False
18.19_80.42,1,18.18789,80.41601,False
18.19_80.52,1,18.18563,80.52489,False
18.19_80.53,1,18.19182,80.52737,False
18.19_80.54,1,18.18506,80.54125,False
18.19_80.79,1,18.19286,80.79181,False
18.1_73.3,1,18.1029,73.29808,False
18.1_73.33,1,18.10395,73.32568,False
18.1_74.01,1,18.09957,74.01483,False
18.1_75.7,1,18.09514,75.69962,False
18.1_76.65,1,18.10499,76.65474,False
18.1_77.71,1,18.10008,77.71284,False
18.1_77.89,1,18.0969,77.89146,False
18.1_78.03,1,18.10308,78.03272,False
18.1_78.07,1,18.09731,78.07186,False
18.1_78.09,1,18.1036,78.0891,False
18.1_78.12,1,18.09883,78.12479,False
18.1_78.13,1,18.10072,78.13139,False
18.1_78.15,1,18.0995,78.14624,False
18.1_78.16,1,18.09741,78.15575,False
18.1_78.18,1,18.10487,78.17717,False
18.1_78.19,1,18.10139,78.18916,False
18.1_78.2,1,18.10487,78.2024,False
18.1_78.21,1,18.10411,78.20779,False
18.1_78.47,1,18.10404,78.46674,False
18.1_78.63,1,18.09807,78.63398,False
18.1_78.9,1,18.09774,78.90311,False
18.1_79.48,1,18.0988,79.47836,False
18.1_79.58,1,18.10042,79.58231,False
18.1_79.67,1,18.10448,79.66941,False
18.1_79.69,1,18.10483,79.69373,False
18.1_79.74,1,18.10266,79.73758,False
18.1_79.75,1,18.09751,79.74953,False
18.1_79.76,1,18.09514,79.76067,False
18.1_79.78,1,18.09818,79.77839,False
18.1_79.79,1,18.09887,79.78872,False
18.1_79.8,1,18.09866,79.80222,False
18.1_79.82,1,18.09964,79.82353,False
18.1_79.85,1,18.09766,79.85201,False
18.1_79.89,1,18.09929,79.89044,False
18.1_79.9,1,18.10034,79.89926,False
18.1_79.91,1,18.10344,79.91177,False
18.1_79.93,1,18.09736,79.93077,False
18.1_79.97,1,18.09812,79.97247,False
18.1_79.98,1,18.09514,79.97843,False
18.1_80.44,1,18.09652,80.44007,False
18.1_80.63,1,18.10375,80.63087,False
18.1_80.67,1,18.09539,80.66576,False
18.1_80.7,1,18.09802,80.69895,False
18.1_80.72,1,18.10235,80.71995,False
18.21_73.28,1,18.20563,73.27515,False
18.21_73.48,1,18.20588,73.47526,False
18.21_74.12,1,18.20562,74.11542,False
18.21_74.91,1,18.21301,74.91008,False
18.21_74.99,1,18.20924,74.99215,False
18.21_75.58,1,18.21248,75.57824,False
18.21_75.87,1,18.21435,75.86936,False
18.21_75.88,1,18.21327,75.87579,False
18.21_77.17,1,18.21066,77.17296,False
18.21_77.56,1,18.21444,77.5594,False
18.21_77.67,1,18.20623,77.67059,False
18.21_77.69,1,18.20861,77.68819,False
18.21_77.75,1,18.2098,77.75098,False
18.21_77.79,1,18.2065,77.79298,False
18.21_77.81,1,18.20657,77.80764,False
18.21_77.83,1,18.2065,77.82848,False
18.21_78.01,1,18.21243,78.00501,False
18.21_78.49,1,18.20784,78.48907,False
18.21_78.56,1,18.21131,78.5631,False
18.21_78.6,1,18.21147,78.60307,False
18.21_78.84,1,18.2115,78.8372,False
18.21_79.03,1,18.21173,79.02915,False
18.21_79.08,1,18.20673,79.08494,False
18.21_79.33,1,18.21022,79.32898,False
18.21_79.34,1,18.20778,79.34032,False
18.21_79.39,1,18.21148,79.39075,False
18.21_79.43,1,18.20614,79.42973,False
18.21_79.47,1,18.21412,79.47238,False
18.21_79.49,1,18.206,79.49365,False
18.21_79.51,1,18.21161,79.50619,False
18.21_79.55,1,18.21331,79.55444,False
18.21_79.57,1,18.20762,79.56915,False
18.21_79.58,1,18.21399,79.58024,False
18.21_79.61,1,18.20796,79.60519,False
18.21_79.63,1,18.20652,79.62836,False
18.21_79.69,1,18.20716,79.69357,False
18.21_79.77,1,18.20866,79.77328,False
18.21_79.79,1,18.21003,79.78796,False
18.21_79.88,1,18.20837,79.88206,False
18.21_79.99,1,18.21256,79.98893,False
18.21_80.19,1,18.21184,80.18887,False
18.21_80.53,1,18.21046,80.53477,False
18.21_80.54,1,18.20873,80.53603,False
18.21_80.55,1,18.21247,80.54877,False
18.21_80.76,1,18.20799,80.76252,False
18.22_73.28,1,18.22177,73.28453,False
18.22_73.38,1,18.22069,73.38223,False
18.22_73.46,1,18.21563,73.4593,False
18.22_73.71,1,18.21541,73.70617,False
18.22_74.0,1,18.21595,74.00231,False
18.22_74.01,1,18.22419,74.01299,False
18.22_74.21,1,18.22033,74.2129,False
18.22_75.88,1,18.21672,75.87525,False
18.22_77.2,1,18.21831,77.19769,False
18.22_77.59,1,18.22095,77.59493,False
18.22_77.6,1,18.22157,77.59797,False
18.22_77.9,1,18.22059,77.90257,False
18.22_77.91,1,18.21727,77.91273,False
18.22_78.0,1,18.21538,78.00034,False
18.22_78.35,1,18.21744,78.34853,False
18.22_78.54,1,18.22338,78.5381,False
18.22_78.99,1,18.22449,78.99496,False
18.22_79.22,1,18.22039,79.21539,False
18.22_79.39,1,18.21756,79.38696,False
18.22_79.44,1,18.2238,79.43594,False
18.22_79.48,1,18.21819,79.4761,False
18.22_79.54,1,18.22154,79.54187,False
18.22_79.55,1,18.21662,79.55389,False
18.22_79.57,1,18.21628,79.56754,False
18.22_79.58,1,18.2184,79.58403,False
18.22_79.59,1,18.21917,79.58852,False
18.22_79.61,1,18.22143,79.6123,False
18.22_79.62,1,18.22229,79.61683,False
18.22_79.73,1,18.21825,79.72668,False
18.22_79.74,1,18.21921,79.73598,False
18.22_79.84,1,18.22133,79.84022,False
18.22_79.87,1,18.21891,79.87117,False
18.22_80.14,1,18.21542,80.1389,False
18.22_80.27,1,18.22279,80.26583,False
18.22_80.46,1,18.21691,80.46353,False
18.22_80.47,1,18.21817,80.46588,False
18.22_80.5,1,18.22327,80.50472,False
18.22_80.53,1,18.21783,80.52591,False
18.22_80.78,1,18.21697,80.77605,False
18.22_80.81,1,18.22219,80.80904,False
18.23_73.41,1,18.2349,73.40594,False
18.23_73.65,1,18.23016,73.65366,False
18.23_74.01,1,18.22839,74.01221,False
18.23_74.12,1,18.22761,74.12451,False
18.23_74.2,1,18.22667,74.20325,False
18.23_74.69,1,18.2325,74.6904,False
18.23_75.89,1,18.23072,75.8933,False
18.23_75.91,1,18.22613,75.91171,False
18.23_77.91,1,18.22527,77.90548,False
18.23_78.02,1,18.22763,78.02023,False
18.23_78.03,1,18.23456,78.03412,False
18.23_78.14,1,18.23264,78.13628,False
18.23_78.68,1,18.23451,78.67955,False
18.23_79.0,1,18.22905,79.0023,False
18.23_79.16,1,18.23065,79.16438,False
18.23_79.32,1,18.22979,79.32094,False
18.23_79.35,1,18.23205,79.35487,False
18.23_79.44,1,18.23424,79.44051,False
18.23_79.47,1,18.22737,79.47012,False
18.23_79.51,1,18.23108,79.51001,False
18.23_79.52,1,18.23158,79.51537,False
18.23_79.55,1,18.22778,79.55346,False
18.23_79.57,1,18.23304,79.56835,False
18.23_79.58,1,18.23132,79.58096,False
18.23_79.59,1,18.22544,79.58695,False
18.23_79.61,1,18.22582,79.61137,False
18.23_79.64,1,18.22584,79.64164,False
18.23_79.65,1,18.22648,79.6466,False
18.23_79.66,1,18.22545,79.66375,False
18.23_79.71,1,18.23025,79.70653,False
18.23_79.76,1,18.23408,79.75624,False
18.23_79.81,1,18.22808,79.81139,False
18.23_79.86,1,18.22514,79.86172,False
18.23_79.98,1,18.23084,79.97575,False
18.23_80.01,1,18.23407,80.00603,False
18.23_80.53,1,18.23404,80.53042,False
18.23_80.54,1,18.2346,80.53512,False
18.23_80.55,1,18.23156,80.55069,False
18.24_73.2,1,18.24086,73.19711,False
18.24_74.12,1,18.23877,74.11716,False
18.24_74.71,1,18.24295,74.7064,False
18.24_75.29,1,18.2443,75.28548,False
18.24_75.72,1,18.23689,75.72362,False
18.24_75.93,1,18.24175,75.92798,False
18.24_77.66,1,18.23649,77.66399,False
18.24_77.73,1,18.23948,77.72535,False
18.24_77.89,1,18.23878,77.89212,False
18.24_77.93,1,18.23927,77.92564,False
18.24_77.94,1,18.24112,77.93929,False
18.24_77.95,1,18.24279,77.94991,False
18.24_78.04,1,18.23511,78.03783,False
18.24_78.11,1,18.23869,78.11337,False
18.24_78.99,1,18.23639,78.98546,False
18.24_79.15,1,18.24027,79.1505,False
18.24_79.3,1,18.24251,79.29738,False
18.24_79.35,1,18.23515,79.35477,False
18.24_79.44,1,18.23503,79.4442,False
18.24_79.45,1,18.23533,79.44504,False
18.24_79.46,1,18.24053,79.46358,False
18.24_79.47,1,18.24309,79.47178,False
18.24_79.51,1,18.23742,79.51018,False
18.24_79.53,1,18.23557,79.52573,False
18.24_79.58,1,18.24473,79.58186,False
18.24_79.63,1,18.23516,79.62542,False
18.24_79.68,1,18.23915,79.68032,False
18.24_79.69,1,18.24064,79.68743,False
18.24_79.76,1,18.23861,79.76073,False
18.24_79.85,1,18.24196,79.84537,False
18.24_79.98,1,18.23501,79.98094,False
18.24_80.01,1,18.23583,80.00664,False
18.24_80.27,1,18.23829,80.26588,False
18.24_80.46,1,18.23911,80.46255,False
18.24_80.53,1,18.23797,80.52515,False
18.24_80.79,1,18.24348,80.79288,False
18.25_73.54,1,18.24863,73.54335,False
18.25_74.09,1,18.25404,74.09003,False
18.25_74.1,1,18.24732,74.10361,False
18.25_74.11,1,18.24798,74.1095,False
18.25_76.96,1,18.25423,76.96458,False
18.25_77.4,1,18.25079,77.39894,False
18.25_77.72,1,18.24782,77.71511,False
18.25_77.78,1,18.24988,77.78236,False
18.25_77.89,1,18.25457,77.88715,False
18.25_78.0,1,18.24514,77.99865,False
18.25_78.15,1,18.24939,78.15459,False
18.25_78.31,1,18.25353,78.30683,False
18.25_78.44,1,18.24502,78.43505,False
18.25_79.08,1,18.25007,79.0758,False
18.25_79.29,1,18.2546,79.29478,False
18.25_79.3,1,18.24912,79.29603,False
18.25_79.32,1,18.24928,79.32375,False
18.25_79.34,1,18.24959,79.34116,False
18.25_79.37,1,18.25337,79.36986,False
18.25_79.41,1,18.24537,79.40952,False
18.25_79.42,1,18.25277,79.42099,False
18.25_79.43,1,18.24876,79.42896,False
18.25_79.47,1,18.24659,79.47099,False
18.25_79.49,1,18.24926,79.4929,False
18.25_79.5,1,18.2461,79.49832,False
18.25_79.54,1,18.24691,79.53849,False
18.25_79.57,1,18.25499,79.56719,False
18.25_79.58,1,18.2481,79.58247,False
18.25_79.61,1,18.25215,79.6058,False
18.25_79.83,1,18.25292,79.82607,False
18.25_79.97,1,18.2521,79.96575,False
18.25_80.62,1,18.25159,80.62189,False
18.26_73.11,1,18.25699,73.11134,False
18.26_73.36,1,18.25684,73.35577,False
18.26_73.4,1,18.26394,73.40179,False
18.26_73.44,1,18.25858,73.43505,False
18.26_73.71,1,18.26224,73.70614,False
18.26_74.1,1,18.2619,74.10334,False
18.26_74.58,1,18.26357,74.57744,False
18.26_77.76,1,18.25788,77.76134,False
18.26_78.1,1,18.25968,78.09512,False
18.26_78.11,1,18.26084,78.10636,False
18.26_78.14,1,18.25909,78.13828,False
18.26_78.37,1,18.25595,78.36747,False
18.26_78.74,1,18.26465,78.74129,False
18.26_79.08,1,18.25942,79.08334,False
18.26_79.12,1,18.26387,79.11537,False
18.26_79.27,1,18.25709,79.2745,False
18.26_79.3,1,18.2554,79.29855,False
18.26_79.32,1,18.26201,79.32256,False
18.26_79.37,1,18.25697,79.37336,False
18.26_79.38,1,18.26039,79.38004,False
18.26_79.39,1,18.25683,79.38565,False
18.26_79.42,1,18.25695,79.42044,False
18.26_79.46,1,18.25603,79.46252,False
18.26_79.47,1,18.25682,79.4662,False
18.26_79.48,1,18.26361,79.47869,False
18.26_79.55,1,18.26415,79.55086,False
18.26_79.58,1,18.25981,79.57771,False
18.26_79.59,1,18.25774,79.59465,False
18.26_79.61,1,18.26417,79.606,False
18.26_79.67,1,18.26132,79.66819,False
18.26_79.68,1,18.25771,79.68111,False
18.26_79.77,1,18.25509,79.76609,False
18.26_79.83,1,18.25589,79.82954,False
18.26_79.88,1,18.25776,79.87565,False
18.26_79.91,1,18.2608,79.9146,False
18.26_79.95,1,18.25566,79.95425,False
18.26_79.96,1,18.25629,79.95972,False
18.26_79.97,1,18.25693,79.96521,False
18.26_80.21,1,18.26456,80.20827,False
18.26_80.32,1,18.25644,80.32448,False
18.26_80.49,1,18.25953,80.4858,False
18.27_73.25,1,18.26851,73.25494,False
18.27_73.71,1,18.26796,73.71001,False
18.27_74.2,1,18.2715,74.19861,False
18.27_74.22,1,18.26814,74.2159,False
18.27_75.1,1,18.27401,75.0961,False
18.27_75.76,1,18.26681,75.75758,False
18.27_76.06,1,18.26631,76.06464,False
18.27_76.33,1,18.27372,76.33035,False
18.27_77.41,1,18.27234,77.40639,False
18.27_77.55,1,18.27305,77.55407,False
18.27_77.73,1,18.27418,77.72823,False
18.27_77.78,1,18.27264,77.78306,False
18.27_77.79,1,18.27296,77.79234,False
18.27_77.8,1,18.26992,77.79833,False
18.27_77.85,1,18.26673,77.84825,False
18.27_77.88,1,18.26833,77.88143,False
18.27_77.9,1,18.26892,77.90148,False
18.27_77.91,1,18.26728,77.90842,False
18.27_77.92,1,18.2716,77.92392,False
18.27_78.01,1,18.27499,78.01094,False
18.27_78.12,1,18.27449,78.11847,False
18.27_78.76,1,18.26955,78.75839,False
18.27_78.79,1,18.27174,78.78583,False
18.27_78.82,1,18.27015,78.81777,False
18.27_78.86,1,18.27005,78.86462,False
18.27_78.95,1,18.27252,78.95429,False
18.27_79.17,1,18.27335,79.16824,False
18.27_79.28,1,18.26577,79.28298,False
18.27_79.3,1,18.26589,79.29857,False
18.27_79.32,1,18.26642,79.31561,False
18.27_79.35,1,18.26586,79.35444,False
18.27_79.5,1,18.26514,79.49564,False
18.27_79.51,1,18.26946,79.50957,False
18.27_79.59,1,18.26786,79.59095,False
18.27_79.6,1,18.27266,79.59725,False
18.27_79.62,1,18.2659,79.62186,False
18.27_79.63,1,18.27351,79.63419,False
18.27_79.64,1,18.27393,79.63843,False
18.27_79.7,1,18.27208,79.69617,False
18.27_79.76,1,18.26612,79.76344,False
18.27_79.83,1,18.26592,79.82879,False
18.27_79.94,1,18.27218,79.94456,False
18.27_79.95,1,18.26692,79.94575,False
18.27_79.96,1,18.26658,79.9641,False
18.27_79.97,1,18.26675,79.97487,False
18.27_80.21,1,18.26738,80.21035,False
18.27_80.29,1,18.26987,80.28527,False
18.27_80.42,1,18.26716,80.42381,False
18.27_80.43,1,18.26535,80.42619,False
18.28_73.34,1,18.27503,73.33649,False
18.28_73.36,1,18.27889,73.35982,False
18.28_73.64,1,18.28111,73.64085,False
18.28_73.96,1,18.27904,73.96248,False
18.28_74.11,1,18.2781,74.10915,False
18.28_74.57,1,18.27725,74.57084,False
18.28_75.28,1,18.28412,75.2769,False
18.28_77.05,1,18.27707,77.0472,False
18.28_77.79,1,18.27925,77.79171,False
18.28_77.81,1,18.28249,77.81345,False
18.28_77.88,1,18.2786,77.88329,False
18.28_77.98,1,18.27508,77.98483,False
18.28_77.99,1,18.27585,77.98845,False
18.28_78.12,1,18.27734,78.11828,False
18.28_78.44,1,18.27818,78.4448,False
18.28_78.69,1,18.28477,78.68687,False
18.28_78.85,1,18.28258,78.85466,False
18.28_79.14,1,18.27927,79.13975,False
18.28_79.15,1,18.28099,79.15459,False
18.28_79.17,1,18.27799,79.16507,False
18.28_79.22,1,18.28124,79.21527,False
18.28_79.23,1,18.28326,79.23401,False
18.28_79.26,1,18.28031,79.26303,False
18.28_79.27,1,18.27588,79.27195,False
18.28_79.28,1,18.27905,79.28205,False
18.28_79.35,1,18.28337,79.35307,False
18.28_79.37,1,18.28246,79.36662,False
18.28_79.39,1,18.28317,79.39315,False
18.28_79.4,1,18.27607,79.40192,False
18.28_79.41,1,18.27643,79.40515,False
18.28_79.42,1,18.27787,79.41808,False
18.28_79.45,1,18.27891,79.4549,False
18.28_79.52,1,18.27667,79.5239,False
18.28_79.53,1,18.28113,79.52824,False
18.28_79.59,1,18.2788,79.5856,False
18.28_79.64,1,18.28297,79.63599,False
18.28_79.68,1,18.27703,79.68335,False
18.28_79.7,1,18.27593,79.69563,False
18.28_79.77,1,18.28193,79.77158,False
18.28_79.94,1,18.27797,79.936,False
18.28_80.2,1,18.27921,80.20142,False
18.28_80.21,1,18.27987,80.2072,False
18.28_80.33,1,18.28123,80.33104,False
18.28_80.42,1,18.28329,80.42243,False
18.28_80.72,1,18.2827,80.72479,False
18.28_80.73,1,18.28325,80.72873,False
18.29_73.5,1,18.28589,73.50367,False
18.29_73.58,1,18.28774,73.58064,False
18.29_73.86,1,18.28743,73.8625,False
18.29_74.89,1,18.28764,74.8882,False
18.29_77.83,1,18.28784,77.83344,False
18.29_77.84,1,18.29287,77.83511,False
18.29_77.88,1,18.29249,77.87595,False
18.29_77.89,1,18.29424,77.8866,False
18.29_78.02,1,18.29127,78.02083,False
18.29_78.06,1,18.28834,78.06064,False
18.29_78.4,1,18.2935,78.40283,False
18.29_78.44,1,18.29292,78.43806,False
18.29_78.51,1,18.29396,78.50899,False
18.29_78.66,1,18.293,78.65719,False
18.29_78.69,1,18.29214,78.68965,False
18.29_78.71,1,18.29126,78.71188,False
18.29_78.79,1,18.28652,78.78891,False
18.29_78.8,1,18.28842,78.8037,False
18.29_78.89,1,18.29254,78.88729,False
18.29_79.09,1,18.28596,79.09288,False
18.29_79.16,1,18.29052,79.15908,False
18.29_79.21,1,18.29266,79.20602,False
18.29_79.24,1,18.28629,79.2425,False
18.29_79.26,1,18.29248,79.26279,False
18.29_79.28,1,18.29067,79.28334,False
18.29_79.3,1,18.29497,79.29565,False
18.29_79.31,1,18.28849,79.31395,False
18.29_79.35,1,18.29074,79.35166,False
18.29_79.37,1,18.28612,79.36718,False
18.29_79.38,1,18.29472,79.37997,False
18.29_79.39,1,18.28649,79.39259,False
18.29_79.41,1,18.28749,79.41047,False
18.29_79.55,1,18.28713,79.54874,False
18.29_79.61,1,18.2857,79.60963,False
18.29_79.64,1,18.29299,79.63905,False
18.29_79.65,1,18.28999,79.65382,False
18.29_79.66,1,18.291,79.66372,False
18.29_79.69,1,18.29146,79.68619,False
18.29_79.71,1,18.29237,79.70573,False
18.29_79.75,1,18.2863,79.75053,False
18.29_79.85,1,18.2914,79.84607,False
18.29_79.91,1,18.28619,79.90589,False
18.29_79.96,1,18.28806,79.96362,False
18.29_80.26,1,18.29452,80.26479,False
18.29_80.27,1,18.2949,80.26847,False
18.29_80.42,1,18.28921,80.42252,False
18.29_80.47,1,18.29262,80.46874,False
18.29_80.68,1,18.29426,80.67922,False
18.29_80.71,1,18.28598,80.70626,False
18.29_80.72,1,18.28617,80.7243,False
18.29_80.73,1,18.28672,80.72824,False
18.2_73.2,1,18.20366,73.20038,False
18.2_73.47,1,18.20492,73.46997,False
18.2_73.72,1,18.20053,73.72359,False
18.2_73.98,1,18.20295,73.98311,False
18.2_73.99,1,18.19773,73.99464,False
18.2_74.1,1,18.19722,74.09685,False
18.2_77.69,1,18.20429,77.6879,False
18.2_77.79,1,18.20374,77.79069,False
18.2_77.81,1,18.19802,77.81187,False
18.2_77.82,1,18.1992,77.81776,False
18.2_77.85,1,18.20055,77.85117,False
18.2_78.0,1,18.19896,78.00188,False
18.2_78.01,1,18.19951,78.00558,False
18.2_78.14,1,18.19924,78.14471,False
18.2_78.15,1,18.19923,78.14676,False
18.2_78.17,1,18.20339,78.17239,False
18.2_78.18,1,18.19633,78.17521,False
18.2_78.49,1,18.1991,78.48547,False
18.2_78.9,1,18.19947,78.89572,False
18.2_79.04,1,18.19851,79.03525,False
18.2_79.07,1,18.19587,79.07072,False
18.2_79.11,1,18.2016,79.10752,False
18.2_79.23,1,18.19707,79.23342,False
18.2_79.24,1,18.19786,79.23722,False
18.2_79.38,1,18.19655,79.38417,False
18.2_79.44,1,18.20473,79.43742,False
18.2_79.54,1,18.20155,79.54099,False
18.2_79.55,1,18.19769,79.54979,False
18.2_79.56,1,18.19964,79.5569,False
18.2_79.58,1,18.19557,79.57763,False
18.2_79.59,1,18.205,79.58556,False
18.2_79.6,1,18.19831,79.59977,False
18.2_79.61,1,18.20487,79.60966,False
18.2_79.72,1,18.19878,79.71871,False
18.2_79.73,1,18.19945,79.7269,False
18.2_79.88,1,18.20358,79.88261,False
18.2_79.91,1,18.19613,79.91121,False
18.2_80.45,1,18.19614,80.4487,False
18.2_80.48,1,18.19562,80.47866,False
18.2_80.6,1,18.20338,80.60455,False
18.2_80.61,1,18.20389,80.60849,False
18.2_80.79,1,18.19542,80.79108,False
18.31_73.5,1,18.30748,73.49956,False
18.31_74.29,1,18.31145,74.28782,False
18.31_74.65,1,18.31159,74.65282,False
18.31_74.76,1,18.30596,74.75814,False
18.31_75.2,1,18.30792,75.19863,False
18.31_75.73,1,18.31115,75.7337,False
18.31_75.85,1,18.30798,75.85163,False
18.31_76.17,1,18.31419,76.16629,False
18.31_77.49,1,18.30831,77.4874,False
18.31_77.87,1,18.31189,77.8699,False
18.31_77.88,1,18.30653,77.87995,False
18.31_77.91,1,18.31064,77.90858,False
18.31_78.11,1,18.30723,78.10827,False
18.31_78.14,1,18.30989,78.13663,False
18.31_78.32,1,18.30954,78.32053,False
18.31_78.92,1,18.3101,78.91845,False
18.31_78.98,1,18.30756,78.98398,False
18.31_79.12,1,18.3059,79.11748,False
18.31_79.18,1,18.30513,79.17655,False
18.31_79.21,1,18.3101,79.21016,False
18.31_79.25,1,18.30769,79.25024,False
18.31_79.26,1,18.31115,79.26365,False
18.31_79.28,1,18.30921,79.27979,False
18.31_79.3,1,18.3086,79.29908,False
18.31_79.31,1,18.30501,79.3097,False
18.31_79.32,1,18.31092,79.32274,False
18.31_79.38,1,18.30635,79.37717,False
18.31_79.39,1,18.31359,79.38802,False
18.31_79.41,1,18.30731,79.4122,False
18.31_79.46,1,18.30562,79.45547,False
18.31_79.49,1,18.30662,79.49379,False
18.31_79.51,1,18.31498,79.51107,False
18.31_79.52,1,18.31336,79.5232,False
18.31_79.53,1,18.30564,79.53056,False
18.31_79.73,1,18.30823,79.73194,False
18.31_79.84,1,18.30515,79.84042,False
18.31_79.89,1,18.31099,79.8923,False
18.31_79.91,1,18.31083,79.90605,False
18.31_79.93,1,18.31104,79.93414,False
18.31_79.94,1,18.30659,79.93961,False
18.31_80.22,1,18.31044,80.21844,False
18.31_80.33,1,18.30549,80.32765,False
18.31_80.37,1,18.30571,80.37228,False
18.31_80.38,1,18.30636,80.37545,False
18.31_80.5,1,18.31099,80.50461,False
18.31_80.7,1,18.31,80.70473,False
18.31_80.71,1,18.31063,80.70778,False
18.31_80.72,1,18.30638,80.71712,False
18.31_80.73,1,18.30899,80.73103,False
18.32_73.26,1,18.31716,73.26172,False
18.32_74.32,1,18.32434,74.32087,False
18.32_75.13,1,18.31686,75.13274,False
18.32_75.26,1,18.31511,75.26237,False
18.32_75.4,1,18.3185,75.39577,False
18.32_77.8,1,18.32001,77.80494,False
18.32_77.81,1,18.31709,77.80955,False
18.32_78.11,1,18.31574,78.10715,False
18.32_78.21,1,18.31618,78.20632,False
18.32_78.92,1,18.31748,78.91739,False
18.32_79.02,1,18.31771,79.01675,False
18.32_79.05,1,18.31553,79.04521,False
18.32_79.14,1,18.31705,79.14256,False
18.32_79.16,1,18.31708,79.16304,False
18.32_79.28,1,18.32113,79.28298,False
18.32_79.41,1,18.31869,79.41061,False
18.32_79.45,1,18.31546,79.44733,False
18.32_79.5,1,18.32239,79.50184,False
18.32_79.51,1,18.31919,79.51053,False
18.32_79.55,1,18.31761,79.55279,False
18.32_79.61,1,18.32466,79.6053,False
18.32_79.65,1,18.31816,79.65102,False
18.32_79.69,1,18.32284,79.69406,False
18.32_79.7,1,18.3165,79.6989,False
18.32_79.71,1,18.32239,79.71068,False
18.32_79.88,1,18.3208,79.88161,False
18.32_79.91,1,18.31515,79.90547,False
18.32_79.97,1,18.32186,79.97128,False
18.32_79.99,1,18.31635,79.98881,False
18.32_80.07,1,18.31576,80.06892,False
18.33_73.5,1,18.3273,73.50221,False
18.33_75.11,1,18.32943,75.11497,False
18.33_77.73,1,18.32653,77.72893,False
18.33_77.76,1,18.33425,77.75603,False
18.33_77.8,1,18.33226,77.7952,False
18.33_77.81,1,18.3277,77.8148,False
18.33_77.82,1,18.32818,77.81677,False
18.33_77.86,1,18.32771,77.86123,False
18.33_77.87,1,18.32903,77.8675,False
18.33_77.94,1,18.33235,77.94122,False
18.33_77.99,1,18.33481,77.98962,False
18.33_78.73,1,18.33088,78.72688,False
18.33_79.19,1,18.32924,79.1879,False
18.33_79.27,1,18.32501,79.27444,False
18.33_79.29,1,18.3332,79.29108,False
18.33_79.31,1,18.33061,79.31245,False
18.33_79.32,1,18.33414,79.32066,False
18.33_79.33,1,18.33049,79.32516,False
18.33_79.36,1,18.3346,79.36498,False
18.33_79.37,1,18.32704,79.36734,False
18.33_79.38,1,18.32781,79.38404,False
18.33_79.4,1,18.33013,79.40309,False
18.33_79.41,1,18.32836,79.41492,False
18.33_79.43,1,18.32836,79.4335,False
18.33_79.46,1,18.32519,79.46457,False
18.33_79.48,1,18.33272,79.47855,False
18.33_79.49,1,18.32957,79.48814,False
18.33_79.51,1,18.33183,79.50884,False
18.33_79.53,1,18.3333,79.5331,False
18.33_79.54,1,18.33407,79.53676,False
18.33_79.56,1,18.33397,79.55775,False
18.33_79.58,1,18.32644,79.57671,False
18.33_79.64,1,18.33487,79.63767,False
18.33_79.65,1,18.33184,79.65372,False
18.33_79.75,1,18.33289,79.74708,False
18.33_79.84,1,18.32878,79.8389,False
18.33_79.85,1,18.32612,79.84938,False
18.34_73.14,1,18.34165,73.13639,False
18.34_73.78,1,18.34445,73.78031,False
18.34_74.29,1,18.3444,74.28582,False
18.34_74.51,1,18.33707,74.51163,False
18.34_74.8,1,18.33781,74.80415,False
18.34_76.05,1,18.34352,76.05069,False
18.34_77.22,1,18.33946,77.22095,False
18.34_77.29,1,18.34434,77.29423,False
18.34_77.46,1,18.34112,77.45663,False
18.34_77.79,1,18.3387,77.7856,False
18.34_77.8,1,18.33747,77.79964,False
18.34_77.91,1,18.33967,77.9073,False
18.34_77.97,1,18.34497,77.96698,False
18.34_78.16,1,18.33838,78.15598,False
18.34_78.7,1,18.34442,78.70431,False
18.34_78.72,1,18.34246,78.72228,False
18.34_79.29,1,18.33599,79.2865,False
18.34_79.34,1,18.33778,79.34224,False
18.34_79.35,1,18.33714,79.3522,False
18.34_79.36,1,18.33833,79.35805,False
18.34_79.39,1,18.33742,79.38671,False
18.34_79.4,1,18.34081,79.40259,False
18.34_79.41,1,18.33813,79.40968,False
18.34_79.43,1,18.341,79.43379,False
18.34_79.44,1,18.33732,79.43889,False
18.34_79.47,1,18.33812,79.47411,False
18.34_79.49,1,18.33576,79.49067,False
18.34_79.52,1,18.34058,79.52133,False
18.34_79.54,1,18.33946,79.53549,False
18.34_79.55,1,18.34098,79.55177,False
18.34_79.56,1,18.3378,79.55722,False
18.34_79.64,1,18.34441,79.64007,False
18.34_79.77,1,18.33982,79.76504,False
18.34_79.78,1,18.33996,79.77859,False
18.34_79.85,1,18.33983,79.85342,False
18.34_79.86,1,18.33669,79.86291,False
18.34_80.13,1,18.3377,80.12711,False
18.34_80.2,1,18.3409,80.20284,False
18.34_80.21,1,18.33839,80.20566,False
18.34_80.63,1,18.34304,80.63259,False
18.34_80.65,1,18.3413,80.65177,False
18.35_73.54,1,18.35332,73.53671,False
18.35_73.62,1,18.35349,73.61814,False
18.35_73.85,1,18.35131,73.84963,False
18.35_73.94,1,18.34966,73.94466,False
18.35_73.95,1,18.35044,73.94828,False
18.35_74.3,1,18.35133,74.29681,False
18.35_74.32,1,18.34706,74.31533,False
18.35_75.76,1,18.35084,75.76493,False
18.35_76.04,1,18.35262,76.03613,False
18.35_77.69,1,18.34602,77.68769,False
18.35_77.86,1,18.35027,77.85702,False
18.35_77.98,1,18.35079,77.98357,False
18.35_78.15,1,18.34565,78.14616,False
18.35_78.44,1,18.3541,78.43735,False
18.35_78.48,1,18.34577,78.48489,False
18.35_78.53,1,18.34933,78.52815,False
18.35_78.72,1,18.34935,78.72435,False
18.35_78.73,1,18.34631,78.72797,False
18.35_78.74,1,18.34743,78.74277,False
18.35_78.97,1,18.35261,78.97365,False
18.35_79.15,1,18.35095,79.1549,False
18.35_79.16,1,18.35028,79.15816,False
18.35_79.2,1,18.34654,79.20376,False
18.35_79.25,1,18.34984,79.25247,False
18.35_79.27,1,18.35425,79.26578,False
18.35_79.37,1,18.35106,79.37029,False
18.35_79.39,1,18.34706,79.38867,False
18.35_79.4,1,18.34851,79.4044,False
18.35_79.41,1,18.34902,79.4084,False
18.35_79.42,1,18.34723,79.4227,False
18.35_79.45,1,18.34558,79.45068,False
18.35_79.46,1,18.35472,79.45927,False
18.35_79.47,1,18.34979,79.47063,False
18.35_79.48,1,18.35043,79.47549,False
18.35_79.49,1,18.34662,79.49038,False
18.35_79.5,1,18.34956,79.50258,False
18.35_79.55,1,18.34815,79.55005,False
18.35_79.61,1,18.35022,79.60532,False
18.35_79.63,1,18.35437,79.63403,False
18.35_79.69,1,18.35305,79.6873,False
18.35_79.84,1,18.35161,79.83736,False
18.35_79.87,1,18.3461,79.87099,False
18.35_79.88,1,18.34721,79.87667,False
18.35_80.13,1,18.34792,80.13254,False
18.35_80.14,1,18.34856,80.13824,False
18.36_73.53,1,18.36285,73.52659,False
18.36_73.62,1,18.35692,73.6227,False
18.36_73.75,1,18.35578,73.74509,False
18.36_74.83,1,18.35501,74.83077,False
18.36_77.13,1,18.36445,77.13257,False
18.36_77.63,1,18.36278,77.62942,False
18.36_77.64,1,18.36362,77.64034,False
18.36_77.67,1,18.35545,77.67176,False
18.36_77.69,1,18.36282,77.69357,False
18.36_77.73,1,18.36082,77.73174,False
18.36_77.79,1,18.35956,77.78693,False
18.36_77.86,1,18.35895,77.86375,False
18.36_77.87,1,18.3581,77.86607,False
18.36_77.98,1,18.35567,77.98251,False
18.36_77.99,1,18.36336,77.98788,False
18.36_78.02,1,18.3584,78.01757,False
18.36_78.04,1,18.3616,78.03735,False
18.36_78.12,1,18.3644,78.11832,False
18.36_78.15,1,18.36136,78.14509,False
18.36_78.19,1,18.35819,78.18555,False
18.36_78.22,1,18.35629,78.21825,False
18.36_78.44,1,18.35558,78.43853,False
18.36_78.76,1,18.3561,78.76004,False
18.36_78.84,1,18.35532,78.84376,False
18.36_79.0,1,18.36008,79.0046,False
18.36_79.11,1,18.35798,79.10729,False
18.36_79.3,1,18.3584,79.30206,False
18.36_79.31,1,18.35889,79.30601,False
18.36_79.32,1,18.35954,79.32298,False
18.36_79.33,1,18.35733,79.3284,False
18.36_79.36,1,18.35931,79.35767,False
18.36_79.37,1,18.35713,79.36552,False
18.36_79.38,1,18.36483,79.3833,False
18.36_79.44,1,18.35795,79.43633,False
18.36_79.45,1,18.36243,79.44902,False
18.36_79.46,1,18.35529,79.4629,False
18.36_79.47,1,18.35522,79.46981,False
18.36_79.52,1,18.3592,79.52127,False
18.36_79.55,1,18.36458,79.55347,False
18.36_79.59,1,18.35708,79.58883,False
18.36_79.7,1,18.35576,79.69668,False
18.36_79.8,1,18.35524,79.79883,False
18.36_80.03,1,18.36356,80.03038,False
18.36_80.19,1,18.35794,80.18849,False
18.36_80.29,1,18.36391,80.29426,False
18.36_80.3,1,18.36451,80.29799,False
18.36_80.32,1,18.35613,80.32229,False
18.36_80.33,1,18.36029,80.32804,False
18.36_80.51,1,18.36132,80.50845,False
18.36_80.68,1,18.356,80.67715,False
18.37_73.21,1,18.37234,73.20831,False
18.37_73.49,1,18.36922,73.4864,False
18.37_73.82,1,18.37051,73.81754,False
18.37_74.11,1,18.36509,74.10777,False
18.37_74.55,1,18.37063,74.55113,False
18.37_74.89,1,18.36594,74.8898,False
18.37_75.69,1,18.36889,75.69486,False
18.37_75.75,1,18.37129,75.74564,False
18.37_75.86,1,18.37246,75.86096,False
18.37_76.53,1,18.37232,76.53254,False
18.37_77.19,1,18.36602,77.19231,False
18.37_77.66,1,18.37326,77.65749,False
18.37_77.71,1,18.36731,77.71248,False
18.37_77.8,1,18.37128,77.79688,False
18.37_77.99,1,18.37244,77.99377,False
18.37_78.11,1,18.37156,78.10755,False
18.37_78.21,1,18.36582,78.20817,False
18.37_78.47,1,18.36592,78.47478,False
18.37_78.57,1,18.37427,78.56642,False
18.37_78.59,1,18.36882,78.58643,False
18.37_78.62,1,18.37092,78.6175,False
18.37_78.86,1,18.37,78.85817,False
18.37_79.02,1,18.3695,79.01904,False
18.37_79.4,1,18.37248,79.39954,False
18.37_79.42,1,18.3683,79.41814,False
18.37_79.46,1,18.37367,79.46316,False
18.37_79.47,1,18.36947,79.47285,False
18.37_79.48,1,18.37085,79.47916,False
18.37_79.54,1,18.37238,79.5365,False
18.37_79.55,1,18.37379,79.54526,False
18.37_79.56,1,18.37079,79.5622,False
18.37_79.57,1,18.36587,79.57485,False
18.37_79.58,1,18.36579,79.5752,False
18.37_79.61,1,18.37242,79.60605,False
18.37_79.63,1,18.37075,79.63146,False
18.37_79.64,1,18.36943,79.63724,False
18.37_79.69,1,18.36547,79.68995,False
18.37_79.83,1,18.36679,79.82731,False
18.37_79.92,1,18.37436,79.91894,False
18.37_80.07,1,18.3701,80.06681,False
18.38_73.09,1,18.38223,73.08533,False
18.38_73.28,1,18.37532,73.27732,False
18.38_73.48,1,18.3845,73.47793,False
18.38_73.86,1,18.38469,73.861,False
18.38_74.63,1,18.38016,74.62603,False
18.38_74.64,1,18.38363,74.63826,False
18.38_77.75,1,18.38022,77.74647,False
18.38_77.89,1,18.38347,77.89396,False
18.38_77.9,1,18.3783,77.89838,False
18.38_77.92,1,18.37587,77.91774,False
18.38_78.1,1,18.37541,78.10182,False
18.38_78.12,1,18.38182,78.11641,False
18.38_78.24,1,18.38176,78.24489,False
18.38_78.25,1,18.38234,78.24914,False
18.38_78.26,1,18.37695,78.26302,False
18.38_78.27,1,18.3811,78.26675,False
18.38_78.31,1,18.37785,78.3147,False
18.38_78.57,1,18.37789,78.56586,False
18.38_78.63,1,18.3822,78.6273,False
18.38_78.85,1,18.37566,78.84879,False
18.38_78.98,1,18.376,78.9846,False
18.38_79.03,1,18.37793,79.02556,False
18.38_79.34,1,18.37727,79.33787,False
18.38_79.37,1,18.38029,79.3699,False
18.38_79.4,1,18.38233,79.39744,False
18.38_79.41,1,18.38173,79.40573,False
18.38_79.42,1,18.38182,79.4236,False
18.38_79.43,1,18.37527,79.43069,False
18.38_79.45,1,18.38309,79.44789,False
18.38_79.47,1,18.37709,79.47179,False
18.38_79.5,1,18.38192,79.5031,False
18.38_79.51,1,18.37918,79.50729,False
18.38_79.52,1,18.38416,79.51601,False
18.38_79.57,1,18.3775,79.56534,False
18.38_79.64,1,18.37951,79.6373,False
18.38_79.69,1,18.37635,79.68641,False
18.38_79.71,1,18.38176,79.70664,False
18.38_79.79,1,18.38142,79.79094,False
18.38_79.8,1,18.37564,79.80282,False
18.38_79.93,1,18.37988,79.92609,False
18.38_79.94,1,18.38456,79.9448,False
18.38_80.0,1,18.38189,80.00436,False
18.38_80.07,1,18.37623,80.07182,False
18.38_80.48,1,18.38101,80.47775,False
18.38_80.52,1,18.37812,80.52451,False
18.39_73.08,1,18.38572,73.08472,False
18.39_73.18,1,18.38696,73.18031,False
18.39_73.22,1,18.39289,73.21783,False
18.39_73.35,1,18.3891,73.3467,False
18.39_73.39,1,18.38938,73.38634,False
18.39_73.83,1,18.39462,73.8344,False
18.39_73.84,1,18.39024,73.83506,False
18.39_73.85,1,18.39469,73.84849,False
18.39_74.13,1,18.39395,74.13417,False
18.39_75.1,1,18.39013,75.09904,False
18.39_75.2,1,18.38743,75.20345,False
18.39_75.41,1,18.39235,75.4098,False
18.39_75.74,1,18.3929,75.74,False
18.39_77.8,1,18.38865,77.80273,False
18.39_77.81,1,18.39258,77.80634,False
18.39_77.82,1,18.38503,77.8206,False
18.39_77.83,1,18.38734,77.83442,False
18.39_77.84,1,18.38812,77.84447,False
18.39_77.85,1,18.38982,77.8543,False
18.39_77.86,1,18.3864,77.85656,False
18.39_77.9,1,18.39004,77.90147,False
18.39_77.92,1,18.38894,77.91624,False
18.39_77.98,1,18.3884,77.9756,False
18.39_77.99,1,18.39493,77.98543,False
18.39_78.07,1,18.39309,78.07425,False
18.39_78.22,1,18.38955,78.22207,False
18.39_78.23,1,18.38657,78.22686,False
18.39_78.24,1,18.38532,78.24436,False
18.39_78.26,1,18.38708,78.25715,False
18.39_78.55,1,18.39352,78.54673,False
18.39_78.6,1,18.38508,78.60195,False
18.39_78.74,1,18.3867,78.7426,False
18.39_78.86,1,18.38824,78.86183,False
18.39_78.97,1,18.38758,78.97143,False
18.39_79.26,1,18.39062,79.26368,False
18.39_79.32,1,18.38976,79.3203,False
18.39_79.35,1,18.3934,79.3532,False
18.39_79.37,1,18.39261,79.37129,False
18.39_79.46,1,18.38795,79.45898,False
18.39_79.47,1,18.39163,79.47149,False
18.39_79.49,1,18.3942,79.49133,False
18.39_79.5,1,18.388,79.5033,False
18.39_79.52,1,18.39179,79.51501,False
18.39_79.57,1,18.3878,79.56927,False
18.39_79.58,1,18.38579,79.57882,False
18.39_79.59,1,18.38726,79.5947,False
18.39_79.65,1,18.39371,79.64626,False
18.39_79.95,1,18.3855,79.94562,False
18.39_80.22,1,18.39491,80.22204,False
18.39_80.3,1,18.38859,80.29759,False
18.39_80.4,1,18.39193,80.39562,False
18.3_73.2,1,18.29763,73.20208,False
18.3_73.54,1,18.29867,73.53603,False
18.3_73.77,1,18.29588,73.77369,False
18.3_74.49,1,18.29622,74.49431,False
18.3_77.75,1,18.29512,77.75484,False
18.3_77.86,1,18.30408,77.86427,False
18.3_77.95,1,18.29717,77.9462,False
18.3_78.04,1,18.3027,78.03764,False
18.3_78.69,1,18.30479,78.68648,False
18.3_78.71,1,18.29639,78.71065,False
18.3_78.98,1,18.3035,78.98453,False
18.3_79.06,1,18.29776,79.06038,False
18.3_79.18,1,18.3019,79.1769,False
18.3_79.25,1,18.30131,79.2532,False
18.3_79.27,1,18.29803,79.27361,False
18.3_79.34,1,18.29789,79.33922,False
18.3_79.35,1,18.29905,79.34786,False
18.3_79.36,1,18.29688,79.35709,False
18.3_79.37,1,18.30012,79.3747,False
18.3_79.39,1,18.29917,79.38667,False
18.3_79.43,1,18.30078,79.43095,False
18.3_79.44,1,18.30287,79.43758,False
18.3_79.46,1,18.29975,79.46129,False
18.3_79.47,1,18.29868,79.46609,False
18.3_79.56,1,18.30406,79.5552,False
18.3_79.65,1,18.29848,79.65272,False
18.3_79.69,1,18.2984,79.68736,False
18.3_79.7,1,18.30167,79.69937,False
18.3_79.74,1,18.30457,79.73875,False
18.3_79.91,1,18.30499,79.91388,False
18.3_80.45,1,18.29681,80.44933,False
18.3_80.46,1,18.29814,80.46393,False
18.3_80.72,1,18.296,80.71875,False
18.41_73.31,1,18.41271,73.31172,False
18.41_73.59,1,18.40676,73.5932,False
18.41_73.63,1,18.40971,73.62982,False
18.41_75.45,1,18.41073,75.44933,False
18.41_77.4,1,18.41472,77.39951,False
18.41_77.65,1,18.40743,77.65467,False
18.41_77.66,1,18.4113,77.6578,False
18.41_77.7,1,18.41035,77.70443,False
18.41_77.76,1,18.40717,77.76357,False
18.41_77.89,1,18.41117,77.89156,False
18.41_78.0,1,18.41045,78.00297,False
18.41_78.13,1,18.40911,78.13,False
18.41_78.23,1,18.41498,78.22556,False
18.41_78.32,1,18.41225,78.3213,False
18.41_78.37,1,18.40944,78.37389,False
18.41_78.41,1,18.41222,78.41187,False
18.41_78.69,1,18.40925,78.68645,False
18.41_78.98,1,18.40942,78.97802,False
18.41_78.99,1,18.40677,78.99297,False
18.41_79.0,1,18.41166,78.99861,False
18.41_79.27,1,18.41337,79.26795,False
18.41_79.28,1,18.40764,79.27965,False
18.41_79.39,1,18.41038,79.39252,False
18.41_79.42,1,18.40887,79.42449,False
18.41_79.45,1,18.40679,79.45401,False
18.41_79.46,1,18.41467,79.46239,False
18.41_79.48,1,18.41141,79.48016,False
18.41_79.49,1,18.40534,79.49206,False
18.41_79.51,1,18.40969,79.51208,False
18.41_79.52,1,18.41035,79.51698,False
18.41_79.53,1,18.4072,79.53349,False
18.41_79.54,1,18.40812,79.53946,False
18.41_79.55,1,18.41051,79.54711,False
18.41_79.6,1,18.41237,79.60211,False
18.41_79.64,1,18.41291,79.64452,False
18.41_79.65,1,18.41341,79.64866,False
18.41_79.99,1,18.40555,79.98512,False
18.41_80.15,1,18.40985,80.15393,False
18.41_80.39,1,18.40853,80.39211,False
18.42_73.46,1,18.41906,73.45829,False
18.42_73.58,1,18.42028,73.58148,False
18.42_73.83,1,18.41534,73.82729,False
18.42_73.95,1,18.42125,73.947,False
18.42_74.39,1,18.42431,74.38948,False
18.42_74.41,1,18.42206,74.40975,False
18.42_74.69,1,18.42052,74.68774,False
18.42_75.06,1,18.42191,75.06071,False
18.42_75.4,1,18.41597,75.40302,False
18.42_75.83,1,18.42497,75.831,False
18.42_75.97,1,18.42142,75.96617,False
18.42_77.59,1,18.42481,77.588,False
18.42_77.62,1,18.41926,77.6223,False
18.42_77.63,1,18.42236,77.62748,False
18.42_77.8,1,18.4202,77.80259,False
18.42_77.84,1,18.41553,77.83936,False
18.42_77.87,1,18.41605,77.8669,False
18.42_78.3,1,18.41718,78.29762,False
18.42_78.98,1,18.41546,78.98389,False
18.42_78.99,1,18.41764,78.99328,False
18.42_79.18,1,18.4168,79.18311,False
18.42_79.26,1,18.41892,79.26366,False
18.42_79.36,1,18.42492,79.36362,False
18.42_79.37,1,18.42372,79.36619,False
18.42_79.38,1,18.42204,79.3771,False
18.42_79.4,1,18.41883,79.40432,False
18.42_79.42,1,18.41683,79.4186,False
18.42_79.48,1,18.4234,79.48289,False
18.42_79.5,1,18.42097,79.49582,False
18.42_79.51,1,18.41642,79.51311,False
18.42_79.55,1,18.4215,79.54562,False
18.42_79.59,1,18.42123,79.59161,False
18.42_79.66,1,18.41835,79.66016,False
18.42_79.82,1,18.41855,79.81842,False
18.42_79.95,1,18.41615,79.94785,False
18.42_80.12,1,18.41618,80.11897,False
18.42_80.15,1,18.4184,80.15005,False
18.42_80.48,1,18.42355,80.48188,False
18.42_80.51,1,18.41571,80.51428,False
18.43_73.47,1,18.4264,73.46972,False
18.43_73.59,1,18.42642,73.59402,False
18.43_73.6,1,18.42863,73.60027,False
18.43_74.41,1,18.42657,74.41035,False
18.43_74.59,1,18.4297,74.58639,False
18.43_75.18,1,18.42751,75.18254,False
18.43_75.7,1,18.43045,75.70453,False
18.43_76.65,1,18.42738,76.64911,False
18.43_76.73,1,18.4293,76.73349,False
18.43_77.29,1,18.42784,77.28509,False
18.43_77.61,1,18.43077,77.60775,False
18.43_77.62,1,18.43454,77.61529,False
18.43_77.64,1,18.4301,77.6402,False
18.43_77.66,1,18.42879,77.65778,False
18.43_77.75,1,18.43075,77.74888,False
18.43_77.8,1,18.42888,77.79618,False
18.43_77.82,1,18.42994,77.82153,False
18.43_77.86,1,18.43036,77.85896,False
18.43_78.29,1,18.42815,78.29166,False
18.43_78.33,1,18.42556,78.33253,False
18.43_78.77,1,18.43356,78.77422,False
18.43_79.18,1,18.43164,79.17775,False
18.43_79.3,1,18.43301,79.30381,False
18.43_79.31,1,18.43348,79.31444,False
18.43_79.32,1,18.42685,79.31558,False
18.43_79.37,1,18.43426,79.36997,False
18.43_79.38,1,18.43476,79.37527,False
18.43_79.4,1,18.43102,79.39842,False
18.43_79.42,1,18.43283,79.4192,False
18.43_79.44,1,18.42806,79.43987,False
18.43_79.5,1,18.42593,79.50496,False
18.43_79.51,1,18.43285,79.51495,False
18.43_79.52,1,18.42957,79.52086,False
18.43_79.54,1,18.42576,79.54176,False
18.43_79.56,1,18.4266,79.56202,False
18.43_79.57,1,18.42724,79.56699,False
18.43_79.6,1,18.43278,79.6028,False
18.43_79.64,1,18.43419,79.63551,False
18.43_79.68,1,18.42869,79.67928,False
18.43_79.7,1,18.42658,79.7004,False
18.43_79.73,1,18.43371,79.7299,False
18.43_79.78,1,18.43369,79.78291,False
18.43_79.79,1,18.43359,79.79415,False
18.43_79.89,1,18.43125,79.89497,False
18.43_80.05,1,18.4336,80.05475,False
18.43_80.06,1,18.43453,80.05901,False
18.43_80.08,1,18.43354,80.08136,False
18.43_80.5,1,18.43286,80.49852,False
18.43_80.51,1,18.43138,80.51439,False
18.44_73.5,1,18.44194,73.50191,False
18.44_73.95,1,18.43544,73.94662,False
18.44_74.59,1,18.43602,74.5859,False
18.44_74.91,1,18.4382,74.90507,False
18.44_75.04,1,18.43983,75.04155,False
18.44_77.42,1,18.43922,77.41637,False
18.44_77.59,1,18.4444,77.59365,False
18.44_77.65,1,18.43855,77.64954,False
18.44_77.76,1,18.44323,77.76432,False
18.44_77.77,1,18.44055,77.76511,False
18.44_77.86,1,18.43719,77.86105,False
18.44_77.87,1,18.44266,77.86789,False
18.44_77.94,1,18.44472,77.93578,False
18.44_77.96,1,18.44081,77.96332,False
18.44_78.31,1,18.44239,78.31214,False
18.44_78.35,1,18.4363,78.34977,False
18.44_78.77,1,18.43703,78.77392,False
18.44_79.01,1,18.43744,79.00996,False
18.44_79.19,1,18.43917,79.19077,False
18.44_79.25,1,18.43946,79.25272,False
18.44_79.29,1,18.44097,79.28696,False
18.44_79.31,1,18.44416,79.31099,False
18.44_79.34,1,18.44435,79.34016,False
18.44_79.37,1,18.43718,79.36668,False
18.44_79.4,1,18.43646,79.39722,False
18.44_79.41,1,18.43557,79.41499,False
18.44_79.42,1,18.43614,79.41863,False
18.44_79.44,1,18.44186,79.43909,False
18.44_79.45,1,18.43998,79.45466,False
18.44_79.46,1,18.43647,79.4552,False
18.44_79.5,1,18.43755,79.49512,False
18.44_79.55,1,18.44282,79.54679,False
18.44_79.56,1,18.44192,79.55981,False
18.44_79.58,1,18.43914,79.57565,False
18.44_79.59,1,18.44268,79.59358,False
18.44_79.6,1,18.43749,79.60216,False
18.44_79.71,1,18.43903,79.70815,False
18.44_80.03,1,18.44013,80.03261,False
18.44_80.05,1,18.44044,80.04984,False
18.44_80.09,1,18.44064,80.09156,False
18.44_80.39,1,18.43882,80.38513,False
18.44_80.5,1,18.43511,80.50243,False
18.45_73.19,1,18.45177,73.18761,False
18.45_73.3,1,18.44852,73.30327,False
18.45_73.31,1,18.44796,73.30706,False
18.45_75.41,1,18.44629,75.40897,False
18.45_77.6,1,18.45015,77.59958,False
18.45_77.61,1,18.44638,77.61069,False
18.45_77.62,1,18.44754,77.62413,False
18.45_77.63,1,18.44653,77.62917,False
18.45_77.66,1,18.44737,77.66474,False
18.45_77.8,1,18.45458,77.80484,False
18.45_77.82,1,18.45328,77.81718,False
18.45_77.87,1,18.44567,77.87009,False
18.45_77.89,1,18.44839,77.89307,False
18.45_77.94,1,18.45254,77.93922,False
18.45_78.39,1,18.45096,78.39426,False
18.45_78.4,1,18.45346,78.39915,False
18.45_78.48,1,18.45087,78.48457,False
18.45_78.49,1,18.45142,78.48839,False
18.45_78.81,1,18.45471,78.81207,False
18.45_78.95,1,18.45123,78.94633,False
18.45_79.19,1,18.45145,79.19337,False
18.45_79.31,1,18.449,79.30698,False
18.45_79.33,1,18.44699,79.33364,False
18.45_79.34,1,18.45087,79.33845,False
18.45_79.38,1,18.44502,79.38368,False
18.45_79.39,1,18.44568,79.38705,False
18.45_79.45,1,18.44706,79.44636,False
18.45_79.49,1,18.44886,79.49342,False
18.45_79.5,1,18.45333,79.49781,False
18.45_79.52,1,18.44939,79.52162,False
18.45_79.53,1,18.44572,79.52903,False
18.45_79.56,1,18.45046,79.56414,False
18.45_79.58,1,18.45048,79.57708,False
18.45_79.61,1,18.45273,79.6069,False
18.45_79.64,1,18.44655,79.64243,False
18.45_80.0,1,18.45245,79.99547,False
18.45_80.01,1,18.45214,80.00765,False
18.45_80.03,1,18.44554,80.03423,False
18.45_80.13,1,18.45494,80.1338,False
18.45_80.29,1,18.44647,80.29282,False
18.45_80.39,1,18.45196,80.38979,False
18.45_80.58,1,18.44553,80.5807,False
18.46_73.32,1,18.46088,73.32056,False
18.46_73.33,1,18.46184,73.32592,False
18.46_75.51,1,18.46046,75.50589,False
18.46_75.72,1,18.46497,75.71852,False
18.46_76.66,1,18.45663,76.66125,False
18.46_77.38,1,18.46329,77.38413,False
18.46_77.76,1,18.45691,77.75699,False
18.46_77.8,1,18.45529,77.80429,False
18.46_77.81,1,18.4561,77.81463,False
18.46_77.85,1,18.46466,77.85412,False
18.46_77.93,1,18.4604,77.9313,False
18.46_78.02,1,18.46287,78.02347,False
18.46_78.06,1,18.46264,78.06119,False
18.46_78.33,1,18.46432,78.32906,False
18.46_78.39,1,18.45663,78.39131,False
18.46_78.4,1,18.45526,78.39786,False
18.46_78.47,1,18.46335,78.47486,False
18.46_78.48,1,18.45766,78.48353,False
18.46_78.53,1,18.45995,78.52905,False
18.46_78.76,1,18.4647,78.76489,False
18.46_79.25,1,18.46195,79.24921,False
18.46_79.33,1,18.46125,79.32672,False
18.46_79.34,1,18.45739,79.33538,False
18.46_79.36,1,18.45974,79.36089,False
18.46_79.38,1,18.46067,79.37667,False
18.46_79.42,1,18.4629,79.41608,False
18.46_79.48,1,18.45732,79.47761,False
18.46_79.49,1,18.4565,79.49235,False
18.46_79.51,1,18.45938,79.50739,False
18.46_79.53,1,18.46389,79.52911,False
18.46_79.55,1,18.46278,79.54564,False
18.46_79.6,1,18.46486,79.59898,False
18.46_79.62,1,18.4592,79.61659,False
18.46_79.64,1,18.4645,79.64213,False
18.46_79.69,1,18.46076,79.68598,False
18.46_79.84,1,18.45549,79.84122,False
18.46_80.39,1,18.45539,80.38927,False
18.46_80.42,1,18.45583,80.4178,False
18.47_73.13,1,18.47063,73.13415,False
18.47_73.14,1,18.46994,73.13641,False
18.47_73.31,1,18.46666,73.31282,False
18.47_73.33,1,18.46579,73.32518,False
18.47_74.12,1,18.471,74.12223,False
18.47_74.2,1,18.47385,74.20193,False
18.47_74.22,1,18.47371,74.2198,False
18.47_74.27,1,18.46926,74.2712,False
18.47_75.1,1,18.46786,75.0956,False
18.47_75.22,1,18.47105,75.22175,False
18.47_77.79,1,18.46729,77.78588,False
18.47_77.9,1,18.47378,77.89959,False
18.47_77.92,1,18.47075,77.92474,False
18.47_78.01,1,18.46959,78.00567,False
18.47_78.31,1,18.47334,78.3056,False
18.47_78.36,1,18.47182,78.35762,False
18.47_78.45,1,18.46628,78.44712,False
18.47_78.64,1,18.46883,78.64016,False
18.47_78.82,1,18.46715,78.81911,False
18.47_79.13,1,18.47371,79.12974,False
18.47_79.16,1,18.47227,79.15783,False
18.47_79.19,1,18.47331,79.18539,False
18.47_79.21,1,18.46922,79.20806,False
18.47_79.24,1,18.47239,79.24318,False
18.47_79.27,1,18.47151,79.2655,False
18.47_79.32,1,18.4659,79.32175,False
18.47_79.33,1,18.46669,79.32545,False
18.47_79.38,1,18.46532,79.37608,False
18.47_79.42,1,18.4749,79.42129,False
18.47_79.45,1,18.47057,79.45044,False
18.47_79.48,1,18.47428,79.47979,False
18.47_79.5,1,18.47013,79.50481,False
18.47_79.54,1,18.46614,79.53617,False
18.47_79.56,1,18.47323,79.56047,False
18.47_79.57,1,18.47388,79.56543,False
18.47_79.58,1,18.47421,79.57613,False
18.47_79.6,1,18.47198,79.5952,False
18.47_79.64,1,18.47056,79.63716,False
18.47_79.65,1,18.47306,79.65443,False
18.47_79.66,1,18.46884,79.65825,False
18.47_79.7,1,18.46504,79.69946,False
18.47_80.03,1,18.47029,80.02602,False
18.47_80.37,1,18.47141,80.36964,False
18.47_80.44,1,18.46831,80.43721,False
18.47_80.45,1,18.47337,80.44795,False
18.47_80.47,1,18.46642,80.46928,False
18.48_73.15,1,18.485,73.15452,False
18.48_73.16,1,18.47988,73.15584,False
18.48_73.55,1,18.47916,73.55155,False
18.48_74.78,1,18.47542,74.78485,False
18.48_74.91,1,18.48411,74.91077,False
18.48_77.63,1,18.47529,77.63486,False
18.48_77.64,1,18.47581,77.63512,False
18.48_77.72,1,18.48482,77.72397,False
18.48_77.73,1,18.48094,77.72704,False
18.48_77.77,1,18.48317,77.77368,False
18.48_77.79,1,18.47706,77.79433,False
18.48_77.82,1,18.4809,77.82329,False
18.48_77.83,1,18.48034,77.82954,False
18.48_77.92,1,18.47958,77.91573,False
18.48_78.32,1,18.47887,78.31768,False
18.48_78.38,1,18.47983,78.38062,False
18.48_78.39,1,18.477,78.38562,False
18.48_79.1,1,18.48228,79.09621,False
18.48_79.11,1,18.47827,79.10915,False
18.48_79.16,1,18.48234,79.16147,False
18.48_79.17,1,18.48292,79.16635,False
18.48_79.18,1,18.4784,79.1791,False
18.48_79.26,1,18.47566,79.26492,False
18.48_79.29,1,18.47514,79.29207,False
18.48_79.32,1,18.48305,79.32176,False
18.48_79.33,1,18.48384,79.32552,False
18.48_79.36,1,18.4775,79.35911,False
18.48_79.37,1,18.48149,79.37088,False
18.48_79.38,1,18.47862,79.38147,False
18.48_79.4,1,18.48178,79.39628,False
18.48_79.42,1,18.48009,79.42075,False
18.48_79.43,1,18.47565,79.42748,False
18.48_79.47,1,18.48126,79.47385,False
18.48_79.48,1,18.47809,79.47925,False
18.48_79.49,1,18.47605,79.4892,False
18.48_79.51,1,18.47701,79.5108,False
18.48_79.56,1,18.47772,79.56489,False
18.48_79.58,1,18.48082,79.575,False
18.48_79.59,1,18.47659,79.59034,False
18.48_79.62,1,18.4768,79.61628,False
18.48_79.72,1,18.47719,79.72042,False
18.48_79.88,1,18.48475,79.87798,False
18.48_79.93,1,18.48274,79.9334,False
18.48_79.94,1,18.48042,79.93639,False
18.48_80.03,1,18.47699,80.03344,False
18.48_80.04,1,18.48332,80.04226,False
18.48_80.05,1,18.47744,80.04903,False
18.48_80.1,1,18.48065,80.09529,False
18.48_80.19,1,18.47823,80.18857,False
18.48_80.24,1,18.47641,80.23801,False
18.48_80.42,1,18.481,80.42185,False
18.49_73.1,1,18.48669,73.10146,False
18.49_73.11,1,18.48757,73.10596,False
18.49_73.16,1,18.48536,73.15778,False
18.49_73.77,1,18.49398,73.77173,False
18.49_74.04,1,18.492,74.036,False
18.49_74.61,1,18.493,74.60513,False
18.49_74.62,1,18.49131,74.61626,False
18.49_75.59,1,18.4887,75.58754,False
18.49_76.96,1,18.49062,76.95638,False
18.49_77.37,1,18.49303,77.36861,False
18.49_77.64,1,18.49124,77.63775,False
18.49_77.79,1,18.48554,77.79369,False
18.49_77.82,1,18.48629,77.82187,False
18.49_77.83,1,18.48501,77.82912,False
18.49_78.05,1,18.4924,78.04648,False
18.49_78.69,1,18.4918,78.69407,False
18.49_78.77,1,18.49187,78.76897,False
18.49_78.97,1,18.49251,78.97341,False
18.49_79.05,1,18.48744,79.04891,False
18.49_79.07,1,18.48693,79.07452,False
18.49_79.12,1,18.48764,79.11758,False
18.49_79.18,1,18.48837,79.177,False
18.49_79.28,1,18.48947,79.28353,False
18.49_79.34,1,18.48857,79.34212,False
18.49_79.35,1,18.48582,79.34634,False
18.49_79.37,1,18.49261,79.36742,False
18.49_79.38,1,18.49034,79.3826,False
18.49_79.39,1,18.48845,79.3901,False
18.49_79.42,1,18.48931,79.41788,False
18.49_79.43,1,18.48608,79.43358,False
18.49_79.44,1,18.48697,79.43814,False
18.49_79.47,1,18.48508,79.47331,False
18.49_79.48,1,18.48573,79.47821,False
18.49_79.51,1,18.49196,79.5128,False
18.49_79.52,1,18.49368,79.51534,False
18.49_79.58,1,18.48735,79.57873,False
18.49_79.6,1,18.49063,79.60358,False
18.49_79.61,1,18.48744,79.60912,False
18.49_79.64,1,18.49221,79.64169,False
18.49_79.65,1,18.49273,79.64725,False
18.49_79.69,1,18.48603,79.68753,False
18.49_79.88,1,18.48598,79.88058,False
18.49_80.02,1,18.49378,80.02195,False
18.49_80.03,1,18.49493,80.03097,False
18.49_80.05,1,18.48509,80.0525,False
18.49_80.07,1,18.48731,80.0654,False
18.49_80.08,1,18.48986,80.07799,False
18.49_80.09,1,18.48665,80.09472,False
18.49_80.44,1,18.48759,80.43508,False
18.4_74.15,1,18.39757,74.14883,False
18.4_74.98,1,18.40312,74.9787,False
18.4_75.09,1,18.3987,75.08569,False
18.4_75.1,1,18.40076,75.10289,False
18.4_75.77,1,18.39892,75.7684,False
18.4_77.8,1,18.39595,77.7979,False
18.4_77.85,1,18.39574,77.84569,False
18.4_77.94,1,18.39708,77.93877,False
18.4_78.36,1,18.40014,78.35743,False
18.4_78.42,1,18.39987,78.4234,False
18.4_78.54,1,18.40384,78.53947,False
18.4_78.75,1,18.40338,78.75442,False
18.4_78.97,1,18.39634,78.9716,False
18.4_79.03,1,18.40455,79.02527,False
18.4_79.05,1,18.39563,79.04662,False
18.4_79.27,1,18.39523,79.27367,False
18.4_79.35,1,18.40309,79.34673,False
18.4_79.37,1,18.39867,79.36852,False
18.4_79.39,1,18.40121,79.39101,False
18.4_79.43,1,18.39533,79.43436,False
18.4_79.44,1,18.39873,79.43584,False
18.4_79.45,1,18.40259,79.45459,False
18.4_79.49,1,18.39561,79.4941,False
18.4_79.51,1,18.39585,79.51328,False
18.4_79.58,1,18.40162,79.57693,False
18.4_79.64,1,18.39939,79.63957,False
18.4_80.01,1,18.40292,80.00896,False
18.4_80.08,1,18.40346,80.08091,False
18.4_80.39,1,18.40407,80.39269,False
18.4_80.44,1,18.4013,80.44382,False
18.4_80.45,1,18.40189,80.44562,False
18.4_80.53,1,18.40386,80.52579,False
18.4_80.59,1,18.39672,80.59096,False
18.4_80.6,1,18.39748,80.59501,False
18.51_73.5,1,18.51302,73.50167,False
18.51_74.03,1,18.51197,74.03448,False
18.51_74.21,1,18.5098,74.21297,False
18.51_74.45,1,18.50532,74.44657,False
18.51_74.46,1,18.51055,74.45511,False
18.51_74.68,1,18.50863,74.67512,False
18.51_75.09,1,18.51014,75.09439,False
18.51_75.25,1,18.509,75.24769,False
18.51_76.58,1,18.51423,76.58461,False
18.51_77.77,1,18.51221,77.77134,False
18.51_77.78,1,18.51114,77.78257,False
18.51_77.8,1,18.5097,77.79766,False
18.51_78.29,1,18.50744,78.28538,False
18.51_78.43,1,18.5054,78.429,False
18.51_78.64,1,18.51342,78.6366,False
18.51_78.9,1,18.50785,78.90389,False
18.51_79.07,1,18.50507,79.07316,False
18.51_79.16,1,18.51075,79.15653,False
18.51_79.2,1,18.50878,79.20471,False
18.51_79.21,1,18.50986,79.20668,False
18.51_79.29,1,18.50689,79.29398,False
18.51_79.3,1,18.50728,79.29891,False
18.51_79.31,1,18.50926,79.30914,False
18.51_79.33,1,18.50929,79.33452,False
18.51_79.35,1,18.50721,79.34737,False
18.51_79.36,1,18.51053,79.35912,False
18.51_79.42,1,18.50597,79.42288,False
18.51_79.49,1,18.51185,79.49119,False
18.51_79.51,1,18.50651,79.51272,False
18.51_79.52,1,18.50728,79.51636,False
18.51_79.56,1,18.50837,79.56042,False
18.51_79.6,1,18.50677,79.60131,False
18.51_79.66,1,18.51025,79.65559,False
18.51_79.71,1,18.51195,79.71238,False
18.51_79.97,1,18.50765,79.97062,False
18.51_80.04,1,18.50628,80.04312,False
18.51_80.1,1,18.50556,80.10406,False
18.51_80.32,1,18.50993,80.32192,False
18.52_73.1,1,18.5152,73.09754,False
18.52_74.34,1,18.51519,74.33945,False
18.52_74.35,1,18.51854,74.3471,False
18.52_77.13,1,18.51631,77.12881,False
18.52_77.19,1,18.52248,77.19167,False
18.52_77.73,1,18.51681,77.72852,False
18.52_77.77,1,18.51659,77.77343,False
18.52_77.8,1,18.51571,77.7991,False
18.52_77.9,1,18.5216,77.89989,False
18.52_78.42,1,18.52374,78.4179,False
18.52_78.54,1,18.51634,78.53687,False
18.52_78.57,1,18.5205,78.57157,False
18.52_78.6,1,18.51521,78.6023,False
18.52_78.65,1,18.52476,78.64623,False
18.52_78.72,1,18.52052,78.72398,False
18.52_78.89,1,18.52466,78.89388,False
18.52_78.9,1,18.52465,78.89812,False
18.52_79.04,1,18.52306,79.04082,False
18.52_79.09,1,18.51665,79.09028,False
18.52_79.1,1,18.52239,79.0959,False
18.52_79.12,1,18.522,79.11713,False
18.52_79.13,1,18.51567,79.12787,False
18.52_79.19,1,18.52249,79.18988,False
18.52_79.25,1,18.5239,79.25292,False
18.52_79.31,1,18.515,79.31082,False
18.52_79.34,1,18.51708,79.33508,False
18.52_79.37,1,18.52408,79.37342,False
18.52_79.38,1,18.51923,79.38468,False
18.52_79.39,1,18.51957,79.38793,False
18.52_79.4,1,18.51587,79.39844,False
18.52_79.41,1,18.51778,79.41058,False
18.52_79.44,1,18.51754,79.43575,False
18.52_79.52,1,18.51905,79.52364,False
18.52_79.53,1,18.52127,79.52528,False
18.52_79.59,1,18.51515,79.59083,False
18.52_79.66,1,18.52408,79.65898,False
18.52_79.7,1,18.51642,79.6968,False
18.52_79.71,1,18.5152,79.70618,False
18.52_79.98,1,18.52409,79.98384,False
18.52_80.08,1,18.52403,80.07529,False
18.52_80.41,1,18.5161,80.40595,False
18.52_80.52,1,18.52368,80.51895,False
18.53_73.23,1,18.53319,73.23466,False
18.53_74.42,1,18.52625,74.42461,False
18.53_74.7,1,18.52968,74.69913,False
18.53_74.94,1,18.53211,74.93716,False
18.53_76.06,1,18.53219,76.06079,False
18.53_77.8,1,18.52858,77.80463,False
18.53_77.86,1,18.52752,77.85623,False
18.53_77.87,1,18.52993,77.86554,False
18.53_77.93,1,18.52504,77.9336,False
18.53_77.98,1,18.53442,77.97858,False
18.53_78.04,1,18.52919,78.03596,False
18.53_78.21,1,18.53471,78.21072,False
18.53_78.23,1,18.53259,78.22974,False
18.53_78.57,1,18.5313,78.57272,False
18.53_78.6,1,18.53265,78.59914,False
18.53_78.63,1,18.53047,78.62775,False
18.53_78.65,1,18.52529,78.65079,False
18.53_78.66,1,18.52736,78.66309,False
18.53_78.74,1,18.53051,78.7421,False
18.53_78.87,1,18.53417,78.87126,False
18.53_78.99,1,18.52569,78.99203,False
18.53_79.02,1,18.53108,79.01588,False
18.53_79.15,1,18.52585,79.15397,False
18.53_79.25,1,18.53325,79.24809,False
18.53_79.26,1,18.53268,79.26326,False
18.53_79.27,1,18.52984,79.26727,False
18.53_79.28,1,18.52807,79.2784,False
18.53_79.29,1,18.53268,79.2853,False
18.53_79.31,1,18.5269,79.31083,False
18.53_79.33,1,18.53466,79.33037,False
18.53_79.34,1,18.52817,79.33617,False
18.53_79.35,1,18.53061,79.34988,False
18.53_79.36,1,18.53225,79.36209,False
18.53_79.42,1,18.52843,79.41596,False
18.53_79.44,1,18.52579,79.43954,False
18.53_79.45,1,18.52573,79.44733,False
18.53_79.52,1,18.53466,79.52358,False
18.53_79.56,1,18.52828,79.55746,False
18.53_79.64,1,18.52865,79.63589,False
18.53_79.86,1,18.53469,79.86329,False
18.53_79.98,1,18.52776,79.97749,False
18.53_80.07,1,18.52799,80.07474,False
18.53_80.4,1,18.52589,80.39617,False
18.53_80.53,1,18.53347,80.52545,False
18.54_73.23,1,18.53568,73.23192,False
18.54_75.25,1,18.53666,75.25034,False
18.54_75.63,1,18.54012,75.62611,False
18.54_76.47,1,18.54273,76.46566,False
18.54_76.8,1,18.54418,76.80167,False
18.54_76.81,1,18.54456,76.80521,False
18.54_77.62,1,18.53587,77.6228,False
18.54_77.73,1,18.54304,77.73294,False
18.54_77.74,1,18.54429,77.73631,False
18.54_77.77,1,18.53834,77.7725,False
18.54_77.79,1,18.54303,77.79408,False
18.54_77.83,1,18.53965,77.82768,False
18.54_77.86,1,18.53796,77.86013,False
18.54_77.97,1,18.5422,77.97471,False
18.54_77.98,1,18.53506,77.98356,False
18.54_78.13,1,18.54198,78.13258,False
18.54_79.01,1,18.53852,79.0148,False
18.54_79.09,1,18.53862,79.09191,False
18.54_79.12,1,18.54031,79.11888,False
18.54_79.13,1,18.54279,79.12819,False
18.54_79.16,1,18.53502,79.15538,False
18.54_79.19,1,18.53976,79.1925,False
18.54_79.2,1,18.53635,79.19716,False
18.54_79.22,1,18.54165,79.22365,False
18.54_79.26,1,18.53983,79.25963,False
18.54_79.27,1,18.53613,79.26673,False
18.54_79.28,1,18.53645,79.28477,False
18.54_79.3,1,18.53963,79.3035,False
18.54_79.32,1,18.54331,79.31672,False
18.54_79.35,1,18.54375,79.3496,False
18.54_79.36,1,18.53563,79.35857,False
18.54_79.37,1,18.54009,79.36628,False
18.54_79.38,1,18.54441,79.37537,False
18.54_79.39,1,18.54445,79.39203,False
18.54_79.41,1,18.53526,79.41403,False
18.54_79.46,1,18.54129,79.46206,False
18.54_79.51,1,18.5402,79.51406,False
18.54_79.68,1,18.54168,79.68345,False
18.54_79.69,1,18.54224,79.68707,False
18.54_79.84,1,18.53683,79.83943,False
18.54_80.1,1,18.53932,80.10029,False
18.54_80.11,1,18.54,80.10562,False
18.55_73.12,1,18.54734,73.11665,False
18.55_74.13,1,18.55326,74.13021,False
18.55_74.18,1,18.54734,74.17914,False
18.55_74.25,1,18.54634,74.25378,False
18.55_75.57,1,18.54743,75.57191,False
18.55_77.73,1,18.5489,77.73376,False
18.55_77.79,1,18.55172,77.79124,False
18.55_77.83,1,18.54504,77.82639,False
18.55_77.99,1,18.55339,77.98868,False
18.55_78.13,1,18.54555,78.13209,False
18.55_78.15,1,18.55029,78.15101,False
18.55_78.21,1,18.54605,78.21204,False
18.55_78.3,1,18.54807,78.30109,False
18.55_78.31,1,18.55112,78.31355,False
18.55_78.58,1,18.55252,78.57935,False
18.55_78.6,1,18.55099,78.59835,False
18.55_78.64,1,18.55055,78.6436,False
18.55_79.02,1,18.5498,79.01733,False
18.55_79.09,1,18.54823,79.0919,False
18.55_79.19,1,18.54549,79.18539,False
18.55_79.2,1,18.55177,79.19845,False
18.55_79.24,1,18.54597,79.24014,False
18.55_79.27,1,18.55125,79.27133,False
18.55_79.28,1,18.54799,79.28429,False
18.55_79.29,1,18.54511,79.28958,False
18.55_79.3,1,18.54797,79.3017,False
18.55_79.32,1,18.54846,79.3161,False
18.55_79.35,1,18.54542,79.34693,False
18.55_79.37,1,18.54915,79.37116,False
18.55_79.39,1,18.54908,79.39212,False
18.55_79.42,1,18.54858,79.42149,False
18.55_79.43,1,18.55206,79.43367,False
18.55_79.44,1,18.55282,79.43733,False
18.55_79.45,1,18.55422,79.44552,False
18.55_79.46,1,18.54544,79.46365,False
18.55_79.5,1,18.5496,79.50309,False
18.55_79.51,1,18.55036,79.50674,False
18.55_79.72,1,18.55182,79.72456,False
18.55_79.73,1,18.55247,79.72726,False
18.55_79.8,1,18.55201,79.80308,False
18.55_80.13,1,18.55132,80.12512,False
18.55_80.3,1,18.54925,80.30151,False
18.56_73.0,1,18.5641,73.00076,False
18.56_73.09,1,18.55733,73.08731,False
18.56_73.59,1,18.56349,73.59012,False
18.56_74.16,1,18.55735,74.16399,False
18.56_74.28,1,18.55504,74.28067,False
18.56_74.36,1,18.56307,74.36423,False
18.56_74.76,1,18.55885,74.76144,False
18.56_75.68,1,18.55699,75.68203,False
18.56_76.14,1,18.55696,76.13943,False
18.56_77.76,1,18.561,77.75601,False
18.56_77.77,1,18.55692,77.77177,False
18.56_77.78,1,18.55867,77.77575,False
18.56_77.79,1,18.5551,77.78859,False
18.56_77.83,1,18.55675,77.82687,False
18.56_77.86,1,18.55621,77.85844,False
18.56_77.87,1,18.56013,77.86582,False
18.56_77.95,1,18.56022,77.95361,False
18.56_77.96,1,18.56197,77.95957,False
18.56_77.98,1,18.55773,77.97832,False
18.56_78.13,1,18.56393,78.13172,False
18.56_78.24,1,18.55979,78.24157,False
18.56_78.41,1,18.55617,78.41285,False
18.56_78.42,1,18.56231,78.41949,False
18.56_78.45,1,18.55885,78.44746,False
18.56_78.56,1,18.56106,78.56046,False
18.56_78.57,1,18.55681,78.5659,False
18.56_78.58,1,18.55774,78.58046,False
18.56_78.9,1,18.56494,78.89579,False
18.56_79.05,1,18.55974,79.04903,False
18.56_79.08,1,18.55802,79.07889,False
18.56_79.1,1,18.56262,79.09772,False
18.56_79.15,1,18.55898,79.14742,False
18.56_79.17,1,18.55683,79.17228,False
18.56_79.22,1,18.56209,79.21701,False
18.56_79.27,1,18.56211,79.27326,False
18.56_79.3,1,18.558,79.29601,False
18.56_79.34,1,18.5586,79.33569,False
18.56_79.36,1,18.55755,79.36115,False
18.56_79.37,1,18.5588,79.37103,False
18.56_79.38,1,18.55948,79.38229,False
18.56_79.42,1,18.5552,79.42036,False
18.56_79.43,1,18.56472,79.43025,False
18.56_79.45,1,18.5617,79.44572,False
18.56_79.47,1,18.56139,79.4744,False
18.56_79.48,1,18.56204,79.47931,False
18.56_79.51,1,18.55651,79.50922,False
18.56_79.6,1,18.56302,79.59538,False
18.56_79.61,1,18.5647,79.60542,False
18.56_79.76,1,18.55977,79.76478,False
18.56_79.8,1,18.55631,79.80251,False
18.56_79.96,1,18.55535,79.96447,False
18.56_79.98,1,18.55977,79.9791,False
18.56_80.07,1,18.56147,80.06685,False
18.56_80.2,1,18.558,80.19678,False
18.56_80.85,1,18.55803,80.84543,False
18.57_73.01,1,18.56792,73.00829,False
18.57_73.26,1,18.57271,73.25749,False
18.57_77.76,1,18.57394,77.75632,False
18.57_77.79,1,18.57248,77.78952,False
18.57_77.84,1,18.56662,77.84457,False
18.57_77.88,1,18.57286,77.87943,False
18.57_77.89,1,18.57199,77.8942,False
18.57_77.95,1,18.57277,77.95496,False
18.57_77.96,1,18.56595,77.95877,False
18.57_78.24,1,18.57388,78.24169,False
18.57_78.27,1,18.57266,78.26732,False
18.57_78.38,1,18.56743,78.37788,False
18.57_78.39,1,18.57417,78.38509,False
18.57_78.4,1,18.5708,78.39621,False
18.57_78.42,1,18.56653,78.4158,False
18.57_78.48,1,18.5736,78.47598,False
18.57_78.75,1,18.56896,78.75008,False
18.57_78.78,1,18.57442,78.78341,False
18.57_78.86,1,18.57219,78.8649,False
18.57_78.89,1,18.56558,78.89392,False
18.57_79.08,1,18.56644,79.07822,False
18.57_79.15,1,18.56741,79.15179,False
18.57_79.16,1,18.57489,79.15785,False
18.57_79.26,1,18.571,79.26443,False
18.57_79.27,1,18.56654,79.26536,False
18.57_79.35,1,18.57147,79.35326,False
18.57_79.36,1,18.57228,79.36079,False
18.57_79.38,1,18.57267,79.38071,False
18.57_79.39,1,18.57384,79.39091,False
18.57_79.43,1,18.56936,79.42865,False
18.57_79.44,1,18.56518,79.44234,False
18.57_79.45,1,18.56595,79.44604,False
18.57_79.46,1,18.56748,79.45559,False
18.57_79.49,1,18.57347,79.49127,False
18.57_79.5,1,18.56926,79.495,False
18.57_79.72,1,18.57117,79.72073,False
18.57_80.16,1,18.56692,80.15868,False
18.57_80.26,1,18.56925,80.26004,False
18.57_80.27,1,18.56962,80.26604,False
18.57_80.39,1,18.56966,80.38879,False
18.58_73.03,1,18.57756,73.03178,False
18.58_73.06,1,18.58395,73.06265,False
18.58_73.07,1,18.57905,73.06579,False
18.58_73.29,1,18.58427,73.29025,False
18.58_73.5,1,18.58263,73.50402,False
18.58_75.06,1,18.58176,75.06496,False
18.58_75.07,1,18.57787,75.06548,False
18.58_75.44,1,18.57679,75.43987,False
18.58_77.73,1,18.5758,77.73449,False
18.58_77.85,1,18.58195,77.84756,False
18.58_77.88,1,18.57563,77.88006,False
18.58_78.16,1,18.58176,78.15612,False
18.58_78.22,1,18.58259,78.21749,False
18.58_78.47,1,18.58101,78.46814,False
18.58_78.66,1,18.57938,78.66434,False
18.58_78.85,1,18.57894,78.8504,False
18.58_79.05,1,18.58273,79.05108,False
18.58_79.11,1,18.58164,79.10725,False
18.58_79.15,1,18.58111,79.15334,False
18.58_79.21,1,18.58155,79.21291,False
18.58_79.25,1,18.57899,79.25322,False
18.58_79.26,1,18.57997,79.25616,False
18.58_79.28,1,18.57817,79.27749,False
18.58_79.29,1,18.58252,79.28941,False
18.58_79.34,1,18.5837,79.34406,False
18.58_79.42,1,18.57941,79.42389,False
18.58_79.43,1,18.57705,79.43071,False
18.58_79.48,1,18.57535,79.47584,False
18.58_79.67,1,18.57956,79.66667,False
18.58_79.72,1,18.58107,79.71599,False
18.58_79.86,1,18.58445,79.8596,False
18.58_79.93,1,18.58262,79.92575,False
18.58_80.16,1,18.57709,80.15799,False
18.58_80.26,1,18.57867,80.26,False
18.58_80.4,1,18.5825,80.40174,False
18.59_72.98,1,18.59285,72.98221,False
18.59_73.27,1,18.59467,73.26529,False
18.59_73.35,1,18.59427,73.35454,False
18.59_73.46,1,18.59254,73.46281,False
18.59_74.25,1,18.59289,74.24597,False
18.59_74.64,1,18.59178,74.64265,False
18.59_74.74,1,18.59146,74.73961,False
18.59_75.24,1,18.59079,75.24193,False
18.59_76.02,1,18.59254,76.02216,False
18.59_77.75,1,18.58979,77.75336,False
18.59_77.79,1,18.59053,77.79419,False
18.59_77.81,1,18.58995,77.80655,False
18.59_77.82,1,18.58779,77.82162,False
18.59_77.94,1,18.59112,77.94486,False
18.59_77.97,1,18.58921,77.96908,False
18.59_78.04,1,18.58855,78.03779,False
18.59_78.08,1,18.59028,78.07803,False
18.59_78.09,1,18.59226,78.08695,False
18.59_78.19,1,18.59318,78.18597,False
18.59_78.26,1,18.58684,78.26202,False
18.59_78.41,1,18.59023,78.41204,False
18.59_78.42,1,18.59134,78.41968,False
18.59_78.43,1,18.59376,78.43347,False
18.59_78.51,1,18.59432,78.50916,False
18.59_78.52,1,18.59366,78.51706,False
18.59_78.83,1,18.5912,78.82977,False
18.59_79.11,1,18.58511,79.10671,False
18.59_79.15,1,18.58853,79.15264,False
18.59_79.2,1,18.58966,79.19743,False
18.59_79.22,1,18.59171,79.21538,False
18.59_79.24,1,18.59217,79.24061,False
18.59_79.25,1,18.58544,79.25466,False
18.59_79.26,1,18.58683,79.26055,False
18.59_79.31,1,18.58687,79.31401,False
18.59_79.32,1,18.58939,79.31618,False
18.59_79.39,1,18.59488,79.38685,False
18.59_79.43,1,18.58602,79.42892,False
18.59_79.65,1,18.59324,79.6512,False
18.59_79.71,1,18.58881,79.71485,False
18.59_79.72,1,18.58559,79.72047,False
18.59_79.86,1,18.59141,79.86286,False
18.59_79.89,1,18.58551,79.89491,False
18.59_79.91,1,18.58982,79.90819,False
18.59_79.92,1,18.59084,79.92229,False
18.59_80.25,1,18.59424,80.24957,False
18.59_80.27,1,18.58531,80.26971,False
18.59_80.28,1,18.58637,80.2788,False
18.5_73.11,1,18.5029,73.11131,False
18.5_73.19,1,18.50102,73.18913,False
18.5_73.42,1,18.49508,73.41548,False
18.5_73.44,1,18.49803,73.44298,False
18.5_73.49,1,18.49906,73.49448,False
18.5_74.13,1,18.49779,74.13062,False
18.5_74.18,1,18.50449,74.18417,False
18.5_74.3,1,18.50096,74.3034,False
18.5_74.31,1,18.5004,74.30989,False
18.5_74.49,1,18.50363,74.49496,False
18.5_75.12,1,18.50393,75.11916,False
18.5_77.75,1,18.49808,77.75239,False
18.5_77.79,1,18.4989,77.79454,False
18.5_77.86,1,18.49627,77.86393,False
18.5_77.9,1,18.49759,77.90102,False
18.5_77.99,1,18.49939,77.98938,False
18.5_78.05,1,18.50019,78.05142,False
18.5_78.42,1,18.49856,78.41775,False
18.5_78.69,1,18.49502,78.69463,False
18.5_78.75,1,18.50276,78.74595,False
18.5_78.93,1,18.49819,78.92691,False
18.5_79.04,1,18.50085,79.03806,False
18.5_79.05,1,18.49738,79.04601,False
18.5_79.14,1,18.50014,79.13766,False
18.5_79.18,1,18.50361,79.18364,False
18.5_79.19,1,18.50359,79.18575,False
18.5_79.35,1,18.50047,79.35323,False
18.5_79.36,1,18.50132,79.36365,False
18.5_79.44,1,18.50308,79.43894,False
18.5_79.47,1,18.50289,79.47279,False
18.5_79.48,1,18.49718,79.47662,False
18.5_79.52,1,18.50219,79.52271,False
18.5_79.6,1,18.49832,79.60252,False
18.5_79.61,1,18.49513,79.60806,False
18.5_79.66,1,18.50033,79.65726,False
18.5_79.88,1,18.50126,79.88374,False
18.5_80.04,1,18.49742,80.036,False
18.5_80.08,1,18.50387,80.07888,False
18.5_80.11,1,18.49979,80.10558,False
18.61_72.9,1,18.61345,72.896,False
18.61_75.33,1,18.61128,75.33353,False
18.61_75.96,1,18.61314,75.9604,False
18.61_77.89,1,18.60899,77.88896,False
18.61_77.92,1,18.61277,77.91924,False
18.61_77.93,1,18.61145,77.9302,False
18.61_77.97,1,18.60504,77.96835,False
18.61_77.99,1,18.612,77.99283,False
18.61_78.0,1,18.60903,77.99752,False
18.61_78.02,1,18.61118,78.02034,False
18.61_78.23,1,18.61347,78.23357,False
18.61_78.31,1,18.60748,78.31196,False
18.61_78.35,1,18.60769,78.35032,False
18.61_78.43,1,18.61216,78.43375,False
18.61_78.69,1,18.61234,78.68803,False
18.61_78.73,1,18.6146,78.72578,False
18.61_78.97,1,18.61302,78.97016,False
18.61_79.05,1,18.60982,79.04902,False
18.61_79.14,1,18.61282,79.14089,False
18.61_79.15,1,18.60528,79.14652,False
18.61_79.24,1,18.61389,79.23605,False
18.61_79.27,1,18.60669,79.26875,False
18.61_79.28,1,18.61463,79.27709,False
18.61_79.29,1,18.60967,79.29385,False
18.61_79.31,1,18.61303,79.30981,False
18.61_79.44,1,18.60764,79.44383,False
18.61_79.67,1,18.61213,79.6692,False
18.61_79.7,1,18.61027,79.70014,False
18.61_79.81,1,18.61434,79.81413,False
18.61_79.84,1,18.61249,79.83662,False
18.61_79.91,1,18.6055,79.90604,False
18.61_80.0,1,18.61392,79.99818,False
18.61_80.28,1,18.60861,80.27592,False
18.61_80.31,1,18.61273,80.30595,False
18.61_80.33,1,18.61403,80.32536,False
18.62_73.18,1,18.62437,73.18209,False
18.62_73.93,1,18.61547,73.93251,False
18.62_74.37,1,18.61942,74.36892,False
18.62_74.41,1,18.61935,74.41249,False
18.62_74.46,1,18.61706,74.46164,False
18.62_74.98,1,18.6244,74.97561,False
18.62_75.19,1,18.62115,75.18816,False
18.62_77.79,1,18.62004,77.78564,False
18.62_77.81,1,18.61719,77.8126,False
18.62_77.83,1,18.62006,77.82855,False
18.62_77.95,1,18.61973,77.94933,False
18.62_78.0,1,18.61818,77.99588,False
18.62_78.01,1,18.61897,78.01169,False
18.62_78.02,1,18.61514,78.01962,False
18.62_78.09,1,18.61745,78.08749,False
18.62_78.12,1,18.6241,78.12409,False
18.62_78.15,1,18.62095,78.15115,False
18.62_78.17,1,18.6216,78.17062,False
18.62_78.24,1,18.62406,78.24339,False
18.62_78.25,1,18.62005,78.25127,False
18.62_78.29,1,18.61507,78.28573,False
18.62_78.3,1,18.61991,78.30225,False
18.62_78.37,1,18.6173,78.37397,False
18.62_78.38,1,18.62271,78.38217,False
18.62_78.47,1,18.62136,78.46889,False
18.62_78.54,1,18.61587,78.54497,False
18.62_78.6,1,18.61888,78.59863,False
18.62_78.73,1,18.61528,78.72904,False
18.62_78.89,1,18.61878,78.88632,False
18.62_78.97,1,18.62173,78.96521,False
18.62_79.0,1,18.62334,78.9973,False
18.62_79.13,1,18.62352,79.12832,False
18.62_79.15,1,18.62027,79.15274,False
18.62_79.16,1,18.62081,79.15641,False
18.62_79.22,1,18.61927,79.2246,False
18.62_79.26,1,18.61827,79.26003,False
18.62_79.27,1,18.62038,79.27105,False
18.62_79.28,1,18.61534,79.2835,False
18.62_79.29,1,18.6174,79.29465,False
18.62_79.3,1,18.61796,79.29968,False
18.62_79.32,1,18.6179,79.32439,False
18.62_79.36,1,18.62291,79.35797,False
18.62_79.49,1,18.6218,79.48908,False
18.62_79.51,1,18.61801,79.50856,False
18.62_79.54,1,18.62014,79.53732,False
18.62_79.62,1,18.61892,79.62443,False
18.62_79.67,1,18.61978,79.67471,False
18.62_79.68,1,18.61695,79.67693,False
18.62_79.8,1,18.61512,79.79691,False
18.62_79.81,1,18.62462,79.81434,False
18.62_79.82,1,18.61506,79.81758,False
18.62_79.87,1,18.62055,79.86703,False
18.62_79.99,1,18.61902,79.99154,False
18.62_80.27,1,18.6208,80.26935,False
18.63_73.39,1,18.63352,73.39075,False
18.63_73.7,1,18.632,73.70098,False
18.63_74.64,1,18.63236,74.63773,False
18.63_75.88,1,18.63468,75.88437,False
18.63_77.82,1,18.63487,77.82173,False
18.63_77.84,1,18.63146,77.83591,False
18.63_77.87,1,18.6321,77.87177,False
18.63_77.93,1,18.63442,77.92884,False
18.63_78.04,1,18.63099,78.0419,False
18.63_78.05,1,18.63465,78.04628,False
18.63_78.07,1,18.6343,78.06877,False
18.63_78.08,1,18.62904,78.083,False
18.63_78.11,1,18.6334,78.11107,False
18.63_78.12,1,18.62589,78.11655,False
18.63_78.15,1,18.63396,78.14766,False
18.63_78.18,1,18.63225,78.18399,False
18.63_78.28,1,18.62799,78.28012,False
18.63_78.32,1,18.62573,78.31689,False
18.63_78.39,1,18.6319,78.38583,False
18.63_78.42,1,18.63394,78.42295,False
18.63_78.46,1,18.63155,78.45618,False
18.63_78.47,1,18.63107,78.47173,False
18.63_78.57,1,18.62707,78.57439,False
18.63_78.74,1,18.63398,78.73981,False
18.63_79.13,1,18.62727,79.12779,False
18.63_79.14,1,18.62895,79.14144,False
18.63_79.15,1,18.62944,79.14532,False
18.63_79.17,1,18.62891,79.1659,False
18.63_79.36,1,18.6305,79.35692,False
18.63_79.37,1,18.63484,79.36685,False
18.63_79.5,1,18.6305,79.49596,False
18.63_79.69,1,18.62556,79.68535,False
18.63_79.7,1,18.62667,79.69676,False
18.63_79.71,1,18.62755,79.70949,False
18.63_79.74,1,18.63287,79.73949,False
18.63_79.81,1,18.62941,79.80575,False
18.63_80.27,1,18.6334,80.26675,False
18.64_73.07,1,18.64271,73.06748,False
18.64_73.2,1,18.63563,73.1988,False
18.64_73.21,1,18.64324,73.21152,False
18.64_73.52,1,18.64358,73.52184,False
18.64_74.02,1,18.63811,74.02238,False
18.64_74.39,1,18.63523,74.39066,False
18.64_74.42,1,18.64219,74.41837,False
18.64_77.74,1,18.64347,77.74126,False
18.64_77.83,1,18.64268,77.83263,False
18.64_77.85,1,18.63918,77.85461,False
18.64_77.87,1,18.63685,77.8675,False
18.64_77.93,1,18.63578,77.93092,False
18.64_78.07,1,18.63765,78.06823,False
18.64_78.1,1,18.63926,78.10091,False
18.64_78.11,1,18.63593,78.11368,False
18.64_78.12,1,18.63691,78.12416,False
18.64_78.13,1,18.64408,78.12666,False
18.64_78.15,1,18.64146,78.14525,False
18.64_78.19,1,18.64499,78.18565,False
18.64_78.2,1,18.63979,78.19845,False
18.64_78.25,1,18.6429,78.24634,False
18.64_78.33,1,18.636,78.3285,False
18.64_78.44,1,18.64339,78.43535,False
18.64_78.45,1,18.64427,78.45092,False
18.64_78.55,1,18.63751,78.55043,False
18.64_78.74,1,18.6374,78.7393,False
18.64_78.77,1,18.64039,78.76678,False
18.64_79.14,1,18.64371,79.13765,False
18.64_79.18,1,18.64169,79.17876,False
18.64_79.21,1,18.63827,79.21059,False
18.64_79.24,1,18.63801,79.23779,False
18.64_79.25,1,18.64205,79.24551,False
18.64_79.29,1,18.64463,79.29459,False
18.64_79.36,1,18.64153,79.35787,False
18.64_79.48,1,18.64258,79.48009,False
18.64_79.5,1,18.6377,79.50054,False
18.64_79.77,1,18.63947,79.76744,False
18.64_79.8,1,18.63965,79.80138,False
18.64_79.82,1,18.63918,79.81866,False
18.64_79.88,1,18.63937,79.88249,False
18.64_79.91,1,18.64024,79.9128,False
18.64_79.92,1,18.64095,79.91623,False
18.64_79.95,1,18.64494,79.95097,False
18.64_80.12,1,18.64184,80.11618,False
18.64_80.56,1,18.63791,80.5565,False
18.64_80.85,1,18.6425,80.84953,False
18.65_73.57,1,18.64923,73.56605,False
18.65_74.29,1,18.64612,74.28797,False
18.65_77.78,1,18.64761,77.78484,False
18.65_77.79,1,18.64556,77.78839,False
18.65_77.8,1,18.65126,77.80334,False
18.65_77.82,1,18.64542,77.81907,False
18.65_77.92,1,18.6537,77.92059,False
18.65_78.01,1,18.65022,78.00826,False
18.65_78.05,1,18.65212,78.05032,False
18.65_78.14,1,18.65043,78.14124,False
18.65_78.18,1,18.64713,78.18279,False
18.65_78.19,1,18.64775,78.18662,False
18.65_78.21,1,18.65119,78.20829,False
18.65_78.31,1,18.64955,78.31256,False
18.65_78.33,1,18.64827,78.32733,False
18.65_78.34,1,18.64945,78.33833,False
18.65_78.37,1,18.64852,78.36721,False
18.65_78.38,1,18.64652,78.37811,False
18.65_78.42,1,18.6539,78.4178,False
18.65_78.46,1,18.65403,78.46244,False
18.65_78.48,1,18.65155,78.48425,False
18.65_78.69,1,18.65468,78.69328,False
18.65_78.83,1,18.64584,78.82842,False
18.65_78.95,1,18.65377,78.95332,False
18.65_79.16,1,18.64942,79.16427,False
18.65_79.17,1,18.65025,79.16813,False
18.65_79.2,1,18.64679,79.20046,False
18.65_79.24,1,18.65319,79.24285,False
18.65_79.28,1,18.64972,79.27985,False
18.65_79.33,1,18.6545,79.33366,False
18.65_79.45,1,18.64936,79.44953,False
18.65_79.64,1,18.64701,79.64035,False
18.65_79.69,1,18.65351,79.68768,False
18.65_79.77,1,18.64525,79.76595,False
18.65_79.81,1,18.64678,79.8089,False
18.65_79.82,1,18.64958,79.82204,False
18.65_79.84,1,18.65038,79.83902,False
18.66_73.03,1,18.66434,73.03125,False
18.66_73.04,1,18.6649,73.03534,False
18.66_73.11,1,18.65726,73.10868,False
18.66_73.3,1,18.66055,73.3027,False
18.66_73.56,1,18.65778,73.55546,False
18.66_73.59,1,18.66301,73.58572,False
18.66_73.6,1,18.6603,73.6032,False
18.66_73.93,1,18.66387,73.92705,False
18.66_74.49,1,18.65587,74.4874,False
18.66_74.76,1,18.65513,74.75706,False
18.66_74.82,1,18.65552,74.82391,False
18.66_75.05,1,18.65912,75.05068,False
18.66_77.77,1,18.66249,77.76785,False
18.66_77.79,1,18.65627,77.78892,False
18.66_77.8,1,18.65569,77.80241,False
18.66_77.82,1,18.66137,77.82171,False
18.66_77.83,1,18.65883,77.82658,False
18.66_77.84,1,18.65522,77.83936,False
18.66_77.92,1,18.66386,77.91992,False
18.66_77.93,1,18.665,77.92566,False
18.66_77.94,1,18.66357,77.94395,False
18.66_77.95,1,18.66498,77.95167,False
18.66_77.97,1,18.66329,77.96798,False
18.66_77.99,1,18.65994,77.98786,False
18.66_78.17,1,18.65747,78.16612,False
18.66_78.19,1,18.66231,78.19305,False
18.66_78.27,1,18.66241,78.2668,False
18.66_78.29,1,18.66414,78.29101,False
18.66_78.3,1,18.65882,78.3018,False
18.66_78.31,1,18.66459,78.31018,False
18.66_78.36,1,18.65662,78.35722,False
18.66_78.45,1,18.66323,78.45043,False
18.66_78.46,1,18.65727,78.45511,False
18.66_78.47,1,18.6646,78.46914,False
18.66_78.76,1,18.66307,78.75898,False
18.66_79.05,1,18.65984,79.05334,False
18.66_79.15,1,18.66053,79.14503,False
18.66_79.21,1,18.65971,79.213,False
18.66_79.25,1,18.65968,79.25344,False
18.66_79.26,1,18.65784,79.25698,False
18.66_79.28,1,18.66412,79.28487,False
18.66_79.38,1,18.65648,79.37811,False
18.66_79.39,1,18.6577,79.39075,False
18.66_79.45,1,18.65729,79.45309,False
18.66_79.52,1,18.66074,79.51963,False
18.66_79.64,1,18.65988,79.63923,False
18.66_79.69,1,18.65563,79.69312,False
18.67_73.53,1,18.6664,73.53297,False
18.67_74.16,1,18.66959,74.16233,False
18.67_74.88,1,18.66856,74.87717,False
18.67_76.58,1,18.67443,76.58195,False
18.67_76.99,1,18.67365,76.99045,False
18.67_77.83,1,18.67289,77.83285,False
18.67_77.84,1,18.66995,77.84047,False
18.67_77.86,1,18.66752,77.85583,False
18.67_77.87,1,18.67108,77.87395,False
18.67_77.94,1,18.67301,77.93703,False
18.67_77.96,1,18.66515,77.95713,False
18.67_77.97,1,18.66815,77.96693,False
18.67_78.0,1,18.66797,77.99744,False
18.67_78.18,1,18.67019,78.18152,False
18.67_78.2,1,18.67209,78.19651,False
18.67_78.27,1,18.67018,78.27007,False
18.67_78.32,1,18.66552,78.31532,False
18.67_78.35,1,18.66936,78.35358,False
18.67_78.42,1,18.67493,78.41737,False
18.67_78.44,1,18.66654,78.43974,False
18.67_78.45,1,18.67489,78.44702,False
18.67_78.47,1,18.66529,78.46625,False
18.67_78.7,1,18.66566,78.69714,False
18.67_79.05,1,18.66694,79.05267,False
18.67_79.13,1,18.66732,79.13334,False
18.67_79.14,1,18.66697,79.14042,False
18.67_79.23,1,18.66753,79.22873,False
18.67_79.27,1,18.67206,79.27023,False
18.67_79.3,1,18.66658,79.29774,False
18.67_79.31,1,18.66868,79.314,False
18.67_79.32,1,18.66765,79.31779,False
16.67_80.58,1,16.66518,80.5804,False
18.67_79.38,1,18.67457,79.37737,False
18.67_79.4,1,18.66665,79.39655,False
18.67_79.42,1,18.66893,79.41746,False
18.67_79.46,1,18.66676,79.4565,False
18.67_79.47,1,18.67188,79.46587,False
15.61_76.3,1,15.60823,76.30189,False
18.67_79.74,1,18.67197,79.73945,False
15.61_76.31,1,15.60524,76.30519,False
18.67_79.8,1,18.66615,79.80449,False
18.67_79.81,1,18.67445,79.81413,False
18.67_80.35,1,18.66701,80.35013,False
15.61_78.38,1,15.61406,78.3792,False
15.61_78.54,1,15.61423,78.53794,False
18.68_73.45,1,18.67993,73.44686,False
18.68_74.1,1,18.67784,74.10123,False
18.68_74.89,1,18.68343,74.89237,False
18.68_77.66,1,18.68013,77.66084,False
18.68_77.73,1,18.68202,77.73239,False
18.68_77.76,1,18.68079,77.75805,False
18.68_77.77,1,18.68438,77.77317,False
18.68_77.79,1,18.67888,77.78566,False
18.68_77.8,1,18.68483,77.80238,False
18.68_77.83,1,18.6778,77.83385,False
15.61_78.57,1,15.60507,78.56777,False
15.61_78.59,1,15.60788,78.58729,False
15.61_78.6,1,15.60708,78.59594,False
18.68_78.12,1,18.67696,78.11755,False
18.68_78.15,1,18.68009,78.14998,False
18.68_78.16,1,18.68104,78.15527,False
18.68_78.19,1,18.67535,78.18503,False
18.68_78.2,1,18.68179,78.20441,False
18.68_78.37,1,18.67964,78.37344,False
18.68_78.41,1,18.68316,78.40504,False
18.68_78.42,1,18.67681,78.41964,False
18.68_78.47,1,18.68041,78.46696,False
18.68_78.49,1,18.67851,78.49477,False
18.68_78.5,1,18.67692,78.49554,False
18.68_78.69,1,18.68002,78.69,False
18.68_78.71,1,18.67502,78.70744,False
18.68_78.72,1,18.67612,78.72144,False
18.68_78.73,1,18.67666,78.72534,False
18.68_78.75,1,18.6767,78.75015,False
15.61_79.48,1,15.61035,79.47829,False
18.68_79.1,1,18.67705,79.10477,False
18.68_79.14,1,18.67838,79.13542,False
18.68_79.27,1,18.68188,79.26829,False
22.0_79.62,1,21.9974,79.62279,False
18.68_79.32,1,18.67973,79.31821,False
18.68_79.37,1,18.67786,79.36642,False
18.68_79.38,1,18.67525,79.38103,False
18.68_79.42,1,18.68291,79.42127,False
18.68_79.48,1,18.67765,79.48019,False
18.68_79.49,1,18.6783,79.48515,False
18.68_79.68,1,18.68332,79.68313,False
18.68_79.69,1,18.68074,79.68945,False
18.68_79.7,1,18.68442,79.69528,False
18.68_79.71,1,18.67798,79.71238,False
18.68_79.72,1,18.68185,79.71545,False
18.68_79.74,1,18.6775,79.74135,False
18.68_79.75,1,18.67883,79.74849,False
18.68_79.8,1,18.67649,79.80101,False
18.68_79.98,1,18.6848,79.98339,False
18.68_79.99,1,18.68423,79.98701,False
22.0_79.68,1,21.99695,79.67996,False
22.0_79.79,1,21.99625,79.79119,False
22.0_80.85,1,21.99619,80.85201,False
18.69_74.63,1,18.68714,74.62845,False
18.69_75.78,1,18.69217,75.77672,False
18.69_77.12,1,18.68797,77.11891,False
18.69_77.24,1,18.69077,77.23792,False
18.69_77.49,1,18.68636,77.48729,False
22.1_72.71,1,22.09855,72.70701,False
22.1_73.12,1,22.09764,73.12321,False
18.69_77.82,1,18.69186,77.81747,False
18.69_77.9,1,18.69455,77.903,False
18.69_77.98,1,18.69457,77.97647,False
18.69_78.01,1,18.68934,78.00771,False
18.69_78.15,1,18.69496,78.15276,False
18.69_78.27,1,18.69433,78.27347,False
18.69_78.28,1,18.69103,78.27554,False
18.69_78.29,1,18.68832,78.28559,False
18.69_78.33,1,18.69305,78.33233,False
18.69_78.34,1,18.694,78.34132,False
18.69_78.4,1,18.69471,78.3989,False
18.69_78.43,1,18.68603,78.42791,False
18.69_78.46,1,18.68763,78.4624,False
18.69_78.48,1,18.68883,78.47884,False
18.69_78.7,1,18.69224,78.69505,False
18.69_78.76,1,18.69221,78.7584,False
18.69_78.77,1,18.69127,78.76685,False
18.69_79.06,1,18.68804,79.06485,False
18.69_79.27,1,18.68506,79.26633,False
22.1_73.49,1,22.09535,73.49322,False
22.1_73.5,1,22.09582,73.49712,False
18.69_79.32,1,18.6924,79.32476,False
18.69_79.33,1,18.69276,79.32796,False
18.69_79.35,1,18.69362,79.34818,False
18.69_79.37,1,18.69308,79.37408,False
18.69_79.44,1,18.68942,79.44109,False
18.69_79.48,1,18.6853,79.4791,False
18.69_79.52,1,18.69295,79.52367,False
18.69_79.58,1,18.68628,79.5822,False
18.69_79.63,1,18.69441,79.63329,False
18.69_79.65,1,18.69251,79.64802,False
22.1_73.88,1,22.09591,73.87599,False
18.69_79.68,1,18.68767,79.68227,False
18.69_79.7,1,18.68552,79.70082,False
18.69_79.8,1,18.69135,79.79529,False
18.69_79.83,1,18.68571,79.83289,False
18.69_79.98,1,18.68811,79.98397,False
18.69_79.99,1,18.68753,79.98759,False
18.69_80.08,1,18.6909,80.07997,False
18.6_74.1,1,18.6047,74.09997,False
18.6_74.25,1,18.59601,74.25494,False
22.1_76.46,1,22.09844,76.4616,False
18.6_74.77,1,18.60469,74.7668,False
18.6_75.04,1,18.60467,75.04005,False
18.6_76.02,1,18.59764,76.02152,False
18.6_77.81,1,18.59678,77.80569,False
18.6_77.83,1,18.60479,77.83352,False
18.6_77.88,1,18.60097,77.87964,False
18.6_77.89,1,18.59761,77.89096,False
18.6_77.94,1,18.60493,77.9361,False
18.6_77.95,1,18.60286,77.94582,False
18.6_77.98,1,18.59509,77.98175,False
18.6_78.08,1,18.5996,78.0766,False
18.6_78.09,1,18.59562,78.08642,False
18.6_78.14,1,18.59988,78.13948,False
22.1_76.47,1,22.09776,76.46786,False
18.6_78.2,1,18.59859,78.19872,False
18.6_78.36,1,18.59849,78.35729,False
18.6_78.43,1,18.59737,78.43294,False
18.6_78.44,1,18.59796,78.43729,False
18.6_78.48,1,18.60218,78.48434,False
22.1_76.85,1,22.09847,76.85208,False
18.6_78.5,1,18.59561,78.49715,False
18.6_79.07,1,18.60198,79.0657,False
18.6_79.14,1,18.59522,79.14322,False
22.1_76.86,1,22.09718,76.85812,False
18.6_79.16,1,18.59732,79.15701,False
18.6_79.24,1,18.60301,79.23988,False
22.1_76.87,1,22.09929,76.8723,False
18.6_79.27,1,18.60207,79.2693,False
18.6_79.28,1,18.60265,79.28089,False
18.6_79.29,1,18.59896,79.29417,False
18.6_79.32,1,18.60358,79.31529,False
18.6_79.39,1,18.59678,79.3867,False
15.62_79.08,1,15.62036,79.08461,False
18.6_79.41,1,18.60168,79.40684,False
18.6_79.42,1,18.597,79.42414,False
18.6_79.5,1,18.59639,79.49947,False
18.6_79.65,1,18.5976,79.65028,False
18.6_79.83,1,18.6045,79.83062,False
18.6_79.85,1,18.59905,79.84667,False
15.62_79.2,1,15.62489,79.1994,False
18.6_80.17,1,18.59903,80.17168,False
18.6_80.28,1,18.60178,80.27516,False
18.6_80.3,1,18.6026,80.30183,False
18.71_72.84,1,18.70744,72.84184,False
18.71_73.02,1,18.70536,73.02299,False
18.71_73.1,1,18.71085,73.10374,False
18.71_73.18,1,18.71408,73.17822,False
18.71_73.25,1,18.70724,73.25468,False
18.71_73.27,1,18.70993,73.26887,False
18.71_74.62,1,18.71355,74.62272,False
18.71_77.78,1,18.70568,77.78233,False
18.71_77.79,1,18.71142,77.7864,False
18.71_77.82,1,18.70913,77.82371,False
18.71_77.83,1,18.7098,77.82737,False
15.62_79.23,1,15.61512,79.23454,False
18.71_77.87,1,18.70795,77.8651,False
18.71_77.91,1,18.70827,77.90756,False
18.71_77.92,1,18.7107,77.91952,False
18.71_77.95,1,18.71132,77.94802,False
18.71_77.98,1,18.71366,77.97846,False
18.71_78.04,1,18.71222,78.04196,False
18.71_78.09,1,18.7122,78.08616,False
18.71_78.25,1,18.71321,78.24755,False
18.71_78.26,1,18.71165,78.25797,False
18.71_78.36,1,18.70976,78.35907,False
18.71_78.42,1,18.70673,78.42471,False
18.71_78.51,1,18.71394,78.51463,False
18.71_78.58,1,18.71023,78.57976,False
18.71_78.62,1,18.71223,78.62099,False
18.71_78.63,1,18.70922,78.62527,False
18.71_78.7,1,18.70822,78.703,False
15.63_76.79,1,15.63048,76.79227,False
18.71_78.73,1,18.71355,78.72591,False
18.71_78.82,1,18.70617,78.81624,False
18.71_79.06,1,18.7121,79.0563,False
15.63_78.53,1,15.63364,78.53398,False
18.71_79.16,1,18.71164,79.15648,False
18.71_79.37,1,18.70893,79.36793,False
18.71_79.38,1,18.71209,79.37823,False
18.71_79.39,1,18.70864,79.38552,False
18.71_79.48,1,18.71187,79.4821,False
15.63_80.2,1,15.62761,80.19601,False
18.71_79.67,1,18.71012,79.6703,False
15.64_76.68,1,15.63832,76.6835,False
18.71_80.48,1,18.70843,80.48102,False
18.71_80.49,1,18.70565,80.48518,False
18.72_73.22,1,18.71776,73.22071,False
18.72_73.63,1,18.72367,73.63235,False
18.72_74.94,1,18.72098,74.93875,False
18.72_75.32,1,18.72037,75.32211,False
18.72_75.47,1,18.72251,75.47116,False
18.72_76.38,1,18.71929,76.37981,False
18.72_76.65,1,18.71701,76.65092,False
18.72_76.7,1,18.722,76.69761,False
18.72_77.79,1,18.71875,77.79398,False
18.72_77.8,1,18.71954,77.79852,False
15.64_77.24,1,15.63507,77.24059,False
18.72_77.84,1,18.72272,77.83537,False
18.72_77.87,1,18.71757,77.86564,False
18.72_77.94,1,18.71908,77.94373,False
18.72_77.97,1,18.72441,77.97073,False
18.72_77.98,1,18.7156,77.97708,False
18.72_78.04,1,18.7178,78.03765,False
18.72_78.23,1,18.72234,78.23088,False
18.72_78.32,1,18.72285,78.315,False
18.72_78.37,1,18.72158,78.36642,False
18.72_78.41,1,18.71817,78.40734,False
18.72_78.43,1,18.71897,78.42759,False
18.72_78.48,1,18.72092,78.47975,False
18.72_78.52,1,18.71816,78.51564,False
18.72_78.61,1,18.72266,78.60867,False
18.72_78.62,1,18.71539,78.62359,False
18.72_78.63,1,18.72008,78.63202,False
18.72_78.72,1,18.7236,78.7207,False
15.64_77.25,1,15.63738,77.24918,False
15.64_77.82,1,15.63789,77.81551,False
18.72_78.76,1,18.72416,78.7586,False
18.72_79.12,1,18.7168,79.11829,False
18.72_79.36,1,18.72418,79.36493,False
15.64_78.32,1,15.63944,78.32178,False
15.64_78.34,1,15.63586,78.33642,False
18.72_79.75,1,18.71856,79.75182,False
18.72_79.84,1,18.71688,79.83733,False
18.72_80.12,1,18.71964,80.12051,False
18.72_80.37,1,18.71569,80.36571,False
18.72_80.75,1,18.71644,80.75013,False
18.73_74.84,1,18.72525,74.8366,False
18.73_74.94,1,18.73001,74.93791,False
18.73_75.07,1,18.72849,75.06575,False
18.73_77.86,1,18.7256,77.86201,False
18.73_77.88,1,18.73476,77.88147,False
18.73_77.92,1,18.72784,77.9202,False
18.73_77.93,1,18.72955,77.92608,False
18.73_77.98,1,18.72777,77.97638,False
18.73_78.09,1,18.72888,78.09254,False
18.73_78.34,1,18.73346,78.33929,False
18.73_78.44,1,18.73242,78.44483,False
18.73_78.53,1,18.73401,78.52507,False
18.73_78.68,1,18.73062,78.67883,False
18.73_78.69,1,18.73192,78.69315,False
18.73_78.7,1,18.73073,78.69571,False
15.64_78.48,1,15.64337,78.48052,False
18.73_78.75,1,18.7289,78.75197,False
18.73_78.76,1,18.72631,78.75725,False
18.73_78.79,1,18.734,78.79317,False
18.73_78.89,1,18.72959,78.89162,False
18.73_78.9,1,18.73021,78.89623,False
18.73_79.09,1,18.72949,79.09386,False
18.73_79.19,1,18.73143,79.1852,False
18.73_79.34,1,18.72938,79.34476,False
18.73_79.35,1,18.72993,79.34846,False
18.73_79.6,1,18.72656,79.59883,False
18.73_79.67,1,18.7317,79.66792,False
18.73_79.75,1,18.73274,79.75479,False
18.73_79.76,1,18.73435,79.75552,False
18.73_79.8,1,18.72708,79.79631,False
18.73_79.97,1,18.73478,79.96956,False
18.74_74.41,1,18.73882,74.40549,False
18.74_74.6,1,18.74465,74.59635,False
18.74_77.14,1,18.74233,77.14264,False
18.74_77.75,1,18.73982,77.74728,False
18.74_77.82,1,18.7423,77.8226,False
18.74_77.87,1,18.74139,77.87447,False
15.64_78.94,1,15.63804,78.94279,False
18.74_77.89,1,18.73714,77.88635,False
18.74_77.93,1,18.74314,77.9254,False
15.64_79.1,1,15.64191,79.09946,False
18.74_78.05,1,18.74048,78.05196,False
18.74_78.08,1,18.7351,78.08451,False
18.74_78.09,1,18.73622,78.09004,False
18.74_78.23,1,18.74181,78.22916,False
18.74_78.31,1,18.74088,78.3071,False
18.74_78.32,1,18.73796,78.32025,False
18.74_78.38,1,18.73892,78.37741,False
18.74_78.44,1,18.7368,78.44428,False
18.74_78.46,1,18.7436,78.45879,False
18.74_78.5,1,18.73571,78.49809,False
18.74_78.69,1,18.73534,78.69469,False
18.74_78.7,1,18.73635,78.69975,False
18.74_78.72,1,18.73573,78.71971,False
18.74_78.74,1,18.74169,78.73754,False
18.74_78.77,1,18.73919,78.77473,False
18.74_78.78,1,18.73561,78.77514,False
18.74_78.79,1,18.73899,78.79266,False
18.74_78.8,1,18.73988,78.79664,False
18.74_78.81,1,18.74427,78.80682,False
18.74_78.93,1,18.73894,78.92849,False
18.74_78.98,1,18.73682,78.9765,False
18.74_78.99,1,18.73876,78.99022,False
18.74_79.1,1,18.73635,79.09839,False
18.74_79.49,1,18.74409,79.48764,False
18.74_79.63,1,18.74394,79.63233,False
15.64_79.59,1,15.63637,79.58625,False
18.74_79.74,1,18.73917,79.7403,False
15.65_76.75,1,15.65172,76.75327,False
18.74_80.6,1,18.74001,80.60263,False
18.74_80.66,1,18.73975,80.65727,False
18.75_74.99,1,18.74714,74.98845,False
18.75_76.44,1,18.74591,76.43584,False
18.75_77.59,1,18.74706,77.58641,False
18.75_77.9,1,18.74501,77.90141,False
18.75_77.92,1,18.74903,77.91946,False
18.75_77.95,1,18.75043,77.95203,False
18.75_77.98,1,18.74548,77.98418,False
15.65_76.78,1,15.65037,76.77814,False
18.75_78.05,1,18.7542,78.05392,False
18.75_78.06,1,18.74521,78.06304,False
18.75_78.08,1,18.74992,78.07504,False
18.75_78.12,1,18.75416,78.11961,False
18.75_78.15,1,18.75163,78.15427,False
15.65_77.97,1,15.65103,77.9744,False
18.75_78.32,1,18.75314,78.32072,False
15.65_77.98,1,15.65234,77.97521,False
18.75_78.4,1,18.75009,78.40425,False
18.75_78.63,1,18.75105,78.63432,False
15.65_78.29,1,15.6546,78.28532,False
18.75_78.65,1,18.74839,78.65468,False
18.75_78.67,1,18.75107,78.67193,False
18.75_78.7,1,18.75473,78.69949,False
15.65_78.51,1,15.65215,78.50782,False
18.75_78.75,1,18.74546,78.74575,False
18.75_78.76,1,18.751,78.75532,False
18.75_78.77,1,18.74932,78.7744,False
18.75_78.78,1,18.75288,78.77827,False
18.75_78.8,1,18.74551,78.80205,False
15.65_78.53,1,15.64579,78.53136,False
18.75_78.88,1,18.74912,78.88261,False
18.75_78.93,1,18.7473,78.92729,False
18.75_79.04,1,18.74907,79.03597,False
18.75_79.08,1,18.74608,79.07837,False
15.65_79.81,1,15.64844,79.81165,False
18.75_79.74,1,18.75351,79.73846,False
18.75_79.97,1,18.75159,79.9714,False
18.76_73.29,1,18.76298,73.28828,False
18.76_77.41,1,18.75747,77.411,False
18.76_77.86,1,18.75887,77.85764,False
18.76_78.04,1,18.75595,78.04492,False
18.76_78.08,1,18.76263,78.07825,False
18.76_78.1,1,18.75878,78.10242,False
18.76_78.11,1,18.75852,78.10702,False
18.76_78.15,1,18.75929,78.14796,False
18.76_78.25,1,18.75894,78.25251,False
18.76_78.31,1,18.76187,78.30755,False
18.76_78.6,1,18.76483,78.59583,False
18.76_78.68,1,18.75603,78.67744,False
18.76_78.81,1,18.76199,78.81084,False
18.76_78.82,1,18.76478,78.81534,False
18.76_78.83,1,18.7556,78.82806,False
18.76_78.89,1,18.75615,78.89256,False
18.76_79.17,1,18.75674,79.17183,False
18.76_79.18,1,18.7553,79.18008,False
18.76_79.2,1,18.764,79.20448,False
15.66_73.87,1,15.66386,73.86859,False
18.76_79.31,1,18.76209,79.30636,False
18.76_79.55,1,18.76282,79.54796,False
18.76_79.73,1,18.75767,79.73247,False
18.76_79.74,1,18.75904,79.73757,False
18.76_79.83,1,18.75896,79.83218,False
18.76_79.84,1,18.75987,79.83738,False
18.76_80.04,1,18.76295,80.03865,False
18.77_73.16,1,18.76922,73.15549,False
18.77_73.75,1,18.77019,73.75171,False
15.66_74.42,1,15.65711,74.41613,False
18.77_76.28,1,18.76753,76.27649,False
18.77_76.9,1,18.76958,76.90422,False
18.77_77.92,1,18.76676,77.91644,False
18.77_77.96,1,18.77018,77.95864,False
18.77_77.97,1,18.76647,77.96577,False
18.77_78.04,1,18.772,78.04291,False
18.77_78.12,1,18.77244,78.1188,False
18.77_78.17,1,18.77192,78.16769,False
18.77_78.22,1,18.7695,78.22189,False
18.77_78.27,1,18.77467,78.26944,False
18.77_78.29,1,18.76794,78.2855,False
18.77_78.34,1,18.76898,78.3356,False
18.77_78.4,1,18.77055,78.40346,False
15.66_78.07,1,15.66149,78.07433,False
18.77_78.43,1,18.76691,78.43083,False
18.77_78.64,1,18.77059,78.64046,False
18.77_78.66,1,18.76747,78.66447,False
18.77_78.67,1,18.76974,78.67384,False
18.77_78.73,1,18.76866,78.73006,False
18.77_78.74,1,18.77141,78.73573,False
18.77_78.8,1,18.76835,78.79585,False
18.77_78.89,1,18.7724,78.88859,False
18.77_78.91,1,18.76725,78.90537,False
18.77_78.93,1,18.77442,78.92917,False
15.66_78.15,1,15.65907,78.14838,False
18.77_79.05,1,18.77346,79.04576,False
18.77_79.21,1,18.76503,79.20917,False
18.77_79.24,1,18.77136,79.23577,False
18.77_79.29,1,18.76813,79.29108,False
18.77_79.73,1,18.7708,79.73183,False
18.77_79.85,1,18.77389,79.85399,False
18.77_80.08,1,18.76659,80.08047,False
15.66_78.3,1,15.65824,78.2994,False
18.77_80.19,1,18.77096,80.18915,False
18.78_73.3,1,18.7821,73.30049,False
18.78_73.62,1,18.77648,73.61855,False
15.66_78.38,1,15.66494,78.37977,False
18.78_74.14,1,18.77677,74.13764,False
18.78_75.23,1,18.78084,75.22581,False
18.78_75.29,1,18.77617,75.29134,False
18.78_76.39,1,18.78283,76.38731,False
18.78_76.45,1,18.78071,76.44706,False
18.78_76.58,1,18.7761,76.5778,False
18.78_76.78,1,18.77865,76.7777,False
18.78_77.41,1,18.78437,77.41164,False
18.78_77.89,1,18.78248,77.89148,False
18.78_77.94,1,18.77917,77.93933,False
18.78_77.96,1,18.78363,77.95724,False
18.78_77.99,1,18.78366,77.98766,False
18.78_78.03,1,18.77825,78.02898,False
18.78_78.06,1,18.77574,78.06232,False
18.78_78.07,1,18.78236,78.06725,False
18.78_78.08,1,18.77666,78.08051,False
15.66_78.44,1,15.66265,78.44331,False
18.78_78.13,1,18.78311,78.13385,False
18.78_78.18,1,18.77832,78.18396,False
18.78_78.19,1,18.77987,78.19335,False
18.78_78.2,1,18.77997,78.20429,False
18.78_78.23,1,18.78178,78.23157,False
18.78_78.39,1,18.77846,78.38521,False
18.78_78.44,1,18.78099,78.44241,False
15.66_78.48,1,15.66263,78.48392,False
18.78_78.6,1,18.78386,78.60146,False
18.78_78.61,1,18.77598,78.60761,False
18.78_78.65,1,18.78114,78.65234,False
18.78_78.66,1,18.77854,78.65594,False
18.78_78.73,1,18.78233,78.72536,False
18.78_78.75,1,18.77545,78.74922,False
18.78_78.8,1,18.78352,78.8035,False
18.78_78.87,1,18.77616,78.86633,False
18.78_78.98,1,18.7808,78.98367,False
15.66_78.56,1,15.66054,78.56438,False
18.78_79.04,1,18.78368,79.03942,False
18.78_79.09,1,18.77879,79.09473,False
18.78_79.18,1,18.78455,79.1803,False
18.78_80.02,1,18.77856,80.02087,False
18.78_80.03,1,18.77949,80.02515,False
18.78_80.86,1,18.77677,80.86137,False
18.79_73.22,1,18.79404,73.22112,False
18.79_75.41,1,18.79113,75.40759,False
18.79_76.6,1,18.79342,76.59869,False
18.79_76.8,1,18.79494,76.80289,False
18.79_77.18,1,18.7906,77.18285,False
18.79_77.88,1,18.78644,77.87634,False
18.79_77.95,1,18.79421,77.95039,False
18.79_77.96,1,18.78887,77.9567,False
18.79_77.99,1,18.78582,77.99434,False
15.66_78.62,1,15.66237,78.62134,False
18.79_78.02,1,18.79143,78.01701,False
18.79_78.04,1,18.78949,78.03629,False
18.79_78.05,1,18.79108,78.04825,False
18.79_78.06,1,18.78741,78.06251,False
18.79_78.07,1,18.78871,78.06806,False
18.79_78.08,1,18.7933,78.08256,False
18.79_78.09,1,18.79392,78.08788,False
18.79_78.11,1,18.79095,78.1075,False
18.79_78.13,1,18.78637,78.13332,False
18.79_78.14,1,18.78702,78.13707,False
18.79_78.19,1,18.79486,78.1948,False
18.79_78.21,1,18.78826,78.21312,False
18.79_78.22,1,18.7892,78.21834,False
15.66_78.98,1,15.65774,78.98273,False
18.79_78.6,1,18.78816,78.60186,False
18.79_78.61,1,18.79025,78.61246,False
15.66_79.89,1,15.65822,79.88651,False
18.79_78.71,1,18.78577,78.70776,False
18.79_78.72,1,18.78567,78.7188,False
18.79_78.78,1,18.7866,78.78325,False
18.79_78.8,1,18.78809,78.8025,False
18.79_78.84,1,18.7912,78.84141,False
18.79_78.85,1,18.78652,78.8468,False
18.79_79.05,1,18.7938,79.04981,False
18.79_79.09,1,18.79472,79.08611,False
18.79_79.1,1,18.78581,79.09911,False
15.67_75.44,1,15.67225,75.442,False
18.79_79.28,1,18.78582,79.28279,False
18.79_79.3,1,18.79124,79.30067,False
18.79_79.32,1,18.78678,79.31777,False
18.79_79.41,1,18.78572,79.40832,False
18.79_79.44,1,18.79468,79.43945,False
18.79_79.69,1,18.79393,79.693,False
18.79_79.7,1,18.78561,79.69982,False
18.79_79.85,1,18.79381,79.85186,False
18.7_73.02,1,18.70312,73.02262,False
18.7_74.19,1,18.70389,74.18667,False
18.7_74.42,1,18.69736,74.4226,False
18.7_75.18,1,18.70432,75.17912,False
18.7_75.2,1,18.69702,75.20385,False
18.7_75.55,1,18.70218,75.552,False
18.7_75.64,1,18.7014,75.63796,False
18.7_75.72,1,18.70226,75.72065,False
18.7_76.83,1,18.7,76.8291,False
18.7_77.73,1,18.69511,77.73032,False
18.7_77.82,1,18.69823,77.81982,False
15.67_76.95,1,15.67127,76.95222,False
18.7_77.84,1,18.70009,77.84103,False
18.7_77.85,1,18.70316,77.85154,False
15.67_77.3,1,15.67404,77.29506,False
18.7_77.87,1,18.69906,77.86674,False
18.7_77.89,1,18.69749,77.88786,False
18.7_77.9,1,18.69687,77.89561,False
18.7_78.15,1,18.69776,78.15374,False
18.7_78.25,1,18.7009,78.25085,False
18.7_78.41,1,18.69891,78.41317,False
18.7_78.42,1,18.69735,78.41605,False
18.7_78.48,1,18.70419,78.47675,False
18.7_78.52,1,18.70311,78.51933,False
18.7_78.62,1,18.6973,78.62004,False
18.7_78.63,1,18.69931,78.63052,False
18.7_78.65,1,18.6975,78.65049,False
15.67_77.96,1,15.67169,77.95808,False
18.7_79.08,1,18.70258,79.076,False
18.7_79.12,1,18.70205,79.12476,False
18.7_79.13,1,18.70493,79.12605,False
18.7_79.15,1,18.69583,79.14568,False
18.7_79.27,1,18.69896,79.26608,False
18.7_79.28,1,18.69794,79.28324,False
18.7_79.29,1,18.69769,79.2858,False
15.67_78.38,1,15.66671,78.38168,False
18.7_79.38,1,18.70128,79.38398,False
18.7_79.39,1,18.69778,79.39056,False
18.7_79.44,1,18.6958,79.4407,False
18.7_79.45,1,18.69677,79.45238,False
18.7_79.5,1,18.69837,79.50459,False
18.7_79.52,1,18.69626,79.52312,False
18.7_79.54,1,18.6978,79.54494,False
15.67_78.39,1,15.66848,78.39064,False
18.7_79.75,1,18.70084,79.74988,False
18.7_79.76,1,18.70176,79.76358,False
18.7_79.77,1,18.70249,79.76704,False
15.67_78.43,1,15.66919,78.43125,False
18.81_75.53,1,18.8087,75.52916,False
18.81_76.3,1,18.81384,76.3023,False
18.81_76.58,1,18.80767,76.57529,False
18.81_76.71,1,18.81178,76.71001,False
18.81_77.16,1,18.80557,77.15843,False
18.81_77.21,1,18.81289,77.2056,False
15.67_78.5,1,15.66794,78.49962,False
15.67_78.55,1,15.67081,78.54877,False
18.81_77.98,1,18.80549,77.98154,False
18.81_78.03,1,18.8057,78.02861,False
18.81_78.04,1,18.80806,78.03737,False
15.67_79.03,1,15.66968,79.03384,False
18.81_78.1,1,18.80894,78.10304,False
15.67_79.08,1,15.66533,79.08035,False
18.81_78.14,1,18.80622,78.1404,False
18.81_78.18,1,18.81478,78.17869,False
18.81_78.21,1,18.81224,78.20563,False
18.81_78.27,1,18.81164,78.26955,False
18.81_78.42,1,18.80873,78.42373,False
15.67_80.24,1,15.66939,80.24091,False
18.81_78.46,1,18.81335,78.45503,False
18.81_78.47,1,18.80562,78.46947,False
18.81_78.48,1,18.80631,78.48425,False
18.81_78.49,1,18.81275,78.48794,False
18.81_78.68,1,18.80589,78.68063,False
18.81_78.69,1,18.81392,78.69016,False
18.81_78.72,1,18.80767,78.71857,False
18.81_78.75,1,18.80523,78.75186,False
18.81_78.76,1,18.80568,78.76463,False
18.81_78.79,1,18.81416,78.7878,False
18.81_78.82,1,18.81276,78.82011,False
18.81_78.85,1,18.81128,78.85307,False
18.81_78.87,1,18.80878,78.87019,False
18.81_78.96,1,18.81216,78.95692,False
18.81_78.98,1,18.81179,78.9826,False
18.81_78.99,1,18.81134,78.98998,False
18.81_79.04,1,18.80551,79.0444,False
18.81_79.05,1,18.81053,79.04805,False
18.81_79.07,1,18.80509,79.06753,False
18.81_79.13,1,18.81191,79.13452,False
15.68_73.99,1,15.67545,73.99226,False
18.81_79.18,1,18.81169,79.17633,False
18.81_79.2,1,18.80825,79.20187,False
15.68_75.16,1,15.67894,75.16337,False
15.68_77.17,1,15.68474,77.17397,False
18.81_79.57,1,18.81101,79.56738,False
18.81_79.83,1,18.80726,79.82954,False
15.68_77.18,1,15.68356,77.17587,False
18.81_80.03,1,18.80831,80.03427,False
15.68_78.38,1,15.67526,78.37572,False
15.68_78.52,1,15.67799,78.52078,False
18.81_80.77,1,18.81499,80.77313,False
18.82_73.65,1,18.81507,73.65377,False
18.82_74.82,1,18.82254,74.82092,False
18.82_74.85,1,18.8243,74.84789,False
18.82_76.47,1,18.8231,76.4677,False
18.82_76.57,1,18.82337,76.57148,False
18.82_76.81,1,18.8216,76.80796,False
18.82_77.44,1,18.81522,77.44068,False
18.82_77.89,1,18.81986,77.89484,False
15.68_79.12,1,15.67846,79.11977,False
18.82_78.0,1,18.81947,78.00214,False
18.82_78.02,1,18.82134,78.02472,False
18.82_78.04,1,18.81905,78.04089,False
15.68_79.89,1,15.67933,79.88744,False
18.82_78.09,1,18.81632,78.0898,False
18.82_78.12,1,18.8162,78.11564,False
18.82_78.16,1,18.82094,78.16484,False
18.82_78.19,1,18.82268,78.18524,False
18.82_78.21,1,18.81615,78.21092,False
18.82_78.22,1,18.81711,78.21761,False
18.82_78.26,1,18.81972,78.26312,False
18.82_78.27,1,18.82388,78.26643,False
18.82_78.29,1,18.8246,78.29118,False
18.82_78.3,1,18.81811,78.30244,False
15.68_80.12,1,15.68076,80.11567,False
18.82_78.34,1,18.81956,78.3421,False
18.82_78.39,1,18.81649,78.38909,False
18.82_78.44,1,18.8156,78.43914,False
15.69_74.46,1,15.68987,74.46356,False
18.82_78.58,1,18.8211,78.58202,False
15.69_76.36,1,15.69355,76.36053,False
18.82_78.66,1,18.81959,78.66114,False
18.82_78.76,1,18.81621,78.76234,False
18.82_78.83,1,18.8237,78.82919,False
18.82_78.85,1,18.82185,78.85147,False
18.82_78.86,1,18.81876,78.85662,False
18.82_78.87,1,18.82377,78.87019,False
18.82_78.89,1,18.82444,78.89313,False
18.82_78.9,1,18.82054,78.89507,False
18.82_78.92,1,18.82207,78.91762,False
15.69_77.97,1,15.68831,77.97413,False
18.82_78.97,1,18.82187,78.96922,False
18.82_79.01,1,18.81504,79.00975,False
18.82_79.02,1,18.81912,79.01977,False
18.82_79.09,1,18.81708,79.09209,False
18.82_79.14,1,18.81591,79.14176,False
18.82_79.15,1,18.82475,79.14775,False
18.82_79.25,1,18.819,79.25397,False
18.82_79.26,1,18.81943,79.25817,False
18.82_79.67,1,18.81842,79.66987,False
18.82_79.7,1,18.8201,79.70383,False
15.69_78.04,1,15.69085,78.04185,False
18.82_79.76,1,18.82472,79.76452,False
18.82_80.05,1,18.82245,80.04765,False
18.82_80.06,1,18.82138,80.05531,False
18.82_80.23,1,18.81531,80.22626,False
18.82_80.77,1,18.81545,80.76836,False
18.83_73.37,1,18.82562,73.36814,False
18.83_73.62,1,18.82886,73.61597,False
18.83_73.86,1,18.82716,73.86366,False
18.83_75.18,1,18.82761,75.1833,False
18.83_76.82,1,18.82655,76.82127,False
18.83_76.92,1,18.83325,76.92416,False
18.83_77.96,1,18.82573,77.95701,False
18.83_78.07,1,18.8341,78.07004,False
18.83_78.16,1,18.83392,78.16009,False
18.83_78.17,1,18.83261,78.16506,False
15.69_78.13,1,15.69321,78.13429,False
18.83_78.23,1,18.83101,78.2261,False
15.69_78.62,1,15.69347,78.61572,False
18.83_78.3,1,18.82659,78.30412,False
18.83_78.34,1,18.83457,78.33862,False
18.83_78.62,1,18.83339,78.6205,False
18.83_78.63,1,18.83115,78.62785,False
18.83_78.67,1,18.82528,78.66737,False
18.83_78.69,1,18.83092,78.6912,False
18.83_78.7,1,18.83185,78.69862,False
18.83_78.84,1,18.8335,78.83522,False
15.69_78.83,1,15.6881,78.83037,False
18.83_78.88,1,18.82828,78.87516,False
18.83_78.92,1,18.82578,78.91708,False
18.83_78.94,1,18.8278,78.94237,False
18.83_78.95,1,18.83141,78.9465,False
18.83_78.96,1,18.82737,78.95776,False
18.83_78.98,1,18.83177,78.97571,False
18.83_79.07,1,18.8287,79.07287,False
15.69_79.0,1,15.69433,79.0016,False
18.83_79.15,1,18.8253,79.15144,False
18.83_79.33,1,18.83453,79.33064,False
18.83_79.67,1,18.82991,79.66778,False
18.83_79.76,1,18.82575,79.76001,False
18.83_80.0,1,18.82899,80.00474,False
18.83_80.06,1,18.82535,80.05849,False
18.84_73.08,1,18.8404,73.08324,False
18.84_73.09,1,18.84118,73.08772,False
18.84_74.39,1,18.83791,74.39138,False
18.84_75.71,1,18.83664,75.7145,False
18.84_76.82,1,18.83698,76.81718,False
18.84_77.01,1,18.84465,77.0065,False
18.84_77.09,1,18.84412,77.08635,False
18.84_77.41,1,18.84439,77.41384,False
18.84_78.0,1,18.84328,78.00248,False
18.84_78.04,1,18.84136,78.04131,False
18.84_78.08,1,18.83508,78.07536,False
18.84_78.11,1,18.83701,78.10799,False
18.84_78.13,1,18.83736,78.1311,False
18.84_78.14,1,18.83892,78.14044,False
18.84_78.21,1,18.8436,78.21411,False
15.69_79.49,1,15.68826,79.48902,False
18.84_78.24,1,18.84237,78.24197,False
18.84_78.25,1,18.83656,78.25362,False
18.84_78.26,1,18.83712,78.25726,False
15.69_79.65,1,15.69098,79.64795,False
18.84_78.3,1,18.84477,78.29898,False
18.84_78.44,1,18.84151,78.44379,False
18.84_78.45,1,18.84436,78.44797,False
18.84_78.64,1,18.83721,78.6443,False
18.84_78.65,1,18.83807,78.64838,False
18.84_78.76,1,18.84206,78.76132,False
15.69_79.67,1,15.68988,79.66732,False
18.84_78.86,1,18.8382,78.86372,False
18.84_78.92,1,18.84325,78.91801,False
15.69_79.7,1,15.68668,79.70411,False
18.84_78.94,1,18.83718,78.94212,False
18.84_79.02,1,18.83892,79.01698,False
18.84_79.06,1,18.84363,79.06485,False
18.84_79.09,1,18.84217,79.08665,False
15.6_76.47,1,15.60258,76.46638,False
18.84_79.25,1,18.8396,79.25076,False
18.84_79.53,1,18.83594,79.5264,False
18.84_79.9,1,18.83964,79.90421,False
18.84_79.91,1,18.84149,79.90772,False
18.84_79.98,1,18.84314,79.97732,False
18.84_79.99,1,18.84438,79.9886,False
18.84_80.38,1,18.8444,80.38373,False
18.84_80.39,1,18.84307,80.38591,False
18.85_73.14,1,18.85156,73.13522,False
18.85_74.94,1,18.85166,74.93758,False
18.85_76.64,1,18.84941,76.64332,False
18.85_77.4,1,18.85464,77.40334,False
18.85_77.93,1,18.8503,77.93444,False
18.85_77.95,1,18.84889,77.95387,False
18.85_77.98,1,18.85495,77.98285,False
15.6_76.78,1,15.60006,76.77705,False
15.6_78.51,1,15.60329,78.50994,False
18.85_78.1,1,18.85145,78.09811,False
18.85_78.16,1,18.84974,78.16055,False
18.85_78.24,1,18.84802,78.24091,False
18.85_78.25,1,18.84864,78.24636,False
18.85_78.3,1,18.85358,78.30183,False
18.85_78.32,1,18.84761,78.31944,False
18.85_78.4,1,18.85286,78.40431,False
18.85_78.42,1,18.85104,78.41804,False
18.85_78.45,1,18.85179,78.44808,False
18.85_78.67,1,18.84917,78.67345,False
18.85_78.69,1,18.84562,78.69077,False
18.85_78.73,1,18.84704,78.73179,False
18.85_78.77,1,18.84684,78.7732,False
18.85_78.78,1,18.8477,78.78392,False
15.6_78.59,1,15.60095,78.59185,False
15.6_79.62,1,15.60291,79.61507,False
15.6_79.87,1,15.60485,79.8672,False
18.85_78.95,1,18.85435,78.94507,False
18.85_79.05,1,18.85333,79.0498,False
18.85_79.06,1,18.84614,79.05799,False
18.85_79.08,1,18.84634,79.0808,False
18.85_79.16,1,18.85218,79.16309,False
18.85_79.24,1,18.84966,79.24452,False
18.85_79.25,1,18.84503,79.2495,False
15.71_74.05,1,15.71305,74.04949,False
18.85_79.36,1,18.85291,79.36285,False
18.85_80.03,1,18.85187,80.03372,False
18.85_80.07,1,18.8478,80.07288,False
18.85_80.08,1,18.84575,80.07721,False
18.85_80.24,1,18.85152,80.24019,False
18.86_72.92,1,18.85814,72.9247,False
15.71_76.65,1,15.71394,76.64983,False
18.86_73.45,1,18.86267,73.45343,False
18.86_74.75,1,18.85643,74.74941,False
18.86_76.34,1,18.85565,76.3404,False
18.86_77.6,1,18.86208,77.60233,False
18.86_77.92,1,18.86347,77.92494,False
18.86_77.93,1,18.86016,77.92551,False
18.86_77.98,1,18.8559,77.97594,False
15.71_76.86,1,15.70724,76.86427,False
18.86_78.03,1,18.8609,78.02675,False
15.71_78.0,1,15.70728,78.00144,False
18.86_78.06,1,18.85905,78.06458,False
15.71_78.16,1,15.71304,78.1596,False
18.86_78.12,1,18.85789,78.11593,False
18.86_78.14,1,18.86086,78.14458,False
18.86_78.15,1,18.86293,78.14612,False
18.86_78.17,1,18.85784,78.17117,False
18.86_78.22,1,18.86194,78.22327,False
18.86_78.24,1,18.85693,78.245,False
15.71_78.43,1,15.71177,78.42506,False
18.86_78.26,1,18.86033,78.25705,False
18.86_78.28,1,18.86061,78.27936,False
18.86_78.31,1,18.85896,78.31431,False
18.86_78.36,1,18.85622,78.35758,False
15.71_78.47,1,15.7075,78.46739,False
15.71_78.52,1,15.70948,78.51503,False
18.86_78.5,1,18.85662,78.49596,False
18.86_78.69,1,18.85892,78.69498,False
18.86_78.7,1,18.85856,78.69827,False
15.71_78.6,1,15.70667,78.59513,False
18.86_78.76,1,18.85789,78.75628,False
15.71_78.81,1,15.7079,78.81205,False
18.86_78.8,1,18.85726,78.80461,False
18.86_78.89,1,18.86103,78.89457,False
15.71_78.82,1,15.71178,78.82063,False
18.86_78.98,1,18.86457,78.97613,False
18.86_78.99,1,18.85707,78.98938,False
15.71_78.92,1,15.71186,78.92293,False
18.86_79.02,1,18.85819,79.01709,False
15.71_79.0,1,15.71463,79.00229,False
18.86_79.17,1,18.86386,79.17365,False
18.86_79.37,1,18.85828,79.36567,False
18.86_79.68,1,18.85896,79.67615,False
18.86_79.99,1,18.85781,79.99391,False
18.86_80.02,1,18.85998,80.01849,False
18.86_80.05,1,18.8625,80.0491,False
18.86_80.06,1,18.8634,80.06021,False
18.86_80.2,1,18.85674,80.1954,False
18.87_73.49,1,18.86642,73.4912,False
18.87_73.77,1,18.86763,73.7683,False
18.87_73.81,1,18.86819,73.81477,False
18.87_74.18,1,18.8654,74.17831,False
18.87_74.23,1,18.87473,74.22541,False
18.87_74.59,1,18.86875,74.59395,False
18.87_74.78,1,18.86824,74.77612,False
18.87_77.94,1,18.87274,77.94136,False
18.87_77.97,1,18.86521,77.97024,False
18.87_77.98,1,18.87427,77.98499,False
18.87_78.0,1,18.86675,78.00268,False
15.72_73.84,1,15.71769,73.8408,False
15.72_74.05,1,15.71636,74.04895,False
18.87_78.03,1,18.8723,78.02744,False
18.87_78.05,1,18.86758,78.05231,False
18.87_78.14,1,18.87159,78.13746,False
15.72_75.11,1,15.72109,75.10695,False
18.87_78.44,1,18.87446,78.43831,False
15.72_76.65,1,15.72402,76.64754,False
18.87_78.71,1,18.87297,78.70789,False
18.87_78.72,1,18.87304,78.7208,False
15.72_77.69,1,15.7203,77.68864,False
18.87_78.88,1,18.8705,78.88428,False
18.87_78.89,1,18.86576,78.88942,False
18.87_78.9,1,18.86742,78.89725,False
18.87_78.91,1,18.87273,78.91152,False
18.87_78.95,1,18.87147,78.94875,False
18.87_78.96,1,18.87207,78.9643,False
18.87_79.01,1,18.87027,79.0099,False
18.87_79.13,1,18.86804,79.12695,False
15.72_78.08,1,15.716,78.07964,False
18.87_79.17,1,18.86584,79.1664,False
18.87_79.52,1,18.8669,79.51788,False
18.87_79.91,1,18.86789,79.91084,False
18.87_79.99,1,18.87479,79.98723,False
18.87_80.01,1,18.86591,80.01078,False
18.88_73.2,1,18.8835,73.19842,False
18.88_75.07,1,18.88346,75.07438,False
18.88_75.24,1,18.88126,75.2368,False
18.88_75.25,1,18.88466,75.24916,False
18.88_76.28,1,18.88495,76.27989,False
18.88_76.45,1,18.87532,76.4536,False
18.88_77.93,1,18.88141,77.92751,False
18.88_78.07,1,18.87503,78.06792,False
18.88_78.08,1,18.88234,78.07523,False
18.88_78.11,1,18.88452,78.10839,False
18.88_78.3,1,18.87671,78.29803,False
18.88_78.32,1,18.87672,78.32249,False
18.88_78.33,1,18.87971,78.32735,False
18.88_78.35,1,18.88333,78.34989,False
18.88_78.47,1,18.88146,78.46558,False
15.72_78.66,1,15.71936,78.65694,False
18.88_78.66,1,18.88218,78.65501,False
18.88_78.68,1,18.87716,78.68072,False
18.88_78.69,1,18.8832,78.68552,False
18.88_78.7,1,18.87819,78.70316,False
15.72_79.0,1,15.71861,79.00274,False
18.88_78.73,1,18.87501,78.7307,False
18.88_78.79,1,18.87995,78.7927,False
18.88_78.82,1,18.87683,78.81539,False
18.88_78.85,1,18.87862,78.85314,False
18.88_78.87,1,18.87626,78.87174,False
18.88_78.95,1,18.87652,78.94813,False
18.88_79.0,1,18.87686,78.99789,False
15.72_80.08,1,15.71978,80.07578,False
18.88_79.18,1,18.8821,79.17999,False
18.88_79.23,1,18.88356,79.22932,False
18.88_79.5,1,18.8782,79.49689,False
18.88_79.76,1,18.8813,79.7551,False
18.88_79.8,1,18.87718,79.8006,False
18.89_73.21,1,18.8877,73.20856,False
18.89_73.52,1,18.89186,73.51859,False
18.89_75.61,1,18.89364,75.6102,False
18.89_75.96,1,18.89048,75.96122,False
18.89_76.18,1,18.88653,76.18214,False
18.89_76.9,1,18.88534,76.9024,False
18.89_78.16,1,18.8946,78.15656,False
18.89_78.17,1,18.88729,78.17466,False
18.89_78.2,1,18.89295,78.19781,False
18.89_78.26,1,18.89411,78.26478,False
18.89_78.27,1,18.88612,78.26815,False
18.89_78.28,1,18.88989,78.28036,False
18.89_78.29,1,18.89289,78.28526,False
18.89_78.35,1,18.89479,78.34922,False
15.73_77.66,1,15.72613,77.66486,False
18.89_78.38,1,18.89339,78.37527,False
18.89_78.39,1,18.88627,78.38529,False
18.89_78.43,1,18.88918,78.43185,False
18.89_78.47,1,18.89004,78.46912,False
18.89_78.5,1,18.88549,78.50327,False
15.73_78.43,1,15.73489,78.43468,False
18.89_78.66,1,18.89189,78.65694,False
18.89_78.68,1,18.89082,78.6794,False
15.73_78.53,1,15.72935,78.52863,False
18.89_78.95,1,18.89418,78.94962,False
18.89_78.96,1,18.89085,78.95869,False
18.89_79.09,1,18.88698,79.08568,False
15.73_78.54,1,15.73449,78.54195,False
18.89_79.13,1,18.89226,79.12806,False
18.89_79.14,1,18.88987,79.13697,False
18.89_79.62,1,18.88647,79.61546,False
18.89_79.99,1,18.89371,79.98831,False
18.89_80.39,1,18.89451,80.38864,False
18.8_73.22,1,18.79739,73.22052,False
18.8_73.34,1,18.80391,73.33894,False
18.8_73.67,1,18.79964,73.66809,False
18.8_73.72,1,18.79648,73.7185,False
18.8_73.99,1,18.79689,73.99279,False
18.8_74.25,1,18.8016,74.25277,False
15.73_78.81,1,15.72506,78.81363,False
18.8_74.67,1,18.79783,74.66886,False
18.8_75.28,1,18.79525,75.28396,False
18.8_75.5,1,18.79513,75.50325,False
18.8_75.83,1,18.80191,75.82594,False
18.8_76.63,1,18.79756,76.62682,False
18.8_77.2,1,18.8027,77.2025,False
18.8_77.21,1,18.80335,77.20566,False
18.8_77.93,1,18.80096,77.93356,False
18.8_77.96,1,18.80391,77.95851,False
18.8_77.98,1,18.80326,77.97906,False
15.73_78.82,1,15.72546,78.82404,False
15.73_79.72,1,15.73282,79.72244,False
18.8_78.03,1,18.79972,78.02939,False
15.73_79.79,1,15.72778,79.78886,False
18.8_78.07,1,18.79525,78.07119,False
18.8_78.08,1,18.8006,78.08084,False
18.8_78.09,1,18.79508,78.08932,False
18.8_78.16,1,18.80283,78.1641,False
18.8_78.17,1,18.80253,78.16945,False
18.8_78.18,1,18.80215,78.17783,False
18.8_78.21,1,18.79541,78.21398,False
18.8_78.43,1,18.80354,78.42755,False
15.74_73.98,1,15.74212,73.9799,False
18.8_78.53,1,18.8037,78.53226,False
18.8_78.58,1,18.79512,78.57666,False
18.8_78.64,1,18.80307,78.64328,False
18.8_78.65,1,18.79778,78.65468,False
18.8_78.67,1,18.79672,78.67074,False
15.74_76.87,1,15.73965,76.86564,False
18.8_78.69,1,18.7971,78.6934,False
18.8_78.73,1,18.7968,78.72959,False
18.8_78.75,1,18.80009,78.74676,False
18.8_78.88,1,18.79935,78.87595,False
18.8_78.95,1,18.79835,78.94918,False
18.8_78.97,1,18.80191,78.97112,False
18.8_79.04,1,18.80038,79.03625,False
18.8_79.22,1,18.79854,79.21768,False
18.8_79.26,1,18.80332,79.25909,False
18.8_79.28,1,18.80055,79.27823,False
18.8_79.29,1,18.79523,79.28819,False
15.74_78.14,1,15.73507,78.14024,False
18.8_79.72,1,18.7995,79.71591,False
18.8_79.82,1,18.8008,79.82226,False
18.8_80.13,1,18.7957,80.12765,False
18.8_80.25,1,18.80182,80.24795,False
18.8_80.34,1,18.79525,80.34467,False
18.91_73.24,1,18.90815,73.24046,False
18.91_73.3,1,18.91372,73.30013,False
18.91_73.38,1,18.91153,73.38262,False
18.91_73.53,1,18.91488,73.52866,False
18.91_73.64,1,18.91045,73.63637,False
18.91_73.76,1,18.91175,73.76253,False
18.91_74.22,1,18.91246,74.21832,False
18.91_75.18,1,18.90788,75.18399,False
18.91_75.23,1,18.90667,75.22807,False
18.91_76.27,1,18.90932,76.27313,False
18.91_78.0,1,18.91081,78.00271,False
18.91_78.11,1,18.90564,78.10517,False
18.91_78.36,1,18.90773,78.36102,False
18.91_78.43,1,18.91286,78.4324,False
18.91_78.45,1,18.9123,78.451,False
18.91_78.48,1,18.91475,78.47858,False
18.91_78.5,1,18.90516,78.50162,False
18.91_78.91,1,18.90567,78.9071,False
18.91_79.04,1,18.90817,79.04395,False
15.74_78.54,1,15.74308,78.53851,False
18.91_79.08,1,18.90724,79.08408,False
18.91_79.48,1,18.91308,79.47847,False
18.91_79.62,1,18.91057,79.62373,False
18.91_79.85,1,18.9094,79.84809,False
18.92_73.49,1,18.91696,73.49241,False
18.92_73.76,1,18.918,73.75787,False
18.92_74.36,1,18.91679,74.36283,False
18.92_74.85,1,18.92033,74.85143,False
18.92_74.91,1,18.91706,74.90578,False
18.92_75.05,1,18.92409,75.04595,False
18.92_75.97,1,18.92043,75.9716,False
18.92_76.2,1,18.92215,76.20311,False
18.92_76.21,1,18.91991,76.21216,False
18.92_78.1,1,18.91799,78.09565,False
18.92_78.11,1,18.92184,78.10516,False
18.92_78.17,1,18.92229,78.17496,False
18.92_78.19,1,18.91681,78.19004,False
18.92_78.24,1,18.92084,78.24306,False
18.92_78.25,1,18.92305,78.24632,False
15.74_79.74,1,15.73681,79.73532,False
18.92_78.43,1,18.9159,78.42745,False
15.74_79.75,1,15.74237,79.7478,False
18.92_78.45,1,18.91627,78.45045,False
18.92_78.5,1,18.9162,78.49841,False
18.92_78.52,1,18.92118,78.52487,False
18.92_78.53,1,18.92157,78.52597,False
18.92_78.79,1,18.92055,78.79482,False
18.92_78.8,1,18.91725,78.79763,False
18.92_78.83,1,18.91839,78.83445,False
18.92_79.09,1,18.91546,79.09323,False
18.92_79.11,1,18.91532,79.10642,False
18.92_79.43,1,18.91813,79.43327,False
18.92_79.72,1,18.92375,79.72292,False
18.93_73.51,1,18.93242,73.50623,False
18.93_73.56,1,18.92953,73.56324,False
18.93_73.57,1,18.92649,73.56647,False
18.93_73.6,1,18.92779,73.59748,False
18.93_73.69,1,18.93188,73.69341,False
18.93_74.32,1,18.92534,74.32251,False
18.93_75.56,1,18.92598,75.55527,False
18.93_77.99,1,18.92591,77.98589,False
18.93_78.06,1,18.92925,78.05901,False
15.74_80.01,1,15.73647,80.01352,False
18.93_78.12,1,18.9327,78.12302,False
18.93_78.15,1,18.93073,78.15468,False
18.93_78.16,1,18.92682,78.15547,False
18.93_78.45,1,18.93088,78.44534,False
18.93_78.68,1,18.93177,78.68343,False
15.75_75.87,1,15.74757,75.86563,False
18.93_78.8,1,18.92745,78.79945,False
18.93_78.83,1,18.93402,78.83401,False
18.93_78.91,1,18.93457,78.91179,False
18.93_78.92,1,18.93007,78.91852,False
15.75_77.68,1,15.7478,77.67576,False
18.93_79.0,1,18.93464,79.00126,False
18.93_79.08,1,18.93246,79.08411,False
15.75_78.38,1,15.75174,78.37655,False
18.93_79.82,1,18.93153,79.82255,False
18.93_80.65,1,18.92757,80.65243,False
18.94_73.43,1,18.94209,73.43398,False
18.94_73.5,1,18.93517,73.50205,False
18.94_73.51,1,18.93572,73.50568,False
18.94_73.52,1,18.93986,73.52161,False
18.94_73.59,1,18.93708,73.59247,False
18.94_73.75,1,18.93992,73.74866,False
18.94_74.45,1,18.93758,74.45029,False
18.94_74.48,1,18.94083,74.47507,False
18.94_74.95,1,18.93809,74.95442,False
18.94_75.5,1,18.94439,75.49946,False
18.94_77.78,1,18.94012,77.78414,False
15.75_78.85,1,15.75183,78.84815,False
18.94_77.96,1,18.93559,77.95929,False
18.94_77.98,1,18.94091,77.98148,False
18.94_78.0,1,18.94287,77.99562,False
18.94_78.03,1,18.94253,78.03299,False
18.94_78.43,1,18.94244,78.4325,False
18.94_78.44,1,18.93941,78.43746,False
18.94_78.45,1,18.94422,78.44575,False
18.94_78.49,1,18.93503,78.48771,False
18.94_78.78,1,18.94177,78.78436,False
18.94_78.79,1,18.9387,78.78947,False
18.94_78.83,1,18.9373,78.83321,False
18.94_78.91,1,18.93789,78.91238,False
18.94_78.93,1,18.94273,78.92518,False
18.94_78.96,1,18.93746,78.95755,False
18.94_78.97,1,18.9382,78.97131,False
18.94_79.13,1,18.93725,79.12797,False
18.94_79.14,1,18.94258,79.13666,False
18.94_79.15,1,18.94472,79.14935,False
18.94_79.36,1,18.93634,79.36203,False
18.94_79.48,1,18.94281,79.47546,False
18.94_79.58,1,18.9403,79.57826,False
18.94_79.66,1,18.93843,79.65678,False
18.95_73.2,1,18.94923,73.19997,False
18.95_73.22,1,18.94567,73.21758,False
18.95_73.27,1,18.95372,73.26902,False
18.95_73.47,1,18.94781,73.4651,False
18.95_73.49,1,18.95005,73.4929,False
18.95_74.76,1,18.94838,74.76168,False
18.95_74.95,1,18.94618,74.9492,False
18.95_75.04,1,18.94535,75.0414,False
18.95_75.5,1,18.94523,75.50327,False
18.95_76.07,1,18.9483,76.07449,False
18.95_76.84,1,18.95095,76.84359,False
18.95_77.49,1,18.94621,77.49352,False
18.95_77.5,1,18.94937,77.50026,False
15.75_78.94,1,15.75347,78.94216,False
18.95_77.95,1,18.94678,77.94512,False
18.95_78.02,1,18.95462,78.01683,False
18.95_78.05,1,18.94682,78.04752,False
18.95_78.19,1,18.94876,78.19242,False
18.95_78.42,1,18.94579,78.42271,False
18.95_78.43,1,18.94507,78.42516,False
18.95_78.44,1,18.94725,78.44079,False
18.95_78.45,1,18.94785,78.44521,False
18.95_78.46,1,18.94996,78.45689,False
18.95_78.82,1,18.95357,78.8223,False
18.95_78.86,1,18.95003,78.86096,False
18.95_78.87,1,18.95473,78.87422,False
15.75_79.29,1,15.75491,79.28812,False
15.75_79.64,1,15.7506,79.6418,False
18.95_79.14,1,18.95073,79.14452,False
18.95_79.15,1,18.94505,79.15248,False
15.75_79.87,1,15.75026,79.87086,False
18.95_79.83,1,18.94604,79.8284,False
18.96_73.3,1,18.95825,73.29826,False
15.75_79.89,1,15.75195,79.89175,False
18.96_74.71,1,18.96486,74.71198,False
18.96_75.68,1,18.95934,75.68145,False
18.96_76.21,1,18.9604,76.21024,False
15.75_79.91,1,15.75314,79.90514,False
18.96_76.44,1,18.95904,76.43501,False
18.96_77.89,1,18.95538,77.89054,False
18.96_78.01,1,18.9605,78.01289,False
18.96_78.08,1,18.95743,78.08206,False
18.96_78.21,1,18.9576,78.20621,False
18.96_78.23,1,18.9598,78.23283,False
18.96_78.41,1,18.9568,78.41086,False
18.96_78.53,1,18.95918,78.52951,False
18.96_78.61,1,18.96098,78.61092,False
18.96_78.78,1,18.95968,78.7785,False
18.96_78.79,1,18.96342,78.7938,False
15.75_80.02,1,15.74877,80.01529,False
15.75_80.09,1,15.74635,80.09156,False
18.96_78.89,1,18.96126,78.88616,False
18.96_78.94,1,18.9556,78.93661,False
18.96_79.14,1,18.95907,79.1396,False
18.96_79.15,1,18.96366,79.15315,False
18.96_79.51,1,18.95684,79.51381,False
18.96_79.78,1,18.96318,79.78368,False
18.96_79.8,1,18.95508,79.80445,False
18.96_79.81,1,18.96283,79.80911,False
18.96_79.99,1,18.96076,79.99075,False
18.96_80.75,1,18.96296,80.74707,False
18.97_73.16,1,18.97432,73.16238,False
15.76_77.18,1,15.7556,77.17835,False
18.97_77.31,1,18.9714,77.31105,False
18.97_77.6,1,18.97226,77.59727,False
18.97_78.04,1,18.97019,78.04124,False
18.97_78.05,1,18.96896,78.04989,False
18.97_78.1,1,18.97108,78.09521,False
18.97_78.17,1,18.97206,78.17171,False
18.97_78.39,1,18.96777,78.38615,False
18.97_78.52,1,18.97453,78.52037,False
15.76_78.47,1,15.76209,78.47075,False
18.97_78.88,1,18.96601,78.87932,False
18.97_78.96,1,18.97,78.95997,False
18.97_79.14,1,18.9658,79.1447,False
18.97_79.15,1,18.96661,79.14848,False
15.76_78.81,1,15.761,78.81293,False
18.97_79.21,1,18.97141,79.20597,False
18.97_79.43,1,18.96608,79.43134,False
18.97_79.7,1,18.97328,79.70395,False
18.97_79.79,1,18.97174,79.78842,False
15.76_78.82,1,15.76187,78.81648,False
18.98_73.32,1,18.97592,73.31618,False
18.98_73.51,1,18.98405,73.50747,False
18.98_73.64,1,18.97916,73.64085,False
18.98_74.27,1,18.98252,74.26785,False
18.98_74.69,1,18.9839,74.68617,False
18.98_74.95,1,18.97573,74.94666,False
18.98_75.43,1,18.98198,75.42586,False
18.98_76.76,1,18.98473,76.76408,False
18.98_77.69,1,18.97924,77.68626,False
18.98_77.97,1,18.97956,77.97415,False
18.98_77.98,1,18.97519,77.97506,False
18.98_78.04,1,18.98439,78.04362,False
18.98_78.06,1,18.98459,78.05677,False
18.98_78.24,1,18.98306,78.24413,False
18.98_78.25,1,18.98286,78.24564,False
18.98_78.37,1,18.98439,78.37055,False
18.98_78.74,1,18.97896,78.74046,False
18.98_78.85,1,18.98021,78.85148,False
18.98_78.87,1,18.97921,78.87154,False
15.76_79.09,1,15.76487,79.08978,False
18.98_79.11,1,18.97821,79.10501,False
18.98_79.2,1,18.98475,79.1995,False
18.98_79.21,1,18.98056,79.21468,False
15.76_79.53,1,15.75786,79.53277,False
18.98_79.44,1,18.98012,79.4363,False
18.98_79.45,1,18.98182,79.44881,False
18.98_79.65,1,18.98364,79.65182,False
15.76_79.58,1,15.76171,79.57779,False
18.98_79.86,1,18.98439,79.85697,False
18.98_80.54,1,18.98217,80.53884,False
18.99_73.89,1,18.98964,73.89275,False
18.99_73.9,1,18.98987,73.90162,False
18.99_74.69,1,18.98788,74.68539,False
18.99_75.1,1,18.99074,75.10454,False
18.99_75.71,1,18.99027,75.70593,False
18.99_75.87,1,18.99454,75.8671,False
18.99_76.9,1,18.99263,76.8991,False
18.99_77.96,1,18.9884,77.95951,False
18.99_77.97,1,18.99149,77.96797,False
18.99_77.98,1,18.98901,77.98264,False
18.99_77.99,1,18.98604,77.9874,False
18.99_78.0,1,18.98887,77.99797,False
18.99_78.01,1,18.99373,78.01436,False
18.99_78.02,1,18.98927,78.01793,False
18.99_78.38,1,18.98782,78.38206,False
18.99_78.4,1,18.99336,78.40074,False
18.99_78.47,1,18.99046,78.46755,False
18.99_78.55,1,18.99137,78.55271,False
18.99_78.67,1,18.99323,78.67307,False
18.99_78.88,1,18.99365,78.87659,False
18.99_78.9,1,18.99083,78.9006,False
18.99_78.99,1,18.98959,78.98662,False
18.99_79.11,1,18.98889,79.10585,False
18.99_79.14,1,18.98623,79.13941,False
18.99_79.15,1,18.98806,79.14883,False
15.76_79.63,1,15.75763,79.62554,False
18.99_79.44,1,18.98831,79.44356,False
18.99_79.45,1,18.98535,79.44827,False
18.99_79.73,1,18.99464,79.72529,False
18.99_79.86,1,18.98581,79.85791,False
18.99_79.98,1,18.98741,79.98264,False
18.99_79.99,1,18.98511,79.99085,False
18.9_73.35,1,18.9046,73.34704,False
18.9_73.52,1,18.8962,73.51808,False
18.9_73.92,1,18.90216,73.92313,False
18.9_74.44,1,18.89854,74.44353,False
18.9_74.8,1,18.90054,74.80222,False
18.9_75.98,1,18.90057,75.97836,False
18.9_76.2,1,18.90289,76.19767,False
18.9_76.7,1,18.89773,76.69743,False
18.9_77.22,1,18.89619,77.22441,False
18.9_77.23,1,18.896,77.22723,False
18.9_77.25,1,18.90264,77.24844,False
18.9_77.66,1,18.90097,77.66139,False
18.9_77.67,1,18.90327,77.66576,False
18.9_77.98,1,18.90302,77.97984,False
18.9_78.18,1,18.90033,78.17971,False
18.9_78.19,1,18.90332,78.18581,False
18.9_78.2,1,18.89685,78.19728,False
18.9_78.21,1,18.90109,78.21294,False
18.9_78.26,1,18.89985,78.26186,False
15.76_79.81,1,15.75775,79.81496,False
15.76_79.89,1,15.75648,79.89086,False
18.9_78.36,1,18.89507,78.35508,False
18.9_78.45,1,18.89815,78.44952,False
18.9_78.51,1,18.89858,78.50773,False
18.9_78.66,1,18.89622,78.6601,False
18.9_78.78,1,18.90457,78.78374,False
18.9_78.95,1,18.89777,78.95145,False
18.9_78.98,1,18.89549,78.98185,False
18.9_79.04,1,18.90442,79.0445,False
18.9_79.05,1,18.90126,79.05117,False
18.9_79.06,1,18.90466,79.05654,False
18.9_79.13,1,18.89602,79.12755,False
18.9_79.14,1,18.89786,79.13583,False
18.9_79.61,1,18.89576,79.61156,False
18.9_79.66,1,18.89706,79.66381,False
18.9_79.67,1,18.9022,79.66723,False
18.9_79.85,1,18.90139,79.8469,False
18.9_79.99,1,18.89858,79.98769,False
15.77_77.81,1,15.76574,77.80701,False
19.01_73.41,1,19.01359,73.41127,False
19.01_73.5,1,19.00549,73.49911,False
19.01_74.27,1,19.00997,74.26901,False
19.01_74.7,1,19.01327,74.70472,False
19.01_74.88,1,19.01191,74.88349,False
19.01_76.47,1,19.01249,76.47205,False
19.01_77.82,1,19.00548,77.82138,False
15.77_78.47,1,15.76651,78.4668,False
19.01_78.0,1,19.00982,78.00465,False
19.01_78.16,1,19.00691,78.15928,False
19.01_78.31,1,19.01162,78.31283,False
19.01_78.39,1,19.01003,78.3906,False
19.01_78.41,1,19.00987,78.40743,False
19.01_78.42,1,19.01406,78.42227,False
19.01_78.72,1,19.00792,78.72465,False
19.01_78.73,1,19.0057,78.72599,False
15.77_78.54,1,15.7737,78.54109,False
19.01_78.87,1,19.00866,78.8719,False
19.01_78.88,1,19.00536,78.87727,False
19.01_78.89,1,19.01212,78.88515,False
19.01_78.92,1,19.00508,78.91519,False
19.01_78.97,1,19.01125,78.96611,False
19.01_78.99,1,19.01465,78.98632,False
19.01_79.01,1,19.00995,79.01212,False
19.01_79.1,1,19.00587,79.09737,False
19.01_79.11,1,19.00862,79.10513,False
19.01_79.12,1,19.00629,79.11768,False
19.01_79.18,1,19.01249,79.17993,False
19.01_79.33,1,19.01078,79.33008,False
19.01_79.59,1,19.00851,79.59396,False
19.01_79.73,1,19.00701,79.72957,False
19.01_80.18,1,19.01491,80.17539,False
15.77_78.81,1,15.7658,78.81245,False
15.77_79.03,1,15.76659,79.02837,False
19.02_72.91,1,19.01537,72.90686,False
19.02_73.71,1,19.01791,73.71301,False
19.02_74.65,1,19.01939,74.6489,False
19.02_74.87,1,19.0235,74.87497,False
19.02_75.91,1,19.02304,75.91425,False
19.02_76.27,1,19.01867,76.27253,False
19.02_77.74,1,19.02406,77.73774,False
19.02_77.93,1,19.02487,77.93374,False
19.02_77.96,1,19.02274,77.96455,False
15.77_79.14,1,15.76587,79.13899,False
19.02_78.01,1,19.01841,78.00626,False
19.02_78.07,1,19.0175,78.0731,False
19.02_78.11,1,19.02168,78.10688,False
19.02_78.39,1,19.0169,78.38707,False
19.02_78.4,1,19.01711,78.40095,False
19.02_78.42,1,19.02303,78.41585,False
19.02_78.46,1,19.01629,78.46116,False
19.02_78.47,1,19.02355,78.46575,False
19.02_78.69,1,19.02053,78.69285,False
19.02_78.7,1,19.02109,78.69677,False
19.02_79.1,1,19.01804,79.09943,False
19.02_79.11,1,19.01706,79.11228,False
19.02_79.17,1,19.01729,79.172,False
19.02_79.32,1,19.01528,79.32497,False
19.02_79.33,1,19.01538,79.33227,False
19.02_79.77,1,19.02154,79.76907,False
19.03_73.29,1,19.02694,73.29053,False
19.03_73.52,1,19.03435,73.52267,False
19.03_73.66,1,19.0271,73.66404,False
19.03_73.67,1,19.02649,73.66844,False
19.03_73.68,1,19.02604,73.67576,False
19.03_73.9,1,19.02868,73.89923,False
19.03_74.35,1,19.02709,74.34716,False
19.03_74.89,1,19.03145,74.89091,False
19.03_75.38,1,19.02991,75.3782,False
19.03_75.59,1,19.03411,75.58913,False
19.03_76.55,1,19.03012,76.54682,False
19.03_76.76,1,19.02572,76.7631,False
19.03_76.83,1,19.03461,76.83492,False
19.03_76.96,1,19.03166,76.95873,False
19.03_76.98,1,19.03131,76.97504,False
19.03_77.96,1,19.02628,77.964,False
19.03_78.05,1,19.03404,78.04641,False
19.03_78.39,1,19.02684,78.39191,False
15.77_79.49,1,15.76769,79.49413,False
19.03_78.67,1,19.03058,78.67439,False
19.03_78.7,1,19.0268,78.69888,False
19.03_78.8,1,19.03165,78.79557,False
19.03_78.83,1,19.03131,78.83183,False
19.03_78.9,1,19.02854,78.90173,False
19.03_79.03,1,19.03003,79.02673,False
19.03_79.12,1,19.02614,79.1238,False
19.03_79.16,1,19.02715,79.15685,False
19.04_73.37,1,19.04489,73.3673,False
19.04_73.73,1,19.03815,73.73285,False
19.04_73.85,1,19.03578,73.85333,False
19.04_75.91,1,19.03959,75.90694,False
19.04_76.96,1,19.03565,76.95818,False
19.04_77.89,1,19.03993,77.88564,False
19.04_78.0,1,19.0415,77.99947,False
19.04_78.01,1,19.04279,78.00504,False
19.04_78.05,1,19.03539,78.04842,False
19.04_78.13,1,19.03999,78.13371,False
19.04_78.19,1,19.04332,78.18873,False
19.04_78.25,1,19.03945,78.24555,False
19.04_78.29,1,19.03873,78.29438,False
19.04_78.34,1,19.04172,78.34489,False
19.04_78.45,1,19.04376,78.45182,False
19.04_78.47,1,19.04252,78.47388,False
19.04_78.48,1,19.03703,78.48004,False
19.04_78.63,1,19.04075,78.63276,False
19.04_78.66,1,19.04048,78.66457,False
19.04_78.69,1,19.04354,78.68626,False
19.04_78.71,1,19.03836,78.70933,False
19.04_78.75,1,19.04279,78.75198,False
19.04_78.9,1,19.04087,78.90159,False
19.04_78.97,1,19.03823,78.97274,False
19.04_79.03,1,19.03971,79.03182,False
19.04_79.06,1,19.04255,79.06031,False
19.04_79.19,1,19.04431,79.19301,False
15.77_79.61,1,15.76715,79.60726,False
15.77_79.84,1,15.77206,79.83999,False
19.04_80.13,1,19.04337,80.13309,False
19.05_73.12,1,19.04595,73.11595,False
19.05_73.21,1,19.05375,73.21323,False
19.05_73.41,1,19.04911,73.41032,False
19.05_73.68,1,19.05279,73.68056,False
19.05_73.75,1,19.04739,73.75279,False
19.05_73.76,1,19.04799,73.75571,False
19.05_73.78,1,19.04817,73.78275,False
19.05_74.5,1,19.04805,74.49886,False
19.05_75.93,1,19.05185,75.92513,False
19.05_75.97,1,19.04782,75.96754,False
19.05_76.06,1,19.0506,76.06188,False
19.05_77.92,1,19.04912,77.92249,False
19.05_77.97,1,19.05498,77.96989,False
19.05_78.01,1,19.05277,78.00974,False
19.05_78.14,1,19.05418,78.145,False
19.05_78.15,1,19.05486,78.15179,False
19.05_78.21,1,19.04677,78.2074,False
15.77_79.88,1,15.77405,79.88254,False
19.05_78.29,1,19.04535,78.28896,False
19.05_78.41,1,19.0511,78.41334,False
19.05_78.44,1,19.05499,78.44476,False
19.05_78.45,1,19.05171,78.4507,False
19.05_78.63,1,19.0489,78.62798,False
19.05_78.66,1,19.05441,78.66473,False
19.05_78.67,1,19.05065,78.66766,False
19.05_78.68,1,19.04776,78.67667,False
19.05_78.71,1,19.05079,78.71172,False
19.05_78.96,1,19.0516,78.96028,False
19.05_79.12,1,19.05024,79.12273,False
15.77_80.09,1,15.7723,80.08673,False
19.05_79.21,1,19.05408,79.20771,False
19.05_79.27,1,19.04978,79.27413,False
19.05_79.28,1,19.04665,79.27985,False
19.05_79.89,1,19.04748,79.89257,False
19.05_80.1,1,19.05377,80.10236,False
19.06_73.09,1,19.05675,73.09221,False
19.06_73.13,1,19.06395,73.13291,False
19.06_73.35,1,19.0573,73.35323,False
19.06_73.47,1,19.05788,73.46548,False
19.06_73.69,1,19.06475,73.68788,False
19.06_74.43,1,19.05506,74.43429,False
19.06_74.87,1,19.06352,74.86617,False
19.06_75.0,1,19.06183,74.99504,False
19.06_75.01,1,19.05673,75.00882,False
19.06_75.07,1,19.0605,75.07312,False
19.06_75.32,1,19.05972,75.31749,False
19.06_75.51,1,19.05951,75.51369,False
19.06_77.94,1,19.05741,77.93538,False
19.06_77.96,1,19.06369,77.95952,False
19.06_77.98,1,19.06177,77.98461,False
19.06_77.99,1,19.06116,77.98557,False
19.06_78.01,1,19.05831,78.00916,False
19.06_78.04,1,19.06216,78.04167,False
15.77_80.11,1,15.76511,80.10939,False
19.06_78.07,1,19.0632,78.07397,False
19.06_78.1,1,19.05935,78.09769,False
19.06_78.11,1,19.05938,78.10667,False
19.06_78.14,1,19.05589,78.14415,False
19.06_78.15,1,19.056,78.1521,False
19.06_78.21,1,19.05526,78.21365,False
19.06_78.22,1,19.058,78.22414,False
19.06_78.25,1,19.05924,78.2542,False
19.06_78.28,1,19.0618,78.28424,False
19.06_78.34,1,19.05909,78.33638,False
19.06_78.39,1,19.06149,78.38818,False
19.06_78.45,1,19.05568,78.45015,False
19.06_78.57,1,19.0582,78.57196,False
19.06_78.68,1,19.05511,78.67556,False
19.06_78.69,1,19.06271,78.69212,False
19.06_78.81,1,19.05867,78.8083,False
19.06_78.87,1,19.06153,78.86607,False
19.06_78.88,1,19.05791,78.87968,False
19.06_78.93,1,19.05799,78.92599,False
19.06_78.94,1,19.05956,78.94183,False
19.06_78.95,1,19.05589,78.95006,False
19.06_79.04,1,19.05588,79.0442,False
19.06_79.15,1,19.05617,79.14821,False
15.78_76.43,1,15.78165,76.43361,False
19.06_79.83,1,19.05969,79.8344,False
15.78_76.44,1,15.78001,76.43503,False
15.78_77.41,1,15.77915,77.41081,False
19.06_80.11,1,19.05623,80.10521,False
19.06_80.45,1,19.05926,80.45287,False
19.07_73.29,1,19.07406,73.29316,False
19.07_73.3,1,19.07474,73.29839,False
19.07_73.48,1,19.07491,73.47661,False
19.07_73.59,1,19.06741,73.59422,False
19.07_73.68,1,19.07473,73.6841,False
19.07_73.69,1,19.07435,73.6851,False
19.07_73.85,1,19.0747,73.848,False
19.07_74.39,1,19.07323,74.38589,False
19.07_74.49,1,19.06821,74.49274,False
19.07_77.9,1,19.06803,77.89627,False
15.78_78.53,1,15.77672,78.52892,False
19.07_77.96,1,19.07329,77.96166,False
19.07_78.02,1,19.0657,78.0163,False
19.07_78.04,1,19.0736,78.0354,False
15.78_78.54,1,15.78096,78.54115,False
19.07_78.06,1,19.06829,78.0572,False
19.07_78.08,1,19.07375,78.07906,False
15.78_79.3,1,15.77668,79.3028,False
15.78_79.89,1,15.77549,79.8877,False
19.07_78.23,1,19.06745,78.22591,False
19.07_78.28,1,19.06573,78.2837,False
19.07_78.32,1,19.07447,78.32172,False
19.07_78.57,1,19.0686,78.57347,False
19.07_78.82,1,19.07435,78.82468,False
19.07_78.89,1,19.07406,78.88779,False
19.07_78.92,1,19.06694,78.91598,False
19.07_79.11,1,19.06998,79.11285,False
19.07_79.55,1,19.06968,79.55077,False
19.07_79.76,1,19.07091,79.75623,False
19.07_79.82,1,19.06566,79.8231,False
19.07_80.51,1,19.07414,80.51083,False
19.08_73.29,1,19.08092,73.29432,False
19.08_73.49,1,19.08039,73.48646,False
19.08_73.5,1,19.08384,73.5021,False
19.08_73.83,1,19.08353,73.83407,False
19.08_73.84,1,19.07902,73.84467,False
19.08_74.45,1,19.07852,74.45258,False
19.08_74.64,1,19.07986,74.63759,False
19.08_74.76,1,19.07849,74.75546,False
19.08_76.54,1,19.07913,76.54416,False
19.08_77.88,1,19.07896,77.88132,False
19.08_77.9,1,19.0832,77.90053,False
19.08_77.92,1,19.0798,77.9241,False
15.78_79.93,1,15.7809,79.92871,False
19.08_77.96,1,19.08476,77.95785,False
15.78_80.04,1,15.78084,80.03926,False
19.08_78.05,1,19.0767,78.05207,False
19.08_78.06,1,19.07766,78.05647,False
19.08_78.07,1,19.08031,78.07373,False
19.08_78.08,1,19.07732,78.07853,False
19.08_78.11,1,19.07809,78.10707,False
19.08_78.13,1,19.0848,78.13421,False
15.79_75.29,1,15.79381,75.29251,False
19.08_78.15,1,19.0779,78.14925,False
19.08_78.17,1,19.07849,78.17467,False
19.08_78.8,1,19.08242,78.79572,False
19.08_78.84,1,19.07825,78.84059,False
19.08_78.88,1,19.07762,78.87675,False
19.08_78.89,1,19.07753,78.89018,False
15.79_75.85,1,15.79466,75.8539,False
19.08_78.98,1,19.08418,78.98311,False
19.08_78.99,1,19.07734,78.98892,False
19.08_79.0,1,19.08462,79.00232,False
19.08_79.52,1,19.07879,79.52377,False
19.08_79.55,1,19.08185,79.55006,False
19.08_79.78,1,19.08007,79.78281,False
19.08_79.85,1,19.08466,79.84733,False
19.08_79.87,1,19.08477,79.87204,False
19.09_73.41,1,19.0932,73.41298,False
19.09_73.46,1,19.08769,73.45606,False
19.09_73.48,1,19.09426,73.48478,False
19.09_73.5,1,19.08659,73.4979,False
19.09_73.57,1,19.09242,73.57456,False
19.09_73.84,1,19.08793,73.84077,False
19.09_73.85,1,19.08879,73.85046,False
19.09_74.68,1,19.09203,74.68398,False
19.09_74.75,1,19.08812,74.75037,False
19.09_75.82,1,19.09303,75.82018,False
19.09_76.76,1,19.08639,76.75908,False
19.09_77.87,1,19.087,77.86864,False
19.09_77.96,1,19.09248,77.95689,False
19.09_77.99,1,19.08581,77.98841,False
19.09_78.03,1,19.08582,78.03375,False
19.09_78.05,1,19.08975,78.04976,False
19.09_78.06,1,19.08514,78.0556,False
19.09_78.08,1,19.08503,78.08173,False
19.09_78.1,1,19.08933,78.09936,False
15.79_76.76,1,15.79179,76.76153,False
19.09_78.13,1,19.08913,78.13448,False
15.79_76.92,1,15.79448,76.91747,False
19.09_78.17,1,19.09042,78.17199,False
19.09_78.22,1,19.09383,78.22095,False
19.09_78.31,1,19.09044,78.31437,False
19.09_78.78,1,19.08963,78.78135,False
19.09_78.79,1,19.08592,78.79063,False
19.09_78.8,1,19.08811,78.80124,False
19.09_78.84,1,19.08706,78.83561,False
19.09_78.94,1,19.08826,78.93633,False
19.09_78.98,1,19.09047,78.98283,False
19.09_78.99,1,19.08521,78.98511,False
19.09_79.04,1,19.08592,79.04434,False
19.09_79.23,1,19.09088,79.23393,False
19.09_79.59,1,19.09368,79.5921,False
19.09_79.65,1,19.09499,79.64644,False
19.0_73.5,1,19.00448,73.49937,False
19.0_73.51,1,18.99856,73.50777,False
19.0_73.83,1,19.00336,73.8274,False
19.0_74.7,1,18.99845,74.69663,False
19.0_74.92,1,19.0037,74.92063,False
19.0_75.17,1,18.99616,75.16833,False
19.0_75.22,1,18.99603,75.21564,False
19.0_75.43,1,18.99879,75.42805,False
19.0_77.3,1,18.99688,77.30164,False
19.0_77.7,1,18.99681,77.70109,False
19.0_77.97,1,19.00473,77.97001,False
19.0_77.98,1,19.00474,77.97754,False
19.0_78.67,1,18.9997,78.66725,False
19.0_78.7,1,19.00443,78.70322,False
15.79_77.48,1,15.78502,77.4798,False
19.0_78.88,1,18.99824,78.8783,False
19.0_78.89,1,18.99962,78.89021,False
19.0_79.03,1,18.9952,79.03234,False
19.0_79.1,1,19.0026,79.09606,False
19.0_79.11,1,19.00111,79.11333,False
19.0_79.12,1,19.00169,79.11826,False
19.0_79.19,1,19.00058,79.18903,False
19.0_79.68,1,19.00093,79.68419,False
19.0_79.81,1,18.9987,79.81365,False
19.0_80.53,1,19.00128,80.52917,False
19.0_80.69,1,18.9975,80.69331,False
15.79_78.38,1,15.7907,78.38385,False
19.11_73.07,1,19.11372,73.07487,False
15.79_78.85,1,15.79433,78.84562,False
19.11_73.59,1,19.11092,73.59061,False
19.11_73.92,1,19.1081,73.91512,False
19.11_74.39,1,19.11103,74.39476,False
19.11_74.74,1,19.11486,74.74377,False
19.11_77.9,1,19.10611,77.90369,False
19.11_77.91,1,19.1076,77.91396,False
19.11_77.92,1,19.11353,77.91848,False
15.79_79.09,1,15.793,79.08515,False
19.11_78.0,1,19.11082,78.00397,False
19.11_78.02,1,19.11314,78.02089,False
19.11_78.09,1,19.11204,78.08651,False
19.11_78.3,1,19.11113,78.30071,False
19.11_78.39,1,19.11411,78.38685,False
19.11_78.92,1,19.11307,78.92209,False
19.11_78.96,1,19.10891,78.96244,False
19.11_78.97,1,19.11116,78.96843,False
19.11_79.0,1,19.11379,79.00185,False
19.11_79.02,1,19.10702,79.01844,False
19.11_79.07,1,19.10955,79.06788,False
19.11_79.31,1,19.11188,79.30937,False
19.11_79.56,1,19.10639,79.56111,False
19.11_79.57,1,19.10705,79.56618,False
19.11_79.58,1,19.10697,79.57748,False
19.11_79.67,1,19.11167,79.67104,False
19.11_79.83,1,19.11006,79.82775,False
19.11_80.17,1,19.1141,80.17391,False
19.11_80.18,1,19.11465,80.17756,False
19.12_73.08,1,19.12061,73.08109,False
19.12_73.09,1,19.11796,73.09096,False
19.12_73.12,1,19.12351,73.12012,False
19.12_73.38,1,19.1237,73.38354,False
19.12_73.39,1,19.12306,73.38545,False
19.12_73.44,1,19.12062,73.44294,False
19.12_73.71,1,19.12446,73.71371,False
19.12_73.72,1,19.12325,73.72232,False
19.12_73.82,1,19.12234,73.81884,False
19.12_74.26,1,19.12255,74.25767,False
19.12_74.81,1,19.11571,74.80737,False
19.12_75.04,1,19.12037,75.04137,False
19.12_75.14,1,19.11502,75.13805,False
19.12_77.56,1,19.1207,77.55922,False
19.12_77.89,1,19.12179,77.88661,False
19.12_77.91,1,19.12117,77.90916,False
15.79_79.68,1,15.79215,79.67717,False
19.12_77.98,1,19.11653,77.9845,False
19.12_78.0,1,19.12057,78.00347,False
19.12_78.01,1,19.12108,78.00767,False
15.79_79.89,1,15.7901,79.89096,False
19.12_78.06,1,19.12262,78.05547,False
15.79_80.04,1,15.78567,80.03824,False
19.12_78.09,1,19.11681,78.08549,False
15.79_80.05,1,15.78717,80.05072,False
15.79_80.1,1,15.79163,80.10191,False
19.12_78.29,1,19.12247,78.29359,False
19.12_78.69,1,19.11933,78.69249,False
19.12_78.93,1,19.11951,78.92731,False
19.12_78.97,1,19.11714,78.96621,False
19.12_79.04,1,19.11971,79.04401,False
19.12_79.05,1,19.118,79.04655,False
19.12_79.66,1,19.12315,79.65974,False
15.79_80.25,1,15.78634,80.24809,False
15.7_73.92,1,15.69846,73.9222,False
19.13_73.05,1,19.12685,73.05418,False
19.13_73.39,1,19.12735,73.38553,False
19.13_73.44,1,19.1252,73.43731,False
19.13_73.82,1,19.12782,73.825,False
15.7_74.44,1,15.69762,74.44131,False
19.13_74.18,1,19.13342,74.17785,False
19.13_74.26,1,19.12856,74.25613,False
19.13_74.69,1,19.12581,74.693,False
19.13_74.7,1,19.12549,74.70193,False
19.13_75.75,1,19.13136,75.75191,False
19.13_77.59,1,19.13428,77.58794,False
15.7_75.45,1,15.7048,75.44923,False
15.7_76.65,1,15.6994,76.64658,False
19.13_78.05,1,19.12906,78.05075,False
19.13_78.11,1,19.12934,78.11349,False
19.13_78.29,1,19.13127,78.28635,False
19.13_78.3,1,19.13116,78.29921,False
19.13_78.31,1,19.13259,78.3138,False
19.13_78.65,1,19.13046,78.65099,False
19.13_78.76,1,19.1325,78.76079,False
15.7_77.56,1,15.69705,77.56117,False
19.13_78.99,1,19.12818,78.99323,False
19.13_79.13,1,19.12877,79.12774,False
19.13_79.21,1,19.12734,79.21377,False
19.13_79.22,1,19.12769,79.21706,False
19.13_79.62,1,19.13194,79.61602,False
15.7_78.48,1,15.69913,78.47505,False
15.7_78.55,1,15.69781,78.55014,False
19.14_73.4,1,19.14254,73.39513,False
19.14_73.41,1,19.13838,73.4103,False
19.14_73.73,1,19.13956,73.7317,False
19.14_73.74,1,19.1401,73.73548,False
19.14_76.31,1,19.1415,76.31499,False
19.14_76.32,1,19.14128,76.31613,False
19.14_77.59,1,19.13842,77.58938,False
19.14_77.63,1,19.13672,77.62576,False
19.14_77.91,1,19.14403,77.91177,False
15.7_78.6,1,15.70388,78.59967,False
15.7_78.8,1,15.69854,78.80383,False
19.14_78.03,1,19.13593,78.03381,False
19.14_78.04,1,19.13703,78.03583,False
15.7_78.81,1,15.70266,78.80527,False
19.14_78.08,1,19.14267,78.07796,False
15.7_78.99,1,15.70401,78.98732,False
19.14_78.32,1,19.14451,78.31544,False
19.14_78.4,1,19.14011,78.39848,False
19.14_78.76,1,19.13758,78.75985,False
19.14_78.95,1,19.14189,78.95277,False
19.14_78.96,1,19.14002,78.95713,False
19.14_79.12,1,19.14042,79.11592,False
19.14_79.34,1,19.14473,79.33664,False
19.14_79.41,1,19.1411,79.40752,False
19.14_79.5,1,19.13574,79.49786,False
19.14_79.53,1,19.13763,79.53368,False
19.14_79.57,1,19.14438,79.57091,False
19.14_79.58,1,19.14178,79.58016,False
15.7_79.0,1,15.69688,78.99837,False
19.14_79.66,1,19.13622,79.658,False
19.14_79.72,1,19.13545,79.71546,False
19.14_80.58,1,19.13553,80.57831,False
19.15_73.35,1,19.15179,73.3539,False
19.15_76.51,1,19.15377,76.51254,False
19.15_77.56,1,19.15361,77.55929,False
19.15_77.89,1,19.15375,77.88774,False
19.15_77.9,1,19.14707,77.89938,False
19.15_77.95,1,19.15091,77.95148,False
19.15_77.98,1,19.14648,77.98336,False
19.15_78.04,1,19.15085,78.04183,False
19.15_78.08,1,19.15314,78.0774,False
19.15_78.09,1,19.1461,78.0922,False
15.7_79.08,1,15.70348,79.07771,False
19.15_78.28,1,19.15422,78.2829,False
19.15_78.34,1,19.14897,78.33932,False
19.15_78.47,1,19.15072,78.47344,False
19.15_78.89,1,19.1548,78.89046,False
19.15_78.94,1,19.14711,78.93992,False
19.15_78.99,1,19.15279,78.9856,False
19.15_79.06,1,19.14533,79.05975,False
15.7_79.26,1,15.70123,79.25598,False
15.7_79.73,1,15.69784,79.72867,False
15.7_80.18,1,15.698,80.18339,False
19.15_79.2,1,19.15382,79.19865,False
19.15_79.21,1,19.14678,79.20616,False
19.15_79.22,1,19.14767,79.22286,False
19.15_79.59,1,19.15035,79.58591,False
19.15_79.6,1,19.14715,79.60188,False
15.81_75.64,1,15.81134,75.64249,False
19.16_73.81,1,19.15596,73.81092,False
19.16_74.6,1,19.16005,74.60008,False
19.16_76.51,1,19.15656,76.51044,False
19.16_77.89,1,19.16406,77.89111,False
19.16_78.0,1,19.15521,78.00244,False
19.16_78.08,1,19.15701,78.07834,False
19.16_78.09,1,19.15817,78.09407,False
19.16_78.1,1,19.15924,78.10343,False
19.16_78.16,1,19.16488,78.15651,False
19.16_78.24,1,19.1571,78.2394,False
19.16_78.25,1,19.16076,78.24905,False
19.16_78.26,1,19.15611,78.26338,False
15.81_76.83,1,15.81406,76.83161,False
19.16_78.3,1,19.16037,78.30276,False
19.16_78.32,1,19.16477,78.32391,False
19.16_78.34,1,19.15599,78.33603,False
19.16_78.84,1,19.15947,78.84016,False
19.16_78.85,1,19.16015,78.84631,False
19.16_78.87,1,19.16101,78.87439,False
19.16_78.88,1,19.15599,78.87547,False
19.16_78.89,1,19.15937,78.89339,False
19.16_79.01,1,19.15711,79.00846,False
19.16_79.11,1,19.15842,79.11484,False
15.81_77.08,1,15.8057,77.07702,False
19.16_79.13,1,19.16217,79.12939,False
19.16_79.21,1,19.15775,79.20512,False
19.16_79.77,1,19.15596,79.77142,False
19.16_79.89,1,19.15702,79.88799,False
19.16_80.09,1,19.15568,80.09234,False
19.16_80.15,1,19.16145,80.15289,False
19.16_80.86,1,19.15881,80.86375,False
19.17_72.8,1,19.16552,72.80302,False
19.17_73.41,1,19.16734,73.40712,False
19.17_77.94,1,19.16882,77.93639,False
19.17_77.99,1,19.17189,77.98602,False
19.17_78.0,1,19.17365,78.00291,False
19.17_78.09,1,19.17215,78.08922,False
19.17_78.13,1,19.17185,78.13006,False
19.17_78.14,1,19.17244,78.13529,False
19.17_78.16,1,19.16574,78.15591,False
19.17_78.28,1,19.16883,78.28384,False
19.17_78.29,1,19.16938,78.28767,False
19.17_78.3,1,19.17463,78.29783,False
19.17_78.48,1,19.17484,78.47852,False
19.17_78.64,1,19.17378,78.63856,False
19.17_79.02,1,19.1661,79.02438,False
19.17_79.03,1,19.16664,79.02805,False
15.81_78.31,1,15.81306,78.30737,False
19.17_79.52,1,19.16964,79.52155,False
19.17_79.89,1,19.17204,79.88599,False
19.17_80.19,1,19.16602,80.18568,False
19.18_73.2,1,19.18406,73.20289,False
19.18_73.53,1,19.17523,73.53422,False
19.18_73.79,1,19.17696,73.79423,False
19.18_74.17,1,19.17777,74.17004,False
19.18_74.85,1,19.18018,74.8543,False
15.81_78.37,1,15.81207,78.37328,False
19.18_77.5,1,19.18361,77.50349,False
15.81_78.59,1,15.81249,78.58845,False
19.18_77.94,1,19.1757,77.93886,False
19.18_77.95,1,19.18284,77.95413,False
19.18_77.99,1,19.17878,77.99314,False
15.81_78.88,1,15.81311,78.87644,False
19.18_78.02,1,19.1841,78.01934,False
19.18_78.05,1,19.17514,78.04634,False
19.18_78.09,1,19.17653,78.08575,False
19.18_78.11,1,19.17591,78.1095,False
19.18_78.22,1,19.18382,78.22292,False
15.81_79.06,1,15.80672,79.05759,False
19.18_78.3,1,19.17545,78.29523,False
19.18_78.31,1,19.18166,78.30743,False
19.18_78.7,1,19.17511,78.70479,False
19.18_78.96,1,19.17576,78.96104,False
19.18_78.98,1,19.17525,78.98053,False
19.18_79.12,1,19.17916,79.11624,False
19.18_79.54,1,19.17991,79.54411,False
19.18_79.56,1,19.17773,79.5582,False
19.18_79.65,1,19.18304,79.64676,False
19.18_79.67,1,19.18426,79.67092,False
19.18_79.76,1,19.1754,79.75732,False
19.18_79.78,1,19.18471,79.78345,False
19.18_79.99,1,19.17543,79.98721,False
19.19_73.2,1,19.1859,73.20395,False
19.19_73.26,1,19.19118,73.25736,False
19.19_74.2,1,19.18744,74.20198,False
19.19_76.19,1,19.19029,76.1946,False
19.19_76.2,1,19.19084,76.19547,False
19.19_77.85,1,19.19439,77.85123,False
19.19_77.9,1,19.19252,77.90217,False
19.19_77.91,1,19.1928,77.91254,False
19.19_77.94,1,19.18532,77.93679,False
19.19_77.96,1,19.19089,77.95887,False
19.19_77.98,1,19.19231,77.98263,False
15.81_79.64,1,15.81499,79.63621,False
19.19_78.04,1,19.18626,78.03969,False
15.81_80.12,1,15.80848,80.1227,False
15.81_80.27,1,15.80675,80.26534,False
19.19_78.09,1,19.18671,78.08994,False
19.19_78.16,1,19.19318,78.16417,False
19.19_78.29,1,19.18714,78.28596,False
19.19_78.31,1,19.18541,78.30996,False
19.19_78.53,1,19.19058,78.5334,False
19.19_78.66,1,19.19443,78.663,False
19.19_79.04,1,19.19483,79.0351,False
19.19_79.45,1,19.19401,79.44514,False
19.19_79.63,1,19.19255,79.62961,False
19.19_79.7,1,19.19026,79.70083,False
19.19_79.75,1,19.19332,79.75471,False
19.19_79.81,1,19.19237,79.80877,False
19.19_80.24,1,19.18574,80.2413,False
15.82_75.26,1,15.8235,75.26339,False
19.1_73.06,1,19.10327,73.05897,False
15.82_75.78,1,15.82217,75.78085,False
19.1_73.29,1,19.10014,73.28748,False
19.1_73.41,1,19.10351,73.40651,False
19.1_73.7,1,19.09585,73.69633,False
19.1_73.85,1,19.09773,73.84944,False
19.1_74.28,1,19.09976,74.27966,False
19.1_74.37,1,19.09637,74.37162,False
19.1_75.22,1,19.0998,75.21792,False
19.1_77.53,1,19.10119,77.53062,False
19.1_77.88,1,19.10244,77.88176,False
19.1_77.95,1,19.10494,77.94593,False
19.1_77.98,1,19.09731,77.98499,False
19.1_77.99,1,19.09502,77.98769,False
19.1_78.0,1,19.10027,78.00288,False
19.1_78.02,1,19.09811,78.02244,False
19.1_78.06,1,19.10255,78.06003,False
15.82_75.79,1,15.82276,75.78509,False
19.1_78.77,1,19.1006,78.77046,False
19.1_78.92,1,19.10403,78.92398,False
19.1_79.03,1,19.09991,79.02522,False
19.1_79.16,1,19.09546,79.15562,False
19.1_79.22,1,19.10249,79.22176,False
19.1_79.65,1,19.09511,79.64971,False
19.21_73.31,1,19.20592,73.3055,False
19.21_73.32,1,19.20926,73.3234,False
19.21_73.34,1,19.20821,73.34245,False
19.21_73.37,1,19.20625,73.37492,False
19.21_73.39,1,19.21324,73.39154,False
15.82_75.8,1,15.82453,75.79782,False
19.21_73.53,1,19.21171,73.534,False
19.21_73.77,1,19.20993,73.7748,False
19.21_76.58,1,19.21336,76.58015,False
19.21_77.66,1,19.20558,77.65886,False
19.21_77.92,1,19.21409,77.92425,False
19.21_77.96,1,19.2052,77.95606,False
19.21_77.99,1,19.21297,77.98851,False
19.21_78.26,1,19.21485,78.26357,False
19.21_78.27,1,19.20839,78.27394,False
15.82_77.73,1,15.81882,77.72803,False
19.21_78.29,1,19.20572,78.29139,False
19.21_78.94,1,19.20946,78.94489,False
19.21_78.95,1,19.20667,78.94954,False
19.21_79.36,1,19.20613,79.36424,False
15.82_78.03,1,15.82346,78.03399,False
15.82_78.13,1,15.82321,78.13021,False
19.21_79.56,1,19.21046,79.55956,False
19.21_79.68,1,19.21011,79.68211,False
19.22_73.39,1,19.21647,73.38625,False
19.22_73.49,1,19.21503,73.48593,False
15.82_78.31,1,15.81769,78.30682,False
19.22_73.55,1,19.21797,73.552,False
19.22_73.57,1,19.22318,73.57015,False
19.22_74.75,1,19.2246,74.74916,False
19.22_74.86,1,19.21798,74.85587,False
19.22_75.02,1,19.22492,75.02248,False
19.22_76.34,1,19.21566,76.33913,False
19.22_76.79,1,19.22037,76.7914,False
19.22_77.92,1,19.21531,77.92166,False
19.22_77.94,1,19.21844,77.94469,False
15.82_78.36,1,15.81795,78.36241,False
19.22_78.23,1,19.22344,78.2337,False
15.82_78.37,1,15.82265,78.36772,False
19.22_78.27,1,19.21533,78.27052,False
19.22_78.28,1,19.216,78.27577,False
19.22_79.05,1,19.21545,79.05389,False
19.22_79.72,1,19.21607,79.72049,False
19.22_79.73,1,19.2185,79.72654,False
19.22_80.15,1,19.22486,80.14843,False
19.22_80.22,1,19.21971,80.22162,False
15.82_78.41,1,15.81704,78.41203,False
19.23_73.26,1,19.22679,73.2646,False
19.23_73.3,1,19.23292,73.30363,False
15.82_78.5,1,15.81974,78.50281,False
19.23_73.38,1,19.22605,73.38498,False
15.82_78.58,1,15.8154,78.58211,False
19.23_73.57,1,19.22845,73.56858,False
19.23_74.8,1,19.23487,74.7952,False
19.23_74.86,1,19.22547,74.85921,False
19.23_74.9,1,19.22798,74.89758,False
19.23_75.69,1,19.22853,75.68994,False
19.23_76.23,1,19.23459,76.22961,False
19.23_76.79,1,19.22861,76.7925,False
19.23_78.24,1,19.23107,78.23666,False
19.23_78.28,1,19.22965,78.27653,False
19.23_78.57,1,19.23286,78.56955,False
19.23_78.76,1,19.2318,78.76441,False
19.23_78.77,1,19.23223,78.76503,False
15.82_80.07,1,15.82289,80.07287,False
15.82_80.12,1,15.81652,80.12132,False
19.23_79.17,1,19.23135,79.17165,False
19.23_79.3,1,19.23211,79.29985,False
19.23_79.76,1,19.23009,79.7634,False
19.23_79.87,1,19.2286,79.87151,False
19.23_80.33,1,19.23155,80.32595,False
19.23_80.34,1,19.23083,80.34376,False
19.23_80.85,1,19.22693,80.84926,False
19.24_73.27,1,19.24016,73.26829,False
19.24_73.28,1,19.24079,73.27824,False
19.24_73.33,1,19.23712,73.33227,False
19.24_73.37,1,19.23895,73.36874,False
15.82_80.39,1,15.81842,80.39494,False
19.24_73.51,1,19.23507,73.51236,False
19.24_74.03,1,19.2419,74.03392,False
19.24_75.33,1,19.23718,75.33081,False
19.24_76.11,1,19.23849,76.11075,False
19.24_76.38,1,19.24091,76.37971,False
19.24_76.72,1,19.23906,76.72291,False
19.24_76.76,1,19.24116,76.76389,False
19.24_76.77,1,19.23895,76.76712,False
19.24_76.82,1,19.24461,76.82471,False
19.24_77.12,1,19.24261,77.11562,False
19.24_77.68,1,19.24251,77.68433,False
19.24_77.9,1,19.23549,77.90081,False
19.24_77.91,1,19.24338,77.91231,False
19.24_77.93,1,19.23997,77.92525,False
19.24_77.97,1,19.24199,77.9744,False
19.24_78.18,1,19.24488,78.17762,False
15.83_73.87,1,15.83381,73.8676,False
19.24_78.28,1,19.23803,78.28413,False
19.24_78.31,1,19.24483,78.31258,False
19.24_78.6,1,19.23523,78.6013,False
19.24_78.61,1,19.24406,78.60907,False
19.24_78.7,1,19.24495,78.70284,False
19.24_78.71,1,19.24453,78.70502,False
15.83_75.76,1,15.83416,75.76178,False
19.24_78.99,1,19.23882,78.98582,False
19.24_79.52,1,19.24481,79.52365,False
19.24_79.64,1,19.24261,79.63833,False
19.24_79.69,1,19.23693,79.69278,False
19.24_79.72,1,19.2417,79.71746,False
19.24_79.78,1,19.24497,79.77689,False
19.24_79.98,1,19.2366,79.98431,False
19.24_80.82,1,19.24499,80.82231,False
19.25_72.96,1,19.24561,72.96135,False
19.25_73.01,1,19.24762,73.01105,False
19.25_73.08,1,19.25458,73.07658,False
19.25_73.26,1,19.24981,73.26096,False
19.25_73.44,1,19.25493,73.44408,False
19.25_73.57,1,19.24655,73.57102,False
19.25_74.07,1,19.2451,74.07372,False
19.25_75.1,1,19.24684,75.10027,False
19.25_75.71,1,19.24682,75.70875,False
19.25_76.05,1,19.24871,76.04662,False
19.25_76.51,1,19.25342,76.51167,False
19.25_76.7,1,19.25425,76.7024,False
19.25_77.9,1,19.24722,77.90013,False
19.25_77.98,1,19.25122,77.98197,False
15.83_75.77,1,15.82817,75.7713,False
15.83_75.78,1,15.82517,75.77606,False
19.25_78.02,1,19.24898,78.01659,False
19.25_78.07,1,19.25067,78.06929,False
19.25_78.17,1,19.24583,78.17188,False
19.25_78.18,1,19.24692,78.17953,False
19.25_78.61,1,19.24736,78.60865,False
19.25_78.82,1,19.24608,78.82123,False
15.83_75.79,1,15.82694,75.7888,False
19.25_79.42,1,19.24956,79.41557,False
19.25_79.74,1,19.24743,79.74311,False
19.25_80.18,1,19.25315,80.17772,False
19.26_73.46,1,19.26153,73.46229,False
19.26_73.51,1,19.25728,73.51118,False
19.26_74.07,1,19.26399,74.07182,False
19.26_74.08,1,19.26343,74.07662,False
19.26_74.1,1,19.25835,74.10184,False
19.26_74.81,1,19.25726,74.80781,False
19.26_74.96,1,19.26278,74.96492,False
19.26_75.07,1,19.26092,75.06716,False
19.26_75.75,1,19.25512,75.75263,False
19.26_76.11,1,19.26048,76.115,False
19.26_76.46,1,19.25669,76.45722,False
19.26_77.79,1,19.26266,77.79251,False
19.26_77.95,1,19.26489,77.95168,False
19.26_77.96,1,19.26451,77.96001,False
19.26_77.98,1,19.26102,77.97928,False
19.26_78.18,1,19.25587,78.18468,False
19.26_78.24,1,19.25874,78.24159,False
19.26_78.27,1,19.25754,78.26821,False
19.26_78.58,1,19.25733,78.58049,False
19.26_79.33,1,19.25858,79.32701,False
19.26_79.74,1,19.25703,79.74236,False
19.26_80.11,1,19.2596,80.10823,False
19.26_80.75,1,19.26439,80.75433,False
19.27_73.46,1,19.27091,73.46167,False
19.27_73.47,1,19.27322,73.47328,False
19.27_73.52,1,19.26567,73.51745,False
19.27_73.55,1,19.27091,73.54995,False
19.27_73.84,1,19.27497,73.84351,False
19.27_74.06,1,19.2699,74.06032,False
19.27_74.77,1,19.26902,74.7709,False
19.27_76.71,1,19.26796,76.71126,False
19.27_77.6,1,19.27416,77.60039,False
19.27_77.93,1,19.27257,77.93336,False
19.27_77.95,1,19.26756,77.95145,False
19.27_77.96,1,19.26805,77.95565,False
19.27_77.97,1,19.26776,77.9719,False
19.27_78.16,1,19.27122,78.15615,False
19.27_78.17,1,19.27017,78.16733,False
19.27_78.8,1,19.2692,78.80215,False
19.27_78.83,1,19.268,78.82577,False
19.27_79.5,1,19.26504,79.50347,False
19.27_79.53,1,19.27197,79.52521,False
19.27_79.78,1,19.27142,79.77711,False
19.27_79.88,1,19.27043,79.87704,False
19.27_80.11,1,19.27124,80.10909,False
19.27_80.21,1,19.26945,80.2111,False
19.28_73.12,1,19.27899,73.12305,False
19.28_73.47,1,19.27992,73.47298,False
19.28_73.48,1,19.27941,73.47608,False
19.28_73.67,1,19.27526,73.67066,False
19.28_73.85,1,19.27575,73.8477,False
19.28_75.73,1,19.27507,75.7259,False
19.28_75.91,1,19.28456,75.90562,False
19.28_76.99,1,19.27905,76.98713,False
19.28_77.59,1,19.27665,77.59243,False
19.28_77.6,1,19.27879,77.59984,False
19.28_77.78,1,19.28351,77.78035,False
19.28_77.94,1,19.28367,77.94118,False
19.28_77.97,1,19.28229,77.97104,False
19.28_78.16,1,19.28328,78.16454,False
19.28_78.83,1,19.27994,78.82556,False
19.28_79.04,1,19.28062,79.035,False
19.28_79.07,1,19.28033,79.0732,False
19.28_79.13,1,19.27795,79.13367,False
19.28_79.81,1,19.28401,79.8141,False
19.28_79.82,1,19.27626,79.82023,False
19.28_80.4,1,19.28337,80.40039,False
19.29_73.09,1,19.28809,73.09486,False
19.29_77.87,1,19.29309,77.87167,False
19.29_78.05,1,19.29428,78.05405,False
19.29_78.18,1,19.29266,78.17857,False
19.29_78.35,1,19.28611,78.35217,False
19.29_78.38,1,19.29345,78.38337,False
19.29_78.47,1,19.28804,78.47005,False
19.29_78.9,1,19.28999,78.89611,False
19.29_78.91,1,19.28541,78.90692,False
19.29_79.1,1,19.28772,79.09819,False
19.29_79.13,1,19.28666,79.12968,False
19.29_79.19,1,19.28808,79.1916,False
19.29_79.2,1,19.29094,79.19893,False
19.29_79.75,1,19.29116,79.74648,False
19.29_79.81,1,19.28732,79.81467,False
15.83_77.86,1,15.8333,77.85972,False
19.29_80.32,1,19.28742,80.31568,False
19.2_73.36,1,19.1999,73.36194,False
19.2_73.37,1,19.20101,73.3692,False
19.2_73.39,1,19.19522,73.39111,False
19.2_73.4,1,19.20357,73.40388,False
19.2_73.45,1,19.1957,73.45191,False
19.2_73.69,1,19.19998,73.69447,False
19.2_73.72,1,19.20135,73.72183,False
19.2_73.73,1,19.19818,73.7314,False
19.2_73.77,1,19.19731,73.76981,False
19.2_73.8,1,19.20142,73.79867,False
19.2_75.37,1,19.19501,75.37061,False
19.2_77.33,1,19.19679,77.33253,False
19.2_77.71,1,19.19694,77.71404,False
19.2_77.72,1,19.19728,77.71567,False
19.2_77.87,1,19.20423,77.86758,False
19.2_77.89,1,19.20499,77.89014,False
19.2_77.9,1,19.20238,77.90054,False
19.2_77.92,1,19.19751,77.92245,False
19.2_77.94,1,19.20028,77.94398,False
19.2_78.16,1,19.20313,78.15903,False
15.83_77.92,1,15.83023,77.91839,False
15.83_78.24,1,15.83367,78.23642,False
19.2_78.24,1,19.20216,78.24105,False
19.2_78.25,1,19.20113,78.24771,False
15.83_78.37,1,15.82553,78.37144,False
19.2_78.36,1,19.19987,78.36012,False
15.83_78.46,1,15.83436,78.46426,False
15.83_78.58,1,15.83159,78.57834,False
19.2_79.16,1,19.20359,79.15662,False
19.2_79.48,1,19.19977,79.48381,False
19.2_79.52,1,19.20453,79.51941,False
19.2_79.53,1,19.19525,79.53138,False
19.2_79.59,1,19.19896,79.59103,False
19.2_79.79,1,19.19545,79.79248,False
19.31_73.26,1,19.31293,73.25562,False
19.31_73.39,1,19.30626,73.38994,False
19.31_73.52,1,19.31129,73.52094,False
19.31_73.64,1,19.31268,73.63752,False
19.31_73.65,1,19.31435,73.64902,False
19.31_77.94,1,19.31271,77.94171,False
19.31_78.31,1,19.31434,78.31469,False
19.31_79.15,1,19.31188,79.15358,False
19.31_79.51,1,19.30605,79.50523,False
19.31_79.59,1,19.31037,79.594,False
19.31_80.82,1,19.31448,80.82174,False
19.32_73.09,1,19.32079,73.09192,False
19.32_73.23,1,19.32011,73.22715,False
19.32_73.44,1,19.32404,73.44057,False
19.32_73.48,1,19.32231,73.47856,False
19.32_73.51,1,19.3176,73.51012,False
19.32_73.58,1,19.32466,73.58025,False
19.32_74.03,1,19.31738,74.03061,False
19.32_76.54,1,19.32295,76.53923,False
19.32_76.88,1,19.3241,76.87772,False
19.32_78.38,1,19.3199,78.38293,False
19.32_78.53,1,19.31992,78.52857,False
19.32_78.56,1,19.31824,78.5586,False
19.32_78.94,1,19.32126,78.93945,False
19.32_79.24,1,19.31849,79.24483,False
19.32_79.27,1,19.32376,79.26783,False
19.32_79.59,1,19.31565,79.59341,False
19.32_79.88,1,19.32084,79.87608,False
19.32_80.01,1,19.32051,80.00602,False
19.33_72.99,1,19.32895,72.98502,False
19.33_73.1,1,19.33389,73.10315,False
19.33_73.18,1,19.33392,73.17584,False
19.33_73.27,1,19.32988,73.27418,False
19.33_73.33,1,19.33062,73.33331,False
19.33_73.44,1,19.3313,73.43614,False
19.33_73.57,1,19.32511,73.56571,False
19.33_73.74,1,19.32563,73.74372,False
19.33_73.75,1,19.33093,73.74738,False
19.33_74.73,1,19.32668,74.72723,False
19.33_75.36,1,19.32889,75.36489,False
19.33_78.08,1,19.33067,78.0779,False
19.33_78.2,1,19.32782,78.20097,False
19.33_78.29,1,19.33327,78.28922,False
19.33_78.32,1,19.3319,78.31517,False
19.33_78.83,1,19.32911,78.82655,False
19.34_72.9,1,19.34048,72.90211,False
19.34_72.93,1,19.34396,72.93359,False
19.34_73.28,1,19.33536,73.27925,False
19.34_73.34,1,19.33738,73.34219,False
19.34_73.41,1,19.33709,73.40656,False
19.34_73.93,1,19.33761,73.9324,False
19.34_73.94,1,19.33959,73.94032,False
19.34_74.68,1,19.33747,74.6799,False
19.34_74.97,1,19.33835,74.9656,False
19.34_76.1,1,19.34027,76.10304,False
19.34_76.4,1,19.34117,76.40089,False
19.34_76.66,1,19.33959,76.65619,False
19.34_76.83,1,19.33883,76.82581,False
19.34_78.11,1,19.34269,78.10825,False
19.34_78.29,1,19.3371,78.28844,False
19.34_78.3,1,19.34218,78.30415,False
15.83_78.59,1,15.83156,78.58836,False
19.34_78.34,1,19.3433,78.34432,False
19.34_79.09,1,19.33886,79.09109,False
19.34_79.1,1,19.33871,79.09519,False
19.34_79.16,1,19.33721,79.15672,False
19.34_79.49,1,19.33667,79.49484,False
19.34_79.55,1,19.34313,79.5479,False
19.34_80.01,1,19.33862,80.01337,False
19.34_80.18,1,19.3419,80.17799,False
19.34_80.25,1,19.34266,80.24987,False
19.34_80.7,1,19.33784,80.69683,False
19.35_73.14,1,19.34883,73.14426,False
19.35_73.15,1,19.3476,73.15173,False
19.35_73.24,1,19.34991,73.23969,False
19.35_73.42,1,19.34855,73.42458,False
19.35_73.43,1,19.34885,73.42546,False
19.35_73.9,1,19.35374,73.89716,False
19.35_73.96,1,19.35187,73.95712,False
19.35_73.98,1,19.35147,73.97777,False
19.35_74.08,1,19.35248,74.07787,False
19.35_76.39,1,19.35484,76.39379,False
19.35_76.58,1,19.35217,76.57838,False
19.35_76.61,1,19.35463,76.61172,False
19.35_78.05,1,19.34694,78.05307,False
19.35_78.27,1,19.3548,78.26566,False
19.35_78.34,1,19.35442,78.33977,False
19.35_78.38,1,19.34583,78.3759,False
19.35_78.39,1,19.34796,78.38564,False
19.35_78.42,1,19.35304,78.42014,False
19.35_78.52,1,19.35056,78.51626,False
19.35_78.76,1,19.35221,78.75735,False
19.35_79.7,1,19.34936,79.70327,False
19.35_79.71,1,19.34998,79.70709,False
19.35_80.54,1,19.34571,80.54126,False
19.36_73.39,1,19.35828,73.39087,False
19.36_73.49,1,19.36482,73.49088,False
19.36_73.6,1,19.36051,73.59699,False
19.36_73.71,1,19.35864,73.71471,False
19.36_73.78,1,19.3625,73.77534,False
19.36_73.79,1,19.3572,73.78677,False
19.36_73.98,1,19.35562,73.9766,False
19.36_74.91,1,19.35553,74.91335,False
19.36_78.3,1,19.35781,78.30406,False
15.83_78.6,1,15.83041,78.60188,False
19.36_78.35,1,19.35696,78.35084,False
19.36_78.4,1,19.3618,78.40295,False
19.36_78.43,1,19.36294,78.4251,False
19.36_79.69,1,19.35807,79.6881,False
19.36_80.05,1,19.35692,80.04623,False
15.83_78.61,1,15.83073,78.60986,False
19.36_80.14,1,19.36464,80.14073,False
19.36_80.54,1,19.35512,80.54257,False
19.36_80.88,1,19.36019,80.88425,False
19.36_80.89,1,19.36057,80.88799,False
19.36_80.9,1,19.35553,80.8957,False
19.37_73.41,1,19.36614,73.41311,False
19.37_73.49,1,19.36684,73.48714,False
15.83_79.52,1,15.82935,79.52122,False
15.83_79.56,1,15.82875,79.56404,False
19.37_73.71,1,19.36541,73.71141,False
19.37_73.89,1,19.37374,73.88697,False
19.37_73.92,1,19.36739,73.9166,False
19.37_74.16,1,19.37,74.15946,False
19.37_75.74,1,19.36905,75.74158,False
19.37_75.79,1,19.37128,75.78815,False
19.37_76.78,1,19.37146,76.77848,False
19.37_77.52,1,19.37376,77.51723,False
15.83_80.05,1,15.83421,80.05276,False
19.37_78.34,1,19.36814,78.34359,False
19.37_78.43,1,19.36592,78.42685,False
19.37_78.67,1,19.37336,78.67287,False
19.37_80.05,1,19.37107,80.05386,False
19.37_80.06,1,19.37244,80.06037,False
19.37_80.85,1,19.36868,80.85486,False
15.83_80.07,1,15.82599,80.06583,False
19.37_80.88,1,19.36596,80.88382,False
19.37_80.89,1,19.36629,80.88719,False
19.37_80.9,1,19.36726,80.89681,False
19.38_72.83,1,19.3769,72.83399,False
19.38_72.89,1,19.38408,72.88793,False
19.38_72.9,1,19.38229,72.89539,False
19.38_73.37,1,19.38336,73.36718,False
19.38_73.42,1,19.37793,73.42036,False
19.38_73.43,1,19.38347,73.43488,False
19.38_73.51,1,19.38241,73.50526,False
19.38_74.22,1,19.38296,74.21678,False
19.38_76.53,1,19.38473,76.53455,False
19.38_77.58,1,19.37823,77.57527,False
19.38_78.14,1,19.37955,78.14239,False
19.38_78.61,1,19.38449,78.6135,False
19.38_79.07,1,19.38461,79.07047,False
19.38_79.19,1,19.3773,79.19187,False
19.38_79.21,1,19.38,79.21017,False
19.38_80.42,1,19.38387,80.41869,False
19.39_73.5,1,19.388,73.50434,False
19.39_73.63,1,19.38936,73.63161,False
19.39_73.66,1,19.38776,73.65608,False
19.39_76.26,1,19.39189,76.26277,False
19.39_76.3,1,19.38951,76.29655,False
19.39_76.4,1,19.39344,76.3993,False
19.39_76.46,1,19.39204,76.46132,False
19.39_76.57,1,19.38943,76.57104,False
19.39_76.74,1,19.38944,76.7395,False
19.39_78.36,1,19.38592,78.36197,False
19.39_78.67,1,19.38848,78.66518,False
19.39_79.07,1,19.38931,79.07403,False
19.39_79.08,1,19.38654,79.07875,False
19.39_79.82,1,19.38988,79.82487,False
19.39_79.84,1,19.38595,79.83896,False
19.39_80.03,1,19.38985,80.03284,False
19.39_80.04,1,19.3886,80.04026,False
19.3_73.53,1,19.29904,73.53094,False
19.3_73.64,1,19.29581,73.64256,False
19.3_74.7,1,19.2999,74.69704,False
19.3_75.31,1,19.30347,75.31224,False
19.3_75.53,1,19.30397,75.53184,False
19.3_76.73,1,19.30449,76.72769,False
19.3_76.84,1,19.29918,76.84492,False
19.3_77.86,1,19.29723,77.86494,False
19.3_78.05,1,19.29606,78.05413,False
19.3_78.12,1,19.29779,78.11677,False
19.3_78.18,1,19.29606,78.17915,False
19.3_78.82,1,19.30389,78.8186,False
19.3_78.87,1,19.29755,78.87158,False
19.3_79.1,1,19.29578,79.09895,False
19.3_79.16,1,19.30286,79.16331,False
19.3_79.7,1,19.30313,79.70032,False
19.3_80.0,1,19.29841,79.99677,False
19.41_73.32,1,19.41157,73.3152,False
19.41_73.33,1,19.41244,73.32697,False
19.41_73.36,1,19.41449,73.36383,False
19.41_73.37,1,19.41485,73.36725,False
19.41_73.48,1,19.41116,73.48409,False
19.41_73.63,1,19.413,73.63113,False
19.41_73.65,1,19.41346,73.65437,False
19.41_75.13,1,19.41069,75.12544,False
19.41_75.39,1,19.4101,75.38856,False
19.41_76.65,1,19.41473,76.65408,False
15.83_80.08,1,15.82722,80.0759,False
19.41_76.83,1,19.40708,76.83045,False
19.41_77.93,1,19.41311,77.92727,False
19.41_78.49,1,19.41022,78.48648,False
19.41_78.76,1,19.41413,78.76364,False
19.41_79.0,1,19.40577,79.00462,False
19.41_79.09,1,19.41312,79.09203,False
19.41_79.1,1,19.41113,79.09865,False
19.41_79.33,1,19.4077,79.3268,False
19.41_80.73,1,19.41151,80.72861,False
19.42_73.36,1,19.42325,73.35593,False
19.42_73.44,1,19.41571,73.43767,False
19.42_73.46,1,19.42488,73.46405,False
19.42_73.61,1,19.41827,73.61064,False
19.42_73.63,1,19.41678,73.6306,False
19.42_74.15,1,19.42195,74.1479,False
19.42_74.89,1,19.42424,74.88504,False
19.42_75.31,1,19.42081,75.31485,False
19.42_76.33,1,19.41883,76.33433,False
19.42_76.66,1,19.41657,76.65707,False
19.42_76.71,1,19.42463,76.71247,False
15.83_80.13,1,15.82883,80.13258,False
19.42_77.21,1,19.42432,77.21384,False
19.42_78.39,1,19.41866,78.3884,False
19.42_78.42,1,19.42389,78.42492,False
19.42_78.5,1,19.42424,78.50006,False
19.42_78.59,1,19.41554,78.59128,False
19.42_79.12,1,19.42467,79.11626,False
19.42_80.03,1,19.42056,80.02802,False
19.42_80.89,1,19.41891,80.88827,False
19.43_73.23,1,19.43228,73.22861,False
19.43_73.35,1,19.42689,73.34941,False
19.43_73.43,1,19.42949,73.42928,False
19.43_73.51,1,19.43018,73.5148,False
19.43_73.52,1,19.43054,73.5183,False
19.43_73.92,1,19.42687,73.92387,False
19.43_74.18,1,19.43203,74.1834,False
19.43_75.4,1,19.42702,75.39521,False
19.43_76.32,1,19.43416,76.3233,False
19.43_76.64,1,19.42642,76.63937,False
19.43_77.12,1,19.4278,77.11945,False
19.43_78.47,1,19.43013,78.46905,False
19.43_78.56,1,19.43411,78.55729,False
19.43_79.24,1,19.43491,79.24073,False
19.43_79.36,1,19.43316,79.36092,False
19.44_73.07,1,19.44031,73.07459,False
19.44_73.08,1,19.44042,73.07632,False
19.44_73.15,1,19.43919,73.14915,False
19.44_73.18,1,19.44008,73.1786,False
19.44_73.37,1,19.43762,73.36964,False
19.44_73.43,1,19.44436,73.42533,False
19.44_73.47,1,19.4432,73.46544,False
15.83_80.14,1,15.83047,80.14481,False
19.44_74.67,1,19.43568,74.67457,False
19.44_75.31,1,19.44153,75.30792,False
19.44_78.08,1,19.44318,78.08331,False
19.44_78.16,1,19.44227,78.15874,False
19.44_78.39,1,19.43554,78.38813,False
19.44_78.46,1,19.43623,78.4593,False
19.44_78.98,1,19.44073,78.97871,False
19.44_79.52,1,19.43917,79.52146,False
19.44_79.53,1,19.43919,79.52965,False
19.44_79.55,1,19.43729,79.54771,False
19.44_79.78,1,19.43528,79.77882,False
19.44_80.68,1,19.4399,80.68275,False
19.45_73.11,1,19.45231,73.11371,False
19.45_73.43,1,19.45405,73.43301,False
19.45_73.52,1,19.45218,73.52113,False
19.45_73.57,1,19.45377,73.56582,False
19.45_74.44,1,19.45445,74.44207,False
19.45_75.15,1,19.44563,75.14701,False
19.45_76.37,1,19.44663,76.36591,False
19.45_76.62,1,19.44502,76.61707,False
19.45_78.36,1,19.44531,78.3616,False
19.45_78.57,1,19.4519,78.56563,False
19.45_79.13,1,19.45448,79.13199,False
19.45_79.26,1,19.44789,79.26279,False
19.45_79.47,1,19.45391,79.46657,False
19.45_79.52,1,19.44687,79.51566,False
19.45_79.74,1,19.44593,79.74077,False
19.45_80.06,1,19.45182,80.05891,False
19.45_80.65,1,19.45471,80.65382,False
19.45_80.66,1,19.45226,80.65524,False
19.46_73.43,1,19.45792,73.43222,False
19.46_73.57,1,19.45761,73.56504,False
19.46_73.58,1,19.45644,73.58076,False
19.46_73.7,1,19.46374,73.69917,False
19.46_73.86,1,19.46484,73.85685,False
19.46_73.9,1,19.45988,73.90182,False
19.46_75.54,1,19.45926,75.54067,False
19.46_78.17,1,19.45766,78.1729,False
19.46_78.38,1,19.46433,78.37734,False
19.46_78.49,1,19.45525,78.49149,False
19.46_79.04,1,19.46142,79.03638,False
15.83_80.15,1,15.83207,80.15454,False
19.46_79.89,1,19.46215,79.8867,False
19.46_80.05,1,19.46128,80.05336,False
19.46_80.33,1,19.4619,80.3288,False
19.46_80.5,1,19.46132,80.49754,False
19.46_80.73,1,19.45662,80.73007,False
19.47_73.38,1,19.46525,73.38442,False
19.47_73.5,1,19.4665,73.50375,False
19.47_74.02,1,19.46941,74.02499,False
19.47_74.03,1,19.46912,74.02887,False
19.47_74.19,1,19.46786,74.19496,False
19.47_76.37,1,19.4661,76.36687,False
19.47_78.34,1,19.4656,78.34233,False
19.47_78.38,1,19.46752,78.37521,False
19.47_78.73,1,19.47328,78.73131,False
19.47_79.47,1,19.46632,79.46892,False
19.47_79.67,1,19.4664,79.67386,False
19.47_79.85,1,19.46778,79.85442,False
19.47_79.86,1,19.47221,79.8646,False
19.47_79.87,1,19.47457,79.8681,False
19.47_79.88,1,19.46924,79.88108,False
19.47_79.89,1,19.46638,79.8858,False
19.47_80.06,1,19.47117,80.06452,False
19.48_73.14,1,19.48463,73.13956,False
19.48_73.83,1,19.48105,73.82848,False
19.48_73.9,1,19.47511,73.90191,False
19.48_73.97,1,19.48007,73.9714,False
19.48_75.38,1,19.4846,75.37943,False
19.48_75.4,1,19.4826,75.39626,False
19.48_75.89,1,19.475,75.89268,False
19.48_76.58,1,19.47829,76.58427,False
19.48_77.53,1,19.48443,77.52502,False
19.48_78.19,1,19.47942,78.18835,False
19.48_78.23,1,19.48246,78.22852,False
19.48_78.73,1,19.47676,78.73067,False
19.48_79.4,1,19.48353,79.40427,False
19.48_79.46,1,19.47819,79.45753,False
19.48_79.48,1,19.48195,79.47646,False
19.48_79.86,1,19.4776,79.86396,False
19.48_79.87,1,19.47797,79.86752,False
19.48_79.96,1,19.4844,79.96385,False
19.48_80.1,1,19.48099,80.10172,False
19.48_80.69,1,19.47951,80.68678,False
19.48_80.88,1,19.48162,80.8777,False
19.49_72.85,1,19.48659,72.85122,False
19.49_73.47,1,19.48532,73.46866,False
19.49_73.74,1,19.49248,73.74214,False
19.49_73.84,1,19.48519,73.84364,False
19.49_73.9,1,19.48763,73.89877,False
19.49_73.94,1,19.48821,73.93659,False
19.49_74.01,1,19.49214,74.01129,False
15.83_80.16,1,15.83228,80.15664,False
19.49_75.46,1,19.49494,75.46,False
19.49_76.8,1,19.49036,76.79695,False
19.49_78.65,1,19.49431,78.64708,False
19.49_78.7,1,19.48978,78.70462,False
19.49_79.14,1,19.49267,79.13575,False
15.83_80.26,1,15.83097,80.2573,False
19.49_79.19,1,19.48502,79.1877,False
19.49_79.4,1,19.48684,79.40371,False
19.49_79.61,1,19.49214,79.61008,False
19.49_80.46,1,19.48884,80.46358,False
19.49_80.84,1,19.49091,80.84464,False
19.4_72.82,1,19.40006,72.82186,False
19.4_72.87,1,19.40249,72.86974,False
19.4_73.41,1,19.40408,73.40602,False
19.4_73.42,1,19.39726,73.42483,False
19.4_73.51,1,19.40035,73.51497,False
19.4_73.63,1,19.40212,73.63077,False
19.4_73.67,1,19.39944,73.6694,False
19.4_73.74,1,19.39519,73.74144,False
19.4_73.75,1,19.39817,73.75076,False
19.4_73.89,1,19.39774,73.89008,False
19.4_76.46,1,19.39579,76.46107,False
19.4_78.45,1,19.39768,78.4528,False
19.4_79.08,1,19.39686,79.07674,False
19.51_73.06,1,19.50871,73.05527,False
19.51_73.07,1,19.51009,73.06693,False
19.51_73.2,1,19.51376,73.20005,False
19.51_73.79,1,19.51249,73.78564,False
19.51_73.81,1,19.51233,73.80619,False
19.51_74.22,1,19.5101,74.21537,False
19.51_74.81,1,19.51414,74.81078,False
19.51_76.11,1,19.50849,76.11457,False
19.51_76.12,1,19.50811,76.11734,False
19.51_76.3,1,19.51147,76.29805,False
19.51_77.14,1,19.50675,77.13858,False
19.51_78.14,1,19.50986,78.13804,False
19.51_78.18,1,19.5108,78.17653,False
19.51_78.33,1,19.5121,78.33202,False
19.51_78.72,1,19.50563,78.7188,False
19.51_79.24,1,19.51212,79.2366,False
19.51_79.46,1,19.51237,79.45917,False
19.51_79.47,1,19.50689,79.46758,False
15.83_80.27,1,15.83403,80.27242,False
19.51_79.5,1,19.50835,79.49846,False
19.51_79.93,1,19.51408,79.93279,False
19.52_73.21,1,19.52264,73.20595,False
19.52_73.46,1,19.51761,73.46104,False
19.52_73.48,1,19.51842,73.48162,False
19.52_73.49,1,19.5248,73.48598,False
19.52_73.59,1,19.51675,73.59331,False
19.52_73.69,1,19.52126,73.69442,False
19.52_74.07,1,19.51795,74.07427,False
19.52_75.38,1,19.52297,75.37878,False
19.52_76.55,1,19.5214,76.54722,False
15.83_80.4,1,15.82973,80.39923,False
19.52_77.37,1,19.52167,77.36951,False
19.52_78.15,1,19.51861,78.14767,False
19.52_78.44,1,19.52271,78.44024,False
19.52_78.56,1,19.52103,78.55782,False
19.52_79.02,1,19.51866,79.01919,False
19.52_79.09,1,19.51511,79.08972,False
19.52_79.46,1,19.51624,79.46223,False
19.52_79.47,1,19.51645,79.47215,False
19.52_79.48,1,19.51518,79.47736,False
19.52_79.49,1,19.51687,79.48829,False
19.52_80.81,1,19.52244,80.81329,False
19.53_73.08,1,19.52909,73.07925,False
19.53_73.18,1,19.53206,73.17895,False
19.53_73.22,1,19.53424,73.21518,False
19.53_73.28,1,19.53498,73.28053,False
19.53_73.5,1,19.52671,73.50061,False
19.53_73.51,1,19.53352,73.50883,False
19.53_73.56,1,19.53399,73.56168,False
19.53_74.04,1,19.5292,74.04303,False
19.53_74.67,1,19.53254,74.67101,False
19.53_75.13,1,19.53064,75.13331,False
19.53_75.53,1,19.52843,75.53465,False
19.53_75.69,1,19.52812,75.68511,False
19.53_76.02,1,19.53242,76.01714,False
19.53_76.69,1,19.52693,76.69171,False
19.53_77.37,1,19.52999,77.37461,False
19.53_78.12,1,19.53106,78.12248,False
19.53_78.13,1,19.52654,78.13393,False
19.53_78.17,1,19.53025,78.17374,False
19.53_78.35,1,19.52846,78.35123,False
19.53_78.58,1,19.53446,78.58394,False
19.53_79.03,1,19.53312,79.03482,False
19.53_79.23,1,19.53205,79.22532,False
19.53_79.49,1,19.52504,79.49186,False
19.53_80.81,1,19.52799,80.81196,False
19.54_73.06,1,19.54345,73.06213,False
19.54_73.16,1,19.53647,73.15844,False
19.54_73.27,1,19.54018,73.26617,False
19.54_73.29,1,19.54367,73.28757,False
19.54_73.39,1,19.54045,73.39104,False
19.54_73.4,1,19.54057,73.39793,False
19.54_73.46,1,19.53937,73.46024,False
19.54_73.56,1,19.53671,73.56091,False
19.54_73.81,1,19.5429,73.8093,False
19.54_73.87,1,19.54147,73.86964,False
19.54_74.67,1,19.53612,74.67109,False
19.54_74.77,1,19.54206,74.77473,False
19.54_76.18,1,19.54106,76.1842,False
19.54_78.25,1,19.53681,78.25433,False
19.54_78.96,1,19.54401,78.96256,False
19.54_78.98,1,19.53547,78.97882,False
19.54_79.02,1,19.54438,79.02164,False
19.54_79.07,1,19.53733,79.07486,False
19.54_79.22,1,19.54247,79.22183,False
19.54_79.41,1,19.53906,79.41483,False
19.54_80.19,1,19.54439,80.18582,False
19.54_80.39,1,19.54001,80.39216,False
19.54_80.64,1,19.53626,80.64487,False
19.55_72.81,1,19.55413,72.81096,False
19.55_73.54,1,19.55037,73.53805,False
19.55_73.77,1,19.54797,73.77499,False
19.55_73.83,1,19.55041,73.82892,False
19.55_76.03,1,19.54569,76.03373,False
19.55_79.16,1,19.54749,79.16164,False
19.55_79.39,1,19.55482,79.38659,False
19.55_79.4,1,19.55223,79.4009,False
19.55_80.13,1,19.54835,80.13425,False
15.83_80.41,1,15.8256,80.40518,False
19.55_80.63,1,19.54705,80.63139,False
19.55_80.65,1,19.54798,80.64923,False
19.56_72.92,1,19.56217,72.92004,False
19.56_73.2,1,19.56153,73.20446,False
19.56_73.32,1,19.5621,73.31766,False
19.56_73.35,1,19.55748,73.34929,False
19.56_73.37,1,19.55733,73.36882,False
19.56_73.51,1,19.5638,73.51265,False
19.56_73.52,1,19.56433,73.5171,False
19.56_74.06,1,19.56271,74.0629,False
19.56_74.07,1,19.56195,74.06808,False
19.56_75.0,1,19.56401,75.00258,False
19.56_75.53,1,19.55897,75.53464,False
19.56_75.76,1,19.56301,75.76012,False
19.56_75.85,1,19.55797,75.84531,False
19.56_76.94,1,19.55817,76.94203,False
19.56_77.11,1,19.55742,77.11348,False
19.56_78.99,1,19.55869,78.99059,False
19.56_79.16,1,19.56026,79.15512,False
19.56_80.67,1,19.556,80.66859,False
19.56_80.88,1,19.56355,80.87995,False
19.57_73.24,1,19.57322,73.24174,False
19.57_73.36,1,19.56721,73.36391,False
19.57_73.37,1,19.57114,73.3672,False
19.57_73.8,1,19.57446,73.80206,False
19.57_75.01,1,19.56514,75.00514,False
19.57_76.28,1,19.56682,76.28352,False
19.57_78.75,1,19.56952,78.75445,False
19.57_78.98,1,19.57231,78.98318,False
19.57_79.42,1,19.56875,79.41836,False
19.57_79.47,1,19.56862,79.47189,False
15.84_73.77,1,15.83983,73.77469,False
19.57_80.14,1,19.57342,80.14212,False
15.84_74.06,1,15.8375,74.0578,False
19.58_73.2,1,19.58317,73.20274,False
19.58_73.22,1,19.58344,73.21742,False
19.58_73.48,1,19.58162,73.47741,False
19.58_73.5,1,19.58065,73.50326,False
15.84_74.19,1,15.83823,74.19083,False
19.58_73.52,1,19.57932,73.51814,False
19.58_73.6,1,19.57569,73.59566,False
19.58_73.96,1,19.57543,73.95969,False
19.58_73.97,1,19.58149,73.9744,False
19.58_73.98,1,19.58204,73.9781,False
19.58_74.22,1,19.57818,74.22478,False
19.58_76.15,1,19.57993,76.15019,False
19.58_77.17,1,19.58051,77.16786,False
19.58_77.24,1,19.57541,77.23588,False
19.58_78.44,1,19.58475,78.44219,False
19.58_78.46,1,19.58277,78.45814,False
19.58_79.26,1,19.5844,79.25611,False
19.58_79.3,1,19.58252,79.30009,False
19.58_79.36,1,19.5781,79.35513,False
19.58_79.77,1,19.57587,79.76679,False
19.58_79.98,1,19.57869,79.9773,False
15.84_75.42,1,15.84148,75.42189,False
15.84_75.78,1,15.83653,75.77869,False
19.58_80.16,1,19.57561,80.15784,False
19.59_73.11,1,19.59011,73.11159,False
19.59_73.17,1,19.5904,73.17316,False
15.84_76.55,1,15.84464,76.55252,False
19.59_73.52,1,19.58611,73.51704,False
15.84_76.56,1,15.84185,76.55666,False
19.59_73.97,1,19.58812,73.97327,False
19.59_73.99,1,19.5933,73.99246,False
19.59_74.0,1,19.58808,73.99619,False
19.59_78.42,1,19.58681,78.42305,False
19.59_78.43,1,19.58945,78.43482,False
19.59_78.46,1,19.59296,78.46368,False
19.59_78.56,1,19.59146,78.55699,False
19.59_79.07,1,19.59079,79.06734,False
19.59_79.41,1,19.58562,79.40556,False
19.59_79.77,1,19.59459,79.77197,False
19.5_72.86,1,19.49794,72.86243,False
19.5_73.32,1,19.50249,73.31783,False
19.5_73.54,1,19.49659,73.54369,False
19.5_73.55,1,19.49694,73.54719,False
19.5_73.78,1,19.49875,73.77614,False
19.5_73.81,1,19.49573,73.80737,False
19.5_73.83,1,19.49607,73.82655,False
19.5_73.9,1,19.50211,73.90247,False
19.5_74.02,1,19.49829,74.01644,False
19.5_74.05,1,19.49884,74.05424,False
19.5_75.41,1,19.50061,75.41288,False
19.5_75.5,1,19.50152,75.50391,False
19.5_75.68,1,19.50256,75.68498,False
19.5_78.8,1,19.4993,78.80141,False
19.5_78.89,1,19.49737,78.8903,False
19.5_79.14,1,19.49644,79.13506,False
19.5_79.17,1,19.49824,79.16925,False
19.5_79.33,1,19.50248,79.33036,False
19.5_79.39,1,19.49545,79.38907,False
19.5_79.45,1,19.50077,79.44991,False
19.5_79.46,1,19.50229,79.46001,False
19.5_79.47,1,19.50084,79.47234,False
19.5_79.48,1,19.5014,79.47598,False
19.5_79.5,1,19.5045,79.49919,False
19.5_80.06,1,19.50224,80.06417,False
19.5_80.09,1,19.49688,80.08871,False
19.5_80.15,1,19.50198,80.14864,False
19.5_80.27,1,19.49588,80.26544,False
19.61_72.74,1,19.61196,72.74428,False
19.61_73.2,1,19.60903,73.19833,False
19.61_73.21,1,19.61169,73.20633,False
19.61_73.23,1,19.61094,73.23157,False
19.61_73.24,1,19.60766,73.24383,False
19.61_73.42,1,19.6055,73.42446,False
19.61_76.76,1,19.60669,76.76126,False
19.61_76.77,1,19.60762,76.76638,False
19.61_77.16,1,19.61077,77.16458,False
19.61_78.22,1,19.60629,78.22306,False
19.61_78.43,1,19.60501,78.43044,False
19.61_78.44,1,19.61333,78.44257,False
19.61_78.69,1,19.6134,78.69218,False
19.61_79.23,1,19.6063,79.22893,False
19.61_79.28,1,19.60854,79.27998,False
19.61_79.29,1,19.60725,79.29308,False
19.61_79.3,1,19.60724,79.29562,False
19.61_79.31,1,19.60646,79.30936,False
19.61_79.39,1,19.60836,79.39444,False
19.61_79.61,1,19.61364,79.6087,False
19.61_80.02,1,19.61114,80.02252,False
19.62_72.76,1,19.6203,72.76235,False
19.62_72.77,1,19.62145,72.77061,False
19.62_73.19,1,19.61525,73.19339,False
15.84_76.65,1,15.83798,76.64834,False
19.62_73.23,1,19.61958,73.23436,False
19.62_73.24,1,19.62053,73.23964,False
19.62_73.29,1,19.62045,73.29353,False
19.62_73.35,1,19.6232,73.35282,False
15.84_76.78,1,15.84144,76.78275,False
19.62_73.45,1,19.61934,73.4547,False
19.62_76.11,1,19.62425,76.10789,False
19.62_76.31,1,19.61838,76.31035,False
19.62_77.11,1,19.62166,77.10641,False
19.62_77.17,1,19.61534,77.16853,False
19.62_77.4,1,19.6223,77.40439,False
19.62_77.82,1,19.61588,77.81779,False
19.62_78.13,1,19.62024,78.12638,False
19.62_78.43,1,19.61901,78.42975,False
19.62_78.48,1,19.61985,78.47972,False
19.62_78.53,1,19.61524,78.52525,False
19.62_78.57,1,19.61895,78.57052,False
19.62_78.69,1,19.61678,78.69267,False
19.62_79.15,1,19.62372,79.14781,False
19.62_79.17,1,19.62387,79.17222,False
19.62_79.28,1,19.62081,79.28497,False
15.84_77.16,1,15.83736,77.16109,False
19.62_79.3,1,19.61676,79.29754,False
19.62_79.31,1,19.6166,79.30544,False
19.62_79.38,1,19.61725,79.38476,False
19.62_79.48,1,19.61612,79.48359,False
19.62_79.6,1,19.62104,79.60179,False
19.62_79.93,1,19.62374,79.93312,False
15.84_77.77,1,15.8386,77.76801,False
19.62_79.99,1,19.62241,79.99382,False
15.84_77.86,1,15.83846,77.8586,False
19.62_80.89,1,19.61673,80.89382,False
19.63_72.87,1,19.62515,72.86755,False
19.63_73.01,1,19.62705,73.01467,False
19.63_73.22,1,19.63052,73.22152,False
19.63_73.23,1,19.63031,73.2265,False
19.63_73.35,1,19.63115,73.35041,False
19.63_73.39,1,19.6289,73.3931,False
19.63_73.4,1,19.63456,73.39711,False
19.63_73.53,1,19.62659,73.52606,False
19.63_73.63,1,19.6348,73.62975,False
19.63_73.99,1,19.62886,73.99368,False
19.63_74.26,1,19.6286,74.26192,False
19.63_75.71,1,19.63198,75.71286,False
19.63_76.48,1,19.63062,76.47686,False
19.63_77.73,1,19.62898,77.72622,False
19.63_78.35,1,19.62567,78.35169,False
19.63_78.4,1,19.63429,78.40158,False
19.63_78.71,1,19.62957,78.70763,False
19.63_79.37,1,19.63119,79.36664,False
19.63_79.38,1,19.63387,79.37746,False
19.63_79.39,1,19.63178,79.38635,False
19.63_79.4,1,19.62709,79.39682,False
19.63_79.93,1,19.62794,79.93226,False
15.84_78.51,1,15.83549,78.51029,False
19.63_80.01,1,19.62637,80.01382,False
19.63_80.1,1,19.63471,80.104,False
19.64_73.18,1,19.64121,73.17873,False
19.64_73.27,1,19.64434,73.27498,False
15.84_78.56,1,15.84169,78.56135,False
19.64_73.29,1,19.64304,73.28593,False
19.64_73.33,1,19.64479,73.33491,False
19.64_73.34,1,19.64097,73.33972,False
19.64_73.35,1,19.63559,73.35094,False
19.64_73.37,1,19.64154,73.36891,False
19.64_73.4,1,19.63892,73.39661,False
19.64_73.41,1,19.64476,73.41329,False
19.64_73.6,1,19.64497,73.59984,False
19.64_73.63,1,19.63558,73.63378,False
19.64_75.31,1,19.63867,75.30756,False
19.64_75.64,1,19.64266,75.63808,False
19.64_77.01,1,19.63645,77.00523,False
19.64_77.84,1,19.63501,77.83746,False
19.64_77.85,1,19.6417,77.84749,False
19.64_78.21,1,19.63827,78.20692,False
19.64_78.44,1,19.63634,78.4443,False
19.64_78.45,1,19.6352,78.44675,False
19.64_78.51,1,19.6382,78.50538,False
19.64_78.66,1,19.64119,78.6602,False
19.64_79.26,1,19.63707,79.25899,False
19.64_79.38,1,19.64124,79.3758,False
19.64_79.39,1,19.63582,79.38606,False
19.64_79.76,1,19.63886,79.76461,False
19.64_79.94,1,19.6362,79.93665,False
19.64_80.09,1,19.64217,80.08699,False
19.65_73.22,1,19.65088,73.2166,False
19.65_73.6,1,19.64543,73.60376,False
19.65_73.64,1,19.64729,73.6403,False
19.65_74.06,1,19.6459,74.0593,False
19.65_74.78,1,19.65182,74.78411,False
19.65_74.92,1,19.64829,74.91605,False
19.65_75.63,1,19.64944,75.63361,False
15.84_78.58,1,15.83604,78.57745,False
19.65_76.61,1,19.64562,76.60561,False
19.65_76.8,1,19.64801,76.79546,False
19.65_77.76,1,19.65458,77.76099,False
19.65_78.43,1,19.65471,78.43477,False
19.65_78.44,1,19.65208,78.4387,False
19.65_78.45,1,19.65071,78.44985,False
19.65_78.46,1,19.64901,78.45679,False
19.65_78.48,1,19.6456,78.47781,False
19.65_78.53,1,19.65192,78.53092,False
19.65_78.57,1,19.65171,78.56638,False
19.65_79.38,1,19.64646,79.37928,False
19.65_79.54,1,19.65498,79.54346,False
15.84_78.59,1,15.84385,78.58678,False
19.65_79.56,1,19.64696,79.55517,False
19.65_79.74,1,19.65189,79.73766,False
19.65_79.77,1,19.64925,79.76926,False
19.65_79.99,1,19.65064,79.98544,False
19.66_72.8,1,19.65598,72.79756,False
19.66_73.03,1,19.65756,73.02843,False
19.66_73.09,1,19.6612,73.09229,False
19.66_73.22,1,19.65962,73.22073,False
19.66_73.43,1,19.65644,73.43243,False
19.66_73.47,1,19.66371,73.4657,False
19.66_73.6,1,19.65706,73.59949,False
19.66_74.6,1,19.65965,74.59605,False
19.66_75.63,1,19.65787,75.63391,False
19.66_75.64,1,19.65804,75.63616,False
19.66_75.94,1,19.65531,75.93647,False
19.66_76.19,1,19.65914,76.18832,False
19.66_76.48,1,19.66326,76.48026,False
19.66_76.71,1,19.661,76.70755,False
19.66_77.38,1,19.65915,77.37962,False
19.66_78.08,1,19.66356,78.07725,False
19.66_78.25,1,19.6616,78.25082,False
19.66_78.4,1,19.65899,78.39607,False
19.66_78.43,1,19.66424,78.43233,False
19.66_78.44,1,19.65537,78.44057,False
19.66_78.48,1,19.66178,78.47997,False
19.66_78.58,1,19.65656,78.57841,False
19.66_78.68,1,19.66448,78.67697,False
19.66_78.86,1,19.66121,78.85986,False
19.66_78.98,1,19.6629,78.97771,False
19.66_79.0,1,19.66108,79.00207,False
19.66_79.21,1,19.66278,79.2123,False
15.84_78.63,1,15.84362,78.6297,False
19.66_79.48,1,19.66225,79.48471,False
19.66_79.49,1,19.66241,79.48775,False
19.66_79.52,1,19.65519,79.52236,False
15.84_79.77,1,15.84457,79.77414,False
15.84_79.97,1,15.84493,79.9734,False
19.66_79.8,1,19.66368,79.79849,False
19.66_79.98,1,19.6561,79.98487,False
19.67_73.0,1,19.66791,73.00266,False
19.67_73.13,1,19.67032,73.1324,False
19.67_73.38,1,19.67421,73.38189,False
19.67_73.6,1,19.66736,73.59585,False
19.67_73.95,1,19.67329,73.94991,False
19.67_73.97,1,19.66931,73.96676,False
19.67_74.72,1,19.66687,74.72401,False
19.67_74.73,1,19.66923,74.72761,False
19.67_75.07,1,19.67402,75.06522,False
19.67_75.24,1,19.66903,75.24039,False
19.67_75.84,1,19.67214,75.83736,False
19.67_75.88,1,19.66589,75.87781,False
19.67_76.41,1,19.6669,76.40813,False
19.67_76.48,1,19.66643,76.47968,False
19.67_76.6,1,19.66886,76.6004,False
19.67_76.72,1,19.67249,76.71837,False
15.84_80.07,1,15.8398,80.07323,False
19.67_78.14,1,19.67425,78.14304,False
19.67_78.47,1,19.67333,78.47421,False
19.67_78.49,1,19.6708,78.49255,False
19.67_78.6,1,19.67181,78.59703,False
19.67_78.64,1,19.66915,78.64344,False
19.67_78.67,1,19.66602,78.67115,False
19.67_78.68,1,19.66899,78.67644,False
15.84_80.1,1,15.84495,80.10397,False
19.67_79.21,1,19.67058,79.20654,False
19.67_79.52,1,19.66623,79.52477,False
15.84_80.14,1,15.83996,80.13831,False
19.67_79.7,1,19.67451,79.69705,False
19.67_79.8,1,19.66638,79.79922,False
19.67_79.95,1,19.67139,79.94647,False
19.67_80.88,1,19.66817,80.87863,False
19.68_72.94,1,19.67959,72.93522,False
19.68_73.18,1,19.68123,73.18175,False
19.68_73.19,1,19.67849,73.18596,False
19.68_73.74,1,19.67611,73.7423,False
19.68_73.9,1,19.68193,73.90222,False
19.68_74.22,1,19.67982,74.22291,False
19.68_75.29,1,19.67978,75.29124,False
15.85_76.56,1,15.84517,76.55614,False
19.68_78.02,1,19.67696,78.01923,False
19.68_78.43,1,19.67607,78.4332,False
19.68_78.44,1,19.67539,78.43965,False
19.68_78.45,1,19.68293,78.4508,False
19.68_78.47,1,19.6761,78.47389,False
19.68_78.65,1,19.6764,78.65258,False
19.68_78.92,1,19.67912,78.91901,False
19.68_79.11,1,19.67796,79.10504,False
19.68_79.18,1,19.67566,79.17957,False
19.68_79.52,1,19.68339,79.5228,False
19.68_79.53,1,19.68271,79.52526,False
15.85_76.84,1,15.84506,76.83575,False
15.85_77.0,1,15.85224,76.99845,False
19.68_79.67,1,19.67997,79.66619,False
19.68_79.7,1,19.67781,79.6965,False
19.68_79.87,1,19.67906,79.87202,False
19.68_79.88,1,19.67975,79.87736,False
19.68_79.94,1,19.6775,79.9415,False
19.68_79.99,1,19.67623,79.98825,False
19.69_72.99,1,19.69116,72.99132,False
19.69_73.23,1,19.69439,73.23199,False
19.69_73.24,1,19.69497,73.23629,False
19.69_73.91,1,19.68909,73.91282,False
19.69_74.3,1,19.6949,74.2965,False
19.69_74.73,1,19.69164,74.73079,False
15.85_77.78,1,15.85209,77.78353,False
19.69_76.42,1,19.68803,76.42162,False
19.69_77.67,1,19.69427,77.66932,False
19.69_78.3,1,19.69215,78.30467,False
19.69_78.5,1,19.6857,78.49666,False
19.69_78.62,1,19.68575,78.61808,False
19.69_78.64,1,19.68866,78.63519,False
19.69_79.12,1,19.69357,79.12008,False
19.69_79.64,1,19.68661,79.63712,False
19.69_79.67,1,19.68996,79.67007,False
19.69_79.99,1,19.68851,79.99026,False
19.69_80.02,1,19.69405,80.01872,False
19.6_72.76,1,19.60319,72.76266,False
19.6_73.07,1,19.60257,73.07209,False
19.6_73.17,1,19.60088,73.17125,False
19.6_73.21,1,19.60215,73.20515,False
19.6_73.43,1,19.60194,73.42509,False
19.6_73.56,1,19.60061,73.5632,False
19.6_73.79,1,19.59737,73.78741,False
19.6_74.91,1,19.59588,74.90858,False
19.6_75.76,1,19.60476,75.75571,False
19.6_75.8,1,19.59889,75.80344,False
19.6_75.96,1,19.60334,75.95961,False
19.6_76.41,1,19.5954,76.40746,False
19.6_77.16,1,19.60474,77.1607,False
19.6_78.11,1,19.59519,78.10843,False
19.6_78.14,1,19.60003,78.13566,False
19.6_78.23,1,19.60274,78.22601,False
19.6_78.24,1,19.60363,78.24272,False
19.6_79.11,1,19.59853,79.11308,False
19.6_79.21,1,19.60364,79.20704,False
19.6_79.3,1,19.60457,79.30296,False
19.6_79.31,1,19.59981,79.30826,False
19.6_79.4,1,19.60481,79.3996,False
19.71_72.84,1,19.70975,72.84049,False
19.71_73.06,1,19.70942,73.06224,False
19.71_73.26,1,19.70569,73.26207,False
19.71_75.29,1,19.70941,75.28693,False
19.71_75.33,1,19.71403,75.3298,False
19.71_75.49,1,19.71474,75.48548,False
19.71_75.89,1,19.71453,75.88741,False
19.71_77.29,1,19.70528,77.2916,False
19.71_77.64,1,19.70771,77.63844,False
19.71_77.83,1,19.70985,77.83169,False
19.71_77.95,1,19.7093,77.95374,False
19.71_77.97,1,19.70779,77.96517,False
19.71_77.99,1,19.71164,77.98531,False
19.71_78.04,1,19.71028,78.03647,False
19.71_78.29,1,19.70747,78.29485,False
19.71_78.45,1,19.71185,78.44612,False
19.71_78.5,1,19.71249,78.50162,False
19.71_78.58,1,19.70535,78.57632,False
19.71_78.65,1,19.70545,78.64878,False
19.71_78.73,1,19.70968,78.72629,False
19.71_79.52,1,19.70916,79.51684,False
19.71_79.61,1,19.7085,79.61181,False
19.71_79.62,1,19.71267,79.61558,False
19.71_79.64,1,19.70691,79.64389,False
15.85_77.91,1,15.85156,77.9064,False
19.71_79.74,1,19.71127,79.73647,False
19.71_80.83,1,19.71083,80.83095,False
19.72_72.74,1,19.72345,72.73995,False
19.72_73.15,1,19.71838,73.15479,False
19.72_73.18,1,19.71959,73.17718,False
19.72_73.19,1,19.72347,73.18764,False
19.72_73.22,1,19.72408,73.22495,False
19.72_73.46,1,19.72491,73.46451,False
19.72_73.82,1,19.71873,73.82248,False
19.72_74.35,1,19.71993,74.3484,False
19.72_74.61,1,19.71656,74.61259,False
19.72_74.74,1,19.72437,74.74238,False
19.72_74.75,1,19.72493,74.74602,False
19.72_75.43,1,19.71883,75.42726,False
19.72_76.19,1,19.72283,76.19425,False
19.72_77.25,1,19.72327,77.24722,False
19.72_77.31,1,19.72109,77.31333,False
19.72_77.32,1,19.72192,77.3171,False
19.72_77.62,1,19.71754,77.61944,False
19.72_77.66,1,19.72245,77.65767,False
19.72_78.0,1,19.71693,78.00125,False
19.72_78.41,1,19.71668,78.4113,False
19.72_78.61,1,19.72132,78.61088,False
19.72_78.85,1,19.71762,78.85328,False
19.72_79.09,1,19.72292,79.09272,False
19.72_79.17,1,19.72288,79.17476,False
19.72_79.18,1,19.72338,79.17533,False
19.72_79.49,1,19.72121,79.49397,False
19.72_79.5,1,19.72142,79.49789,False
19.72_79.63,1,19.71823,79.63326,False
19.72_79.65,1,19.71851,79.65215,False
19.72_79.75,1,19.7227,79.74984,False
19.72_79.88,1,19.72268,79.87907,False
19.72_79.9,1,19.71511,79.90415,False
15.85_78.38,1,15.84602,78.37576,False
19.73_73.15,1,19.72729,73.15322,False
15.85_78.4,1,15.84505,78.39788,False
19.73_73.22,1,19.73173,73.21941,False
15.85_78.45,1,15.85153,78.452,False
19.73_73.34,1,19.73282,73.33912,False
19.73_73.46,1,19.72689,73.46331,False
19.73_73.47,1,19.72565,73.46881,False
19.73_74.21,1,19.7291,74.21422,False
19.73_74.22,1,19.72504,74.2161,False
19.73_75.63,1,19.73156,75.6281,False
19.73_77.46,1,19.72968,77.45898,False
19.73_77.61,1,19.72618,77.61353,False
19.73_77.63,1,19.72983,77.63023,False
19.73_77.65,1,19.72578,77.65337,False
19.73_77.66,1,19.72642,77.65689,False
19.73_78.08,1,19.7312,78.08224,False
19.73_78.57,1,19.73049,78.56707,False
19.73_78.63,1,19.73079,78.63266,False
19.73_78.66,1,19.72613,78.66257,False
19.73_78.74,1,19.72992,78.73511,False
19.73_78.78,1,19.7322,78.77841,False
19.73_79.45,1,19.72802,79.45166,False
19.73_79.46,1,19.72858,79.45531,False
19.73_79.57,1,19.7317,79.57069,False
19.73_79.58,1,19.7279,79.57551,False
19.73_79.62,1,19.72595,79.62491,False
19.73_79.63,1,19.72656,79.63044,False
19.74_72.91,1,19.74154,72.91001,False
19.74_73.18,1,19.7405,73.1773,False
19.74_73.33,1,19.73566,73.33414,False
19.74_73.34,1,19.73639,73.33841,False
19.74_73.42,1,19.74147,73.41586,False
19.74_73.46,1,19.742,73.46196,False
19.74_73.47,1,19.74239,73.46571,False
19.74_74.32,1,19.74273,74.32009,False
19.74_74.49,1,19.73564,74.48583,False
19.74_75.72,1,19.74112,75.71935,False
19.74_77.62,1,19.7351,77.62436,False
19.74_77.9,1,19.74452,77.89864,False
19.74_78.03,1,19.74095,78.02917,False
19.74_79.38,1,19.74054,79.38334,False
19.74_79.39,1,19.74117,79.3872,False
19.74_79.46,1,19.7408,79.45628,False
19.74_79.57,1,19.73549,79.56585,False
19.74_79.58,1,19.73704,79.57868,False
19.74_79.61,1,19.73615,79.61491,False
19.74_79.62,1,19.74001,79.61799,False
19.74_79.64,1,19.73834,79.64276,False
15.85_78.68,1,15.84803,78.67888,False
19.74_79.98,1,19.74086,79.97856,False
15.85_79.32,1,15.84638,79.31586,False
19.74_80.82,1,19.73588,80.82196,False
19.74_80.83,1,19.73665,80.82635,False
19.75_73.16,1,19.75357,73.15834,False
19.75_73.2,1,19.7527,73.19716,False
15.85_79.76,1,15.84544,79.75671,False
19.75_73.26,1,19.75033,73.25603,False
19.75_73.48,1,19.75461,73.47943,False
19.75_74.51,1,19.7516,74.50787,False
19.75_74.58,1,19.74753,74.57931,False
19.75_74.79,1,19.75204,74.79003,False
19.75_75.75,1,19.7487,75.75469,False
19.75_77.54,1,19.74946,77.53549,False
19.75_77.57,1,19.74691,77.57421,False
15.85_79.86,1,15.84697,79.86152,False
19.75_77.59,1,19.74651,77.588,False
19.75_77.79,1,19.75262,77.78585,False
19.75_78.28,1,19.75391,78.28107,False
19.75_78.55,1,19.74827,78.55366,False
19.75_78.6,1,19.74771,78.60122,False
19.75_79.49,1,19.75446,79.48579,False
19.75_79.5,1,19.75114,79.50156,False
19.75_79.59,1,19.75342,79.59102,False
19.75_79.65,1,19.7508,79.65469,False
19.75_79.77,1,19.74961,79.76974,False
15.85_79.97,1,15.84861,79.97196,False
15.85_80.08,1,15.84728,80.08014,False
15.85_80.18,1,15.84618,80.17971,False
19.75_79.98,1,19.74643,79.97641,False
19.75_80.89,1,19.75118,80.89113,False
19.76_73.0,1,19.75789,72.99999,False
19.76_73.13,1,19.76298,73.13119,False
19.76_73.15,1,19.76161,73.14827,False
19.76_73.18,1,19.76062,73.18294,False
19.76_73.19,1,19.76072,73.19297,False
19.76_73.2,1,19.76435,73.20415,False
19.76_73.21,1,19.75882,73.21005,False
19.76_73.41,1,19.76362,73.4148,False
19.76_73.47,1,19.75527,73.47449,False
19.76_75.46,1,19.76208,75.46374,False
19.76_75.68,1,19.75907,75.67579,False
19.76_75.94,1,19.75627,75.93823,False
19.76_77.66,1,19.75625,77.65987,False
19.76_77.81,1,19.75642,77.80959,False
19.76_78.03,1,19.76357,78.02595,False
19.76_78.06,1,19.76496,78.06171,False
19.76_78.07,1,19.76452,78.06626,False
19.76_78.1,1,19.76087,78.09723,False
19.76_78.16,1,19.75881,78.15645,False
19.76_79.49,1,19.75546,79.49017,False
19.76_79.5,1,19.75957,79.50237,False
19.76_79.52,1,19.75982,79.52384,False
15.85_80.44,1,15.84808,80.43925,False
19.76_79.59,1,19.75673,79.59045,False
19.76_79.76,1,19.75621,79.76138,False
19.76_79.88,1,19.75629,79.87774,False
19.76_80.85,1,19.76454,80.84653,False
19.77_72.7,1,19.77146,72.69561,False
19.77_73.32,1,19.76594,73.31882,False
19.77_73.9,1,19.7718,73.89985,False
19.77_74.69,1,19.77235,74.68884,False
19.77_75.02,1,19.76884,75.01587,False
19.77_75.28,1,19.76726,75.27635,False
19.77_77.62,1,19.77212,77.62277,False
19.77_78.06,1,19.76512,78.0627,False
19.77_78.07,1,19.7674,78.06814,False
19.77_78.67,1,19.77044,78.66586,False
19.77_79.33,1,19.77296,79.33086,False
19.77_79.51,1,19.77448,79.51105,False
19.77_79.54,1,19.76796,79.53648,False
19.77_79.62,1,19.76801,79.61832,False
15.86_73.67,1,15.86209,73.66839,False
19.77_79.82,1,19.76751,79.8214,False
19.77_79.93,1,19.77326,79.93353,False
19.77_80.11,1,19.76812,80.11475,False
19.77_80.8,1,19.77206,80.80158,False
19.77_80.85,1,19.76511,80.85019,False
19.78_72.84,1,19.77631,72.84219,False
19.78_73.19,1,19.77737,73.18543,False
19.78_73.24,1,19.78312,73.23912,False
19.78_73.79,1,19.7772,73.79005,False
19.78_73.9,1,19.77511,73.89929,False
19.78_75.07,1,19.77521,75.06905,False
19.78_75.91,1,19.77628,75.91335,False
19.78_76.47,1,19.78067,76.47384,False
19.78_77.42,1,19.77864,77.42126,False
19.78_78.39,1,19.78186,78.3925,False
19.78_78.5,1,19.78464,78.49915,False
15.86_74.04,1,15.86084,74.04315,False
19.78_79.51,1,19.77778,79.51048,False
19.78_79.57,1,19.77844,79.57391,False
19.78_79.69,1,19.77639,79.69498,False
19.78_79.72,1,19.78352,79.7216,False
15.86_74.97,1,15.86049,74.96687,False
19.78_79.92,1,19.77678,79.91515,False
19.78_80.66,1,19.78221,80.66053,False
15.86_76.16,1,15.85856,76.16263,False
15.86_76.8,1,15.86141,76.7953,False
19.78_80.82,1,19.78162,80.81694,False
19.78_80.88,1,19.77608,80.8758,False
19.79_73.12,1,19.79002,73.12455,False
19.79_73.3,1,19.78704,73.29955,False
19.79_73.35,1,19.78791,73.35163,False
19.79_73.67,1,19.79188,73.66755,False
19.79_74.27,1,19.78801,74.27491,False
19.79_74.74,1,19.78554,74.74312,False
19.79_75.14,1,19.7925,75.14187,False
19.79_76.55,1,19.79128,76.54628,False
19.79_77.59,1,19.79357,77.59344,False
19.79_78.51,1,19.78527,78.50508,False
15.86_78.49,1,15.85932,78.48898,False
15.86_78.54,1,15.86058,78.54288,False
19.79_79.28,1,19.78631,79.28011,False
15.86_78.61,1,15.85517,78.61014,False
19.79_79.55,1,19.79193,79.55244,False
19.79_79.56,1,19.78919,79.55664,False
19.79_80.36,1,19.78875,80.36433,False
19.79_80.58,1,19.79002,80.57546,False
19.79_80.73,1,19.78627,80.73354,False
19.79_80.74,1,19.79176,80.7359,False
19.79_80.75,1,19.79012,80.75166,False
19.79_80.76,1,19.79089,80.75529,False
19.79_80.81,1,19.78912,80.81242,False
19.7_72.86,1,19.69792,72.86428,False
19.7_72.95,1,19.70032,72.9535,False
19.7_72.96,1,19.70377,72.95807,False
19.7_73.0,1,19.70243,72.99601,False
19.7_73.01,1,19.70184,73.01206,False
19.7_73.02,1,19.70146,73.01904,False
19.7_73.13,1,19.70456,73.13477,False
19.7_73.23,1,19.69796,73.23145,False
19.7_73.24,1,19.69854,73.23573,False
19.7_73.25,1,19.69589,73.25486,False
19.7_74.12,1,19.70203,74.12236,False
19.7_74.13,1,19.69814,74.13457,False
19.7_74.74,1,19.70178,74.74066,False
19.7_75.08,1,19.70391,75.08484,False
19.7_75.09,1,19.70284,75.0871,False
19.7_75.41,1,19.69805,75.41457,False
19.7_77.64,1,19.70406,77.63914,False
19.7_77.69,1,19.69815,77.68985,False
19.7_77.88,1,19.69501,77.88425,False
19.7_78.29,1,19.69856,78.28569,False
19.7_78.3,1,19.70372,78.29712,False
19.7_78.4,1,19.69542,78.40096,False
19.7_78.44,1,19.70174,78.44378,False
19.7_78.45,1,19.69965,78.44736,False
19.7_78.47,1,19.69615,78.46629,False
19.7_78.5,1,19.6996,78.50174,False
19.7_78.51,1,19.69592,78.50986,False
19.7_78.64,1,19.69848,78.64444,False
19.7_79.12,1,19.70009,79.12073,False
19.7_79.74,1,19.70432,79.73686,False
19.7_79.79,1,19.6967,79.7906,False
19.7_80.52,1,19.697,80.52293,False
19.81_72.76,1,19.81018,72.76209,False
19.81_73.91,1,19.80879,73.90941,False
19.81_73.98,1,19.80511,73.97561,False
19.81_74.74,1,19.81265,74.73919,False
19.81_74.76,1,19.81074,74.75932,False
19.81_74.89,1,19.80819,74.89342,False
19.81_77.44,1,19.80857,77.44375,False
19.81_77.45,1,19.80913,77.4487,False
19.81_78.61,1,19.80755,78.61349,False
19.81_78.62,1,19.80823,78.61753,False
19.81_78.88,1,19.81223,78.87727,False
19.81_79.25,1,19.80635,79.24529,False
19.81_79.27,1,19.81133,79.26842,False
15.86_78.62,1,15.85665,78.61749,False
19.81_79.31,1,19.81181,79.30586,False
19.81_79.34,1,19.81464,79.34198,False
19.81_79.55,1,19.81011,79.55056,False
19.81_79.56,1,19.80966,79.55546,False
15.86_79.5,1,15.8625,79.49756,False
15.86_79.69,1,15.86242,79.68971,False
19.82_73.23,1,19.81552,73.22572,False
19.82_73.29,1,19.82405,73.29438,False
19.82_73.39,1,19.81849,73.39428,False
19.82_74.57,1,19.81777,74.56606,False
19.82_75.1,1,19.8161,75.0983,False
19.82_75.49,1,19.8193,75.49063,False
19.82_76.42,1,19.81817,76.42413,False
19.82_77.25,1,19.8192,77.25137,False
19.82_78.41,1,19.82137,78.40593,False
19.82_78.65,1,19.81861,78.65084,False
19.82_79.24,1,19.82175,79.2376,False
19.82_79.34,1,19.81721,79.34389,False
19.82_79.37,1,19.81756,79.37411,False
19.82_79.42,1,19.81754,79.41581,False
19.82_79.49,1,19.81738,79.49371,False
19.82_79.52,1,19.81907,79.51591,False
19.82_80.05,1,19.8245,80.05447,False
19.82_80.07,1,19.81861,80.06792,False
19.82_80.39,1,19.81599,80.39188,False
19.82_80.41,1,19.81528,80.40525,False
19.82_80.46,1,19.82163,80.4575,False
19.82_80.47,1,19.81802,80.46505,False
19.82_80.73,1,19.82351,80.73426,False
19.83_73.23,1,19.83476,73.22729,False
19.83_73.37,1,19.83124,73.36635,False
19.83_73.44,1,19.82847,73.43747,False
19.83_74.43,1,19.82872,74.43349,False
19.83_74.62,1,19.83057,74.62206,False
19.83_74.83,1,19.83253,74.82919,False
19.83_74.99,1,19.8257,74.98938,False
15.86_80.04,1,15.85936,80.03756,False
19.83_75.78,1,19.83268,75.78362,False
19.83_75.92,1,19.83398,75.91591,False
19.83_76.1,1,19.83022,76.09607,False
19.83_77.01,1,19.83023,77.01156,False
19.83_77.76,1,19.82735,77.75574,False
19.83_77.8,1,19.82961,77.80236,False
19.83_78.0,1,19.82945,78.0016,False
19.83_78.22,1,19.83439,78.21955,False
19.83_79.26,1,19.82583,79.26445,False
19.83_79.47,1,19.83263,79.47236,False
19.83_79.73,1,19.83127,79.73363,False
19.83_79.83,1,19.82841,79.83312,False
19.83_80.02,1,19.82945,80.02493,False
19.83_80.04,1,19.82828,80.03801,False
19.83_80.13,1,19.82678,80.12683,False
19.83_80.66,1,19.83209,80.65679,False
19.83_80.73,1,19.83393,80.72897,False
19.83_80.83,1,19.83007,80.83343,False
19.83_80.84,1,19.83057,80.83903,False
19.84_72.72,1,19.83667,72.72458,False
19.84_73.61,1,19.83585,73.61042,False
19.84_73.67,1,19.84261,73.67034,False
19.84_74.25,1,19.83624,74.25054,False
19.84_75.38,1,19.83995,75.3847,False
19.84_75.61,1,19.83568,75.61495,False
19.84_75.79,1,19.84254,75.78938,False
19.84_75.81,1,19.84251,75.81312,False
19.84_76.47,1,19.83543,76.46676,False
19.84_77.29,1,19.84416,77.28737,False
19.84_77.74,1,19.84221,77.73772,False
19.84_78.22,1,19.83802,78.21906,False
19.84_78.3,1,19.83781,78.30471,False
19.84_78.38,1,19.84209,78.3829,False
19.84_79.41,1,19.84443,79.41143,False
19.84_79.42,1,19.84498,79.41521,False
19.84_79.44,1,19.84303,79.44386,False
19.84_79.84,1,19.83897,79.83502,False
19.84_80.02,1,19.84422,80.01996,False
19.84_80.51,1,19.8423,80.51197,False
15.86_80.11,1,15.85774,80.11204,False
19.84_80.84,1,19.83714,80.83754,False
19.84_80.85,1,19.83826,80.84773,False
19.85_72.77,1,19.85062,72.7729,False
19.85_73.67,1,19.85351,73.66772,False
19.85_74.04,1,19.84862,74.03905,False
19.85_74.29,1,19.8461,74.2928,False
19.85_74.84,1,19.85136,74.83919,False
19.85_75.06,1,19.84981,75.05576,False
19.85_75.36,1,19.85007,75.36372,False
19.85_75.55,1,19.84592,75.54883,False
19.85_75.8,1,19.85233,75.79655,False
19.85_75.84,1,19.84711,75.83595,False
19.85_76.47,1,19.84596,76.46637,False
19.85_76.9,1,19.84646,76.89822,False
19.85_78.04,1,19.84908,78.03784,False
19.85_78.07,1,19.84817,78.06707,False
19.85_78.31,1,19.84701,78.30792,False
19.85_78.62,1,19.85422,78.62125,False
19.85_79.1,1,19.84624,79.09602,False
15.86_80.13,1,15.8634,80.13461,False
19.85_80.01,1,19.85023,80.01146,False
19.85_80.02,1,19.84916,80.02314,False
19.85_80.49,1,19.85463,80.4925,False
19.85_80.55,1,19.85006,80.54624,False
19.85_80.65,1,19.84539,80.65329,False
19.85_80.79,1,19.85077,80.7914,False
19.85_80.8,1,19.84899,80.79509,False
19.86_72.99,1,19.85812,72.98982,False
19.86_73.01,1,19.8573,73.00843,False
19.86_74.46,1,19.86387,74.4595,False
19.86_74.48,1,19.85638,74.47945,False
19.86_74.8,1,19.85649,74.80471,False
19.86_75.16,1,19.86194,75.15662,False
19.86_75.52,1,19.8552,75.51839,False
19.86_75.79,1,19.85853,75.79021,False
19.86_78.73,1,19.85761,78.73254,False
19.86_78.9,1,19.85577,78.90247,False
15.86_80.14,1,15.86394,80.13828,False
19.86_79.39,1,19.86144,79.39404,False
19.86_79.4,1,19.85653,79.4016,False
19.86_79.41,1,19.85624,79.40618,False
19.86_79.55,1,19.85988,79.55161,False
15.86_80.15,1,15.85913,80.15388,False
19.86_79.77,1,19.86275,79.76629,False
19.86_79.79,1,19.85865,79.78552,False
19.86_79.94,1,19.85921,79.93603,False
19.86_80.49,1,19.85877,80.49195,False
19.86_80.55,1,19.86476,80.55065,False
19.87_73.14,1,19.87202,73.14088,False
19.87_73.38,1,19.87054,73.37762,False
19.87_73.65,1,19.87377,73.65321,False
19.87_74.4,1,19.87429,74.40195,False
19.87_74.42,1,19.87129,74.42408,False
19.87_74.78,1,19.86873,74.78017,False
19.87_75.16,1,19.86707,75.15782,False
19.87_75.39,1,19.86606,75.38807,False
19.87_75.59,1,19.87045,75.59134,False
19.87_76.29,1,19.8656,76.28699,False
19.87_78.01,1,19.87217,78.01052,False
19.87_78.73,1,19.86946,78.73306,False
19.87_79.1,1,19.86513,79.10254,False
19.87_79.28,1,19.86716,79.2753,False
19.87_79.56,1,19.86642,79.56331,False
19.87_79.77,1,19.86539,79.76521,False
19.87_79.79,1,19.87191,79.79234,False
19.87_79.91,1,19.86673,79.91295,False
19.87_80.59,1,19.87256,80.59383,False
19.87_80.6,1,19.86834,80.59528,False
19.87_80.67,1,19.86921,80.66651,False
19.88_73.38,1,19.87573,73.37648,False
19.88_73.92,1,19.88469,73.91889,False
19.88_74.43,1,19.88254,74.42891,False
19.88_74.68,1,19.88332,74.67661,False
19.88_74.9,1,19.88304,74.89909,False
19.88_75.15,1,19.88411,75.14529,False
19.88_75.6,1,19.87775,75.6026,False
19.88_75.93,1,19.87944,75.93391,False
19.88_76.78,1,19.87701,76.7849,False
19.88_77.36,1,19.87894,77.36034,False
19.88_77.53,1,19.88103,77.53393,False
19.88_77.64,1,19.87517,77.63869,False
19.88_77.9,1,19.88304,77.90099,False
19.88_78.39,1,19.88343,78.39084,False
19.88_79.11,1,19.88103,79.11488,False
19.88_79.12,1,19.87574,79.11829,False
19.88_79.49,1,19.88292,79.48666,False
19.88_80.59,1,19.88061,80.59251,False
19.88_80.67,1,19.88144,80.66734,False
19.89_72.88,1,19.89271,72.87835,False
19.89_73.82,1,19.88717,73.8224,False
19.89_74.02,1,19.89374,74.02282,False
15.86_80.26,1,15.86143,80.26266,False
19.89_74.97,1,19.88544,74.96786,False
19.89_75.18,1,19.88894,75.17873,False
19.89_75.85,1,19.88793,75.85352,False
19.89_75.89,1,19.88518,75.88782,False
19.89_76.39,1,19.8889,76.38649,False
19.89_77.24,1,19.89191,77.24015,False
19.89_77.33,1,19.89087,77.32912,False
19.89_78.39,1,19.88685,78.39031,False
19.89_78.76,1,19.89414,78.75543,False
19.89_78.82,1,19.88582,78.81632,False
19.89_79.02,1,19.88867,79.02474,False
19.89_79.03,1,19.88935,79.02761,False
19.89_79.14,1,19.89377,79.14452,False
19.89_79.76,1,19.8912,79.76427,False
19.89_80.14,1,19.8931,80.13541,False
19.89_80.59,1,19.88523,80.59191,False
19.89_80.8,1,19.89457,80.80099,False
19.8_74.03,1,19.79945,74.03043,False
19.8_74.35,1,19.80253,74.35235,False
19.8_74.84,1,19.79588,74.8442,False
19.8_75.2,1,19.79829,75.19905,False
19.8_75.49,1,19.80337,75.49254,False
19.8_77.4,1,19.80103,77.40038,False
19.8_77.49,1,19.79522,77.49119,False
19.8_77.57,1,19.79989,77.57446,False
19.8_78.0,1,19.79995,78.00215,False
19.8_78.26,1,19.79529,78.25955,False
19.8_78.43,1,19.80136,78.43016,False
19.8_78.66,1,19.79726,78.65763,False
15.86_80.49,1,15.85871,80.48639,False
19.8_78.87,1,19.80087,78.8651,False
19.8_79.25,1,19.80471,79.24616,False
19.8_79.45,1,19.8018,79.44609,False
15.87_76.56,1,15.86566,76.55654,False
19.8_79.56,1,19.80204,79.55949,False
19.8_79.57,1,19.80208,79.56741,False
19.8_79.89,1,19.79678,79.89262,False
19.8_80.01,1,19.80203,80.00899,False
19.8_80.42,1,19.80383,80.42397,False
19.8_80.58,1,19.79639,80.57642,False
15.87_76.79,1,15.86525,76.79095,False
19.8_80.83,1,19.79974,80.82512,False
19.91_73.71,1,19.90929,73.70883,False
19.91_74.21,1,19.90937,74.20788,False
19.91_74.51,1,19.91152,74.50539,False
19.91_74.55,1,19.91217,74.55322,False
19.91_74.72,1,19.90586,74.71914,False
19.91_74.88,1,19.90599,74.88039,False
19.91_75.28,1,19.9051,75.28417,False
19.91_77.62,1,19.91365,77.62491,False
19.91_77.72,1,19.90961,77.72413,False
19.91_77.73,1,19.90996,77.72751,False
19.91_77.98,1,19.91255,77.98185,False
15.87_77.94,1,15.87431,77.93515,False
19.91_79.41,1,19.91101,79.40574,False
19.91_79.46,1,19.91484,79.46248,False
19.91_79.72,1,19.91076,79.72301,False
19.91_79.84,1,19.91097,79.83538,False
19.91_79.87,1,19.91,79.86581,False
19.91_80.14,1,19.90586,80.13828,False
19.91_80.43,1,19.91335,80.43012,False
19.91_80.47,1,19.90749,80.46597,False
19.91_80.56,1,19.91303,80.55933,False
19.91_80.57,1,19.90627,80.56573,False
15.87_78.06,1,15.87045,78.05515,False
19.92_72.72,1,19.91517,72.71736,False
19.92_74.88,1,19.92254,74.88465,False
19.92_75.03,1,19.9167,75.03133,False
19.92_75.75,1,19.91887,75.74552,False
19.92_78.56,1,19.92226,78.5642,False
19.92_78.99,1,19.9221,78.99283,False
15.87_78.5,1,15.87366,78.49984,False
19.92_79.36,1,19.91722,79.35772,False
19.92_79.37,1,19.91549,79.37321,False
19.92_79.38,1,19.92055,79.38326,False
19.92_79.46,1,19.91821,79.46192,False
19.92_79.72,1,19.91546,79.7176,False
19.92_79.94,1,19.92024,79.9408,False
19.92_79.99,1,19.92047,79.98531,False
19.92_80.52,1,19.9183,80.52321,False
15.87_78.8,1,15.86803,78.7993,False
19.93_75.59,1,19.93069,75.59198,False
19.93_78.38,1,19.92726,78.38154,False
19.93_78.58,1,19.92516,78.57636,False
15.87_79.69,1,15.86627,79.68822,False
19.93_79.29,1,19.92658,79.28521,False
19.93_79.6,1,19.92612,79.59669,False
19.93_79.68,1,19.92632,79.68169,False
15.87_79.94,1,15.86501,79.94067,False
19.93_79.7,1,19.92911,79.70144,False
19.93_79.85,1,19.92596,79.85489,False
19.93_79.86,1,19.92721,79.86494,False
15.87_80.12,1,15.86519,80.12299,False
19.93_80.41,1,19.93357,80.4092,False
19.93_80.49,1,19.93213,80.48769,False
19.93_80.57,1,19.928,80.56757,False
19.94_72.94,1,19.93775,72.93786,False
15.87_80.13,1,15.86675,80.13409,False
19.94_74.2,1,19.94362,74.19972,False
19.94_74.44,1,19.94433,74.44031,False
19.94_74.61,1,19.94373,74.60515,False
19.94_74.62,1,19.93881,74.61783,False
19.94_74.85,1,19.94482,74.85221,False
19.94_74.86,1,19.93757,74.86497,False
19.94_75.06,1,19.94305,75.05582,False
19.94_75.21,1,19.94466,75.2057,False
19.94_75.37,1,19.94402,75.36796,False
19.94_75.46,1,19.93713,75.45632,False
19.94_77.46,1,19.94487,77.46015,False
19.94_78.71,1,19.94343,78.7113,False
19.94_78.72,1,19.94239,78.71992,False
19.94_79.19,1,19.94176,79.19107,False
19.94_79.33,1,19.94007,79.33004,False
15.87_80.18,1,15.86519,80.18183,False
15.88_73.63,1,15.87944,73.63004,False
15.88_74.04,1,15.87711,74.03844,False
19.94_79.43,1,19.9398,79.4292,False
19.94_79.44,1,19.93553,79.4387,False
19.94_79.45,1,19.9384,79.44651,False
19.94_79.56,1,19.94308,79.56314,False
19.94_79.58,1,19.93854,79.58412,False
19.94_79.59,1,19.93891,79.59064,False
19.94_79.7,1,19.93847,79.6961,False
19.94_79.89,1,19.94378,79.88842,False
19.94_80.03,1,19.94398,80.0285,False
19.94_80.42,1,19.94284,80.4248,False
19.94_80.53,1,19.93757,80.53207,False
19.94_80.54,1,19.93826,80.5358,False
19.94_80.55,1,19.94284,80.55173,False
19.94_80.71,1,19.93884,80.71242,False
19.94_80.77,1,19.9426,80.76727,False
19.95_72.71,1,19.95127,72.71336,False
19.95_74.6,1,19.94551,74.60426,False
19.95_75.39,1,19.95086,75.38892,False
19.95_76.05,1,19.94912,76.05366,False
19.95_78.17,1,19.9507,78.17422,False
19.95_78.19,1,19.95383,78.18867,False
19.95_78.2,1,19.95017,78.19726,False
19.95_78.58,1,19.95307,78.57937,False
19.95_78.71,1,19.94837,78.71272,False
19.95_79.09,1,19.94504,79.08752,False
19.95_79.23,1,19.94913,79.22505,False
15.88_74.13,1,15.87946,74.13083,False
15.88_76.72,1,15.87605,76.71877,False
19.95_79.45,1,19.94621,79.4454,False
19.95_79.56,1,19.95309,79.56493,False
19.95_79.65,1,19.94543,79.65013,False
19.95_79.75,1,19.9502,79.75319,False
15.88_78.12,1,15.88487,78.11639,False
19.95_79.9,1,19.95127,79.89549,False
19.95_79.96,1,19.95077,79.96112,False
19.95_79.97,1,19.94852,79.96973,False
19.95_79.98,1,19.95462,79.98417,False
19.95_80.57,1,19.94588,80.57272,False
19.95_80.6,1,19.95181,80.60316,False
19.95_80.69,1,19.94582,80.69084,False
19.95_80.7,1,19.94544,80.70358,False
15.88_78.48,1,15.88278,78.47639,False
19.96_73.79,1,19.95957,73.79278,False
19.96_75.53,1,19.96209,75.52599,False
19.96_75.57,1,19.96306,75.56839,False
19.96_75.81,1,19.9623,75.80531,False
19.96_75.99,1,19.96344,75.99416,False
19.96_78.2,1,19.96492,78.2047,False
19.96_78.68,1,19.95711,78.67548,False
19.96_78.69,1,19.96002,78.69006,False
19.96_78.84,1,19.95993,78.84151,False
19.96_79.15,1,19.95892,79.14825,False
15.88_78.5,1,15.87703,78.49543,False
15.88_78.81,1,15.87575,78.80537,False
19.96_79.35,1,19.9579,79.34714,False
15.88_80.1,1,15.88347,80.09943,False
15.88_80.11,1,15.87671,80.10819,False
15.88_80.13,1,15.88297,80.13117,False
19.96_79.47,1,19.95901,79.47342,False
19.96_79.54,1,19.96286,79.53975,False
19.96_79.67,1,19.96183,79.67398,False
19.96_79.81,1,19.95941,79.81062,False
19.96_79.89,1,19.95893,79.88982,False
19.96_79.91,1,19.95652,79.90763,False
19.96_79.92,1,19.96048,79.92451,False
19.96_80.56,1,19.95512,80.55961,False
19.96_80.67,1,19.96459,80.66876,False
19.96_80.68,1,19.96283,80.68364,False
15.88_80.15,1,15.88212,80.15,False
19.97_73.36,1,19.9715,73.36222,False
19.97_73.71,1,19.96793,73.70958,False
19.97_74.18,1,19.96954,74.17924,False
19.97_74.33,1,19.96704,74.3287,False
19.97_74.38,1,19.96672,74.37999,False
19.97_75.52,1,19.96559,75.51873,False
19.97_76.5,1,19.96764,76.49767,False
19.97_78.2,1,19.96599,78.19508,False
19.97_78.39,1,19.97335,78.3854,False
15.88_80.2,1,15.8784,80.19785,False
19.97_79.21,1,19.96582,79.20924,False
19.97_79.33,1,19.96567,79.33259,False
15.89_75.14,1,15.89157,75.13628,False
15.89_75.37,1,15.88886,75.37217,False
15.89_76.56,1,15.89297,76.55887,False
19.97_79.44,1,19.96882,79.44095,False
19.97_79.45,1,19.96671,79.45419,False
19.97_79.52,1,19.9733,79.51712,False
19.97_79.82,1,19.97477,79.81735,False
19.97_79.91,1,19.97403,79.90749,False
19.97_80.05,1,19.97388,80.04544,False
19.97_80.58,1,19.97138,80.58063,False
19.97_80.73,1,19.97123,80.72904,False
19.98_72.8,1,19.97508,72.7968,False
19.98_72.86,1,19.98321,72.86398,False
19.98_74.27,1,19.98011,74.27223,False
19.98_74.34,1,19.97879,74.34116,False
19.98_74.61,1,19.98168,74.61106,False
19.98_75.98,1,19.9843,75.97701,False
19.98_77.86,1,19.9842,77.85968,False
19.98_78.73,1,19.97813,78.73132,False
15.89_76.57,1,15.89467,76.57072,False
19.98_79.34,1,19.98013,79.34394,False
19.98_79.38,1,19.97629,79.38466,False
15.89_76.58,1,15.89176,76.57519,False
19.98_79.4,1,19.98484,79.39878,False
19.98_79.44,1,19.98053,79.44012,False
19.98_79.45,1,19.97827,79.44825,False
19.98_79.46,1,19.98274,79.45531,False
19.98_79.52,1,19.9766,79.51656,False
19.98_79.54,1,19.97758,79.54419,False
19.98_79.55,1,19.97865,79.55287,False
19.98_79.59,1,19.98047,79.59404,False
19.98_79.98,1,19.98398,79.9785,False
19.98_80.27,1,19.97964,80.27187,False
19.98_80.42,1,19.98175,80.42361,False
15.89_77.9,1,15.89047,77.90439,False
19.98_80.72,1,19.98031,80.71918,False
15.89_78.3,1,15.89458,78.30389,False
19.98_80.77,1,19.984,80.7692,False
19.99_73.39,1,19.99343,73.39066,False
19.99_73.62,1,19.98586,73.6173,False
19.99_73.64,1,19.988,73.64344,False
19.99_74.34,1,19.99278,74.33799,False
15.89_78.56,1,15.88533,78.55851,False
19.99_75.13,1,19.98944,75.12531,False
19.99_75.98,1,19.98576,75.97684,False
19.99_76.87,1,19.98845,76.87257,False
19.99_77.11,1,19.98569,77.11486,False
19.99_77.51,1,19.98555,77.51279,False
19.99_77.82,1,19.98603,77.81713,False
19.99_77.86,1,19.98857,77.86361,False
19.99_77.95,1,19.98792,77.95259,False
19.99_78.03,1,19.9883,78.03233,False
19.99_78.71,1,19.98811,78.70975,False
19.99_79.31,1,19.9913,79.3148,False
19.99_79.34,1,19.98892,79.34216,False
15.89_78.62,1,15.89065,78.61964,False
19.99_79.39,1,19.98794,79.39395,False
19.99_79.4,1,19.98894,79.3984,False
15.89_78.66,1,15.89052,78.6647,False
19.99_79.55,1,19.99043,79.55091,False
19.99_79.64,1,19.98863,79.64424,False
19.99_79.82,1,19.99433,79.81533,False
19.99_79.85,1,19.99175,79.85477,False
19.99_79.88,1,19.98923,79.87704,False
19.99_79.98,1,19.9866,79.97787,False
19.99_80.03,1,19.99161,80.02842,False
19.99_80.45,1,19.98919,80.4506,False
19.99_80.46,1,19.98879,80.45697,False
19.99_80.67,1,19.99173,80.67227,False
19.99_80.71,1,19.99145,80.70527,False
19.99_80.72,1,19.99002,80.72295,False
19.99_80.87,1,19.99107,80.87195,False
19.9_73.07,1,19.90144,73.07241,False
19.9_73.08,1,19.90313,73.08337,False
19.9_74.3,1,19.89917,74.29925,False
19.9_74.68,1,19.90117,74.67596,False
19.9_75.41,1,19.89927,75.41428,False
19.9_76.01,1,19.8984,76.01416,False
19.9_77.35,1,19.89658,77.35258,False
19.9_77.49,1,19.89962,77.48926,False
19.9_78.82,1,19.89533,78.82226,False
19.9_78.86,1,19.89861,78.85792,False
19.9_79.29,1,19.90451,79.29406,False
19.9_80.0,1,19.89832,79.99815,False
19.9_80.5,1,19.89841,80.50109,False
19.9_80.56,1,19.89999,80.56486,False
19.9_80.69,1,19.89692,80.69484,False
19.9_80.71,1,19.89568,80.70818,False
19.9_80.8,1,19.89822,80.79597,False
20.01_74.37,1,20.01337,74.36692,False
20.01_74.45,1,20.01352,74.44875,False
20.01_74.59,1,20.01028,74.58987,False
20.01_76.18,1,20.01009,76.17969,False
20.01_76.22,1,20.0062,76.2224,False
20.01_76.95,1,20.00631,76.94511,False
20.01_77.49,1,20.0057,77.48913,False
20.01_78.47,1,20.01237,78.46783,False
20.01_78.64,1,20.008,78.64127,False
20.01_78.65,1,20.00519,78.64597,False
20.01_78.69,1,20.00553,78.68688,False
15.89_78.93,1,15.89104,78.92817,False
15.89_79.82,1,15.88618,79.82315,False
20.01_79.14,1,20.01068,79.14269,False
15.89_80.05,1,15.88926,80.05495,False
15.89_80.06,1,15.88989,80.05998,False
20.01_79.22,1,20.0148,79.22032,False
20.01_79.41,1,20.0066,79.40853,False
15.89_80.07,1,15.89076,80.0704,False
15.89_80.11,1,15.8939,80.1114,False
15.89_80.12,1,15.89098,80.11653,False
20.01_79.99,1,20.0138,79.99482,False
20.01_80.59,1,20.0147,80.58749,False
20.01_80.63,1,20.01305,80.63014,False
20.01_80.68,1,20.00912,80.68028,False
15.89_80.14,1,15.89449,80.14316,False
20.01_80.72,1,20.01201,80.71908,False
20.01_80.73,1,20.01373,80.72873,False
20.02_74.21,1,20.02175,74.21255,False
20.02_75.01,1,20.02182,75.00765,False
20.02_75.04,1,20.0151,75.04275,False
20.02_75.75,1,20.01504,75.75297,False
20.02_75.85,1,20.01768,75.85342,False
20.02_76.19,1,20.02151,76.18554,False
20.02_76.44,1,20.02353,76.44055,False
20.02_77.39,1,20.02282,77.38603,False
20.02_78.26,1,20.01514,78.26476,False
20.02_78.61,1,20.02365,78.61471,False
15.89_80.16,1,15.88529,80.16018,False
20.02_78.76,1,20.02423,78.75813,False
15.89_80.25,1,15.88583,80.24975,False
15.89_80.33,1,15.89372,80.33032,False
20.02_79.33,1,20.02242,79.32724,False
20.02_79.64,1,20.01954,79.64166,False
20.02_79.65,1,20.0205,79.64591,False
20.02_79.73,1,20.01518,79.73079,False
20.02_79.8,1,20.01695,79.79604,False
20.02_79.86,1,20.01715,79.86301,False
20.02_80.0,1,20.0167,79.99563,False
20.02_80.36,1,20.01584,80.36104,False
20.02_80.55,1,20.0202,80.55063,False
20.02_80.57,1,20.0195,80.56821,False
15.89_80.72,1,15.88971,80.71577,False
20.02_80.59,1,20.01645,80.59076,False
20.02_80.6,1,20.023,80.59982,False
20.02_80.61,1,20.01739,80.60626,False
15.8_75.85,1,15.79803,75.84518,False
20.02_80.64,1,20.02365,80.64194,False
20.02_80.74,1,20.01827,80.74436,False
20.03_73.39,1,20.03444,73.38628,False
20.03_73.43,1,20.03414,73.43141,False
20.03_73.59,1,20.03492,73.58561,False
20.03_73.63,1,20.02867,73.62763,False
20.03_74.35,1,20.03423,74.35403,False
20.03_75.91,1,20.03136,75.91141,False
20.03_76.27,1,20.03467,76.27108,False
20.03_76.59,1,20.02751,76.59155,False
20.03_76.71,1,20.03372,76.71423,False
20.03_76.98,1,20.03422,76.98371,False
20.03_77.37,1,20.03293,77.36984,False
20.03_77.66,1,20.0289,77.66129,False
20.03_78.18,1,20.03438,78.18035,False
20.03_78.42,1,20.03305,78.41595,False
15.8_77.31,1,15.79815,77.31138,False
20.03_78.63,1,20.02876,78.62737,False
15.8_77.44,1,15.80119,77.4416,False
20.03_78.99,1,20.02642,78.99488,False
20.03_79.31,1,20.02699,79.30959,False
20.03_79.49,1,20.0299,79.49196,False
20.03_79.55,1,20.03117,79.5521,False
20.03_79.56,1,20.03188,79.55542,False
20.03_79.6,1,20.03231,79.6004,False
20.03_79.8,1,20.02925,79.80141,False
20.03_80.39,1,20.02601,80.3867,False
20.03_80.55,1,20.02869,80.55105,False
20.03_80.56,1,20.03151,80.56304,False
20.03_80.58,1,20.03488,80.5778,False
15.8_78.22,1,15.80344,78.22356,False
15.8_78.37,1,15.79506,78.37443,False
15.8_78.53,1,15.79688,78.53415,False
20.03_80.62,1,20.03073,80.62198,False
20.03_80.65,1,20.02585,80.64597,False
20.03_80.74,1,20.02927,80.74443,False
20.04_75.3,1,20.03561,75.29533,False
20.04_75.47,1,20.04375,75.47221,False
20.04_78.17,1,20.04088,78.16632,False
20.04_78.27,1,20.04189,78.26994,False
20.04_78.41,1,20.04356,78.41405,False
20.04_78.42,1,20.04298,78.4177,False
20.04_78.44,1,20.03549,78.43652,False
20.04_78.45,1,20.03728,78.44806,False
20.04_78.64,1,20.03512,78.64169,False
20.04_78.65,1,20.03573,78.64639,False
20.04_78.66,1,20.03696,78.65583,False
20.04_78.67,1,20.04244,78.67068,False
20.04_78.69,1,20.04221,78.69321,False
20.04_78.7,1,20.0428,78.69658,False
20.04_78.9,1,20.03568,78.89941,False
20.04_79.27,1,20.03792,79.27084,False
15.8_79.68,1,15.8005,79.68145,False
20.04_79.34,1,20.04111,79.34361,False
20.04_79.55,1,20.03713,79.55439,False
20.04_79.65,1,20.03665,79.6508,False
15.8_80.29,1,15.805,80.29107,False
15.8_80.36,1,15.79815,80.36095,False
20.04_79.85,1,20.03624,79.85141,False
20.04_79.94,1,20.03904,79.93724,False
20.04_79.98,1,20.04064,79.98189,False
20.04_80.55,1,20.04119,80.54616,False
20.04_80.57,1,20.03878,80.57172,False
20.04_80.58,1,20.03975,80.57983,False
20.04_80.59,1,20.03622,80.58537,False
20.04_80.6,1,20.04343,80.6033,False
20.04_80.61,1,20.03547,80.60772,False
20.04_80.65,1,20.03771,80.6496,False
20.04_80.7,1,20.03761,80.69904,False
20.04_80.74,1,20.03738,80.74487,False
20.05_73.57,1,20.0482,73.56808,False
20.05_74.46,1,20.0528,74.45773,False
20.05_74.84,1,20.04735,74.84119,False
20.05_75.39,1,20.05248,75.38969,False
20.05_75.51,1,20.04925,75.51125,False
20.05_75.59,1,20.04683,75.58919,False
20.05_75.87,1,20.05111,75.86732,False
20.05_76.39,1,20.05387,76.38749,False
20.05_77.51,1,20.05427,77.50597,False
20.05_78.16,1,20.05382,78.16174,False
20.05_78.66,1,20.04595,78.66486,False
20.05_78.67,1,20.05033,78.66783,False
20.05_79.09,1,20.05457,79.08922,False
20.05_79.27,1,20.04847,79.27441,False
20.05_79.28,1,20.04728,79.27774,False
20.05_79.29,1,20.05223,79.29109,False
20.05_79.34,1,20.05367,79.34473,False
20.05_79.36,1,20.04567,79.35899,False
20.05_79.48,1,20.05122,79.47873,False
20.05_79.49,1,20.04611,79.48842,False
20.05_79.55,1,20.05113,79.55157,False
20.05_79.61,1,20.05405,79.61253,False
20.05_79.62,1,20.05461,79.61618,False
20.05_79.83,1,20.04697,79.8288,False
15.91_73.92,1,15.91231,73.9191,False
20.05_80.59,1,20.05495,80.58508,False
20.05_80.6,1,20.05374,80.60098,False
20.05_80.63,1,20.05293,80.62505,False
20.05_80.66,1,20.0479,80.66375,False
20.05_80.68,1,20.04811,80.67792,False
20.05_80.7,1,20.04862,80.70467,False
20.05_80.72,1,20.04752,80.72416,False
15.91_74.14,1,15.90671,74.13847,False
20.05_80.74,1,20.04686,80.73947,False
20.05_80.85,1,20.0486,80.84565,False
20.06_73.3,1,20.05575,73.29906,False
20.06_74.15,1,20.06171,74.14967,False
20.06_74.17,1,20.06456,74.16712,False
20.06_74.93,1,20.05742,74.92937,False
20.06_74.94,1,20.06152,74.93994,False
20.06_74.99,1,20.06207,74.98637,False
20.06_75.56,1,20.05841,75.56216,False
20.06_75.59,1,20.05784,75.59164,False
20.06_76.22,1,20.06428,76.22296,False
20.06_76.26,1,20.06312,76.25601,False
20.06_77.51,1,20.06025,77.50884,False
20.06_79.09,1,20.06495,79.08878,False
20.06_79.34,1,20.05991,79.33591,False
20.06_79.35,1,20.05868,79.34937,False
20.06_79.56,1,20.06331,79.56221,False
20.06_80.57,1,20.05997,80.5728,False
20.06_80.58,1,20.06052,80.57653,False
20.06_80.6,1,20.05773,80.60157,False
20.06_80.69,1,20.06313,80.68696,False
20.07_73.55,1,20.0652,73.54673,False
20.07_75.14,1,20.06557,75.13622,False
20.07_75.29,1,20.07236,75.28989,False
20.07_76.19,1,20.06988,76.18742,False
20.07_76.38,1,20.0699,76.37751,False
20.07_77.72,1,20.07268,77.7176,False
20.07_78.53,1,20.06948,78.53113,False
20.07_78.56,1,20.06982,78.56062,False
20.07_78.63,1,20.06919,78.62646,False
20.07_78.66,1,20.0693,78.65637,False
20.07_78.98,1,20.07101,78.97871,False
20.07_79.22,1,20.06516,79.22073,False
15.91_76.57,1,15.90507,76.56912,False
20.07_79.8,1,20.07427,79.79647,False
20.07_79.81,1,20.07334,79.81222,False
20.07_79.84,1,20.06699,79.84183,False
20.07_80.0,1,20.06521,79.99583,False
20.07_80.27,1,20.06502,80.27477,False
20.07_80.28,1,20.06758,80.27901,False
20.07_80.45,1,20.06618,80.45364,False
20.07_80.57,1,20.0662,80.57038,False
20.07_80.58,1,20.06774,80.57915,False
20.07_80.59,1,20.07238,80.59212,False
20.07_80.6,1,20.06869,80.59669,False
20.07_80.66,1,20.06982,80.66414,False
20.07_80.67,1,20.06716,80.66664,False
20.07_80.68,1,20.06893,80.68323,False
15.91_77.06,1,15.90717,77.06395,False
20.07_80.87,1,20.07087,80.87046,False
20.08_73.34,1,20.07903,73.33502,False
20.08_73.35,1,20.07796,73.35284,False
20.08_73.74,1,20.08313,73.74289,False
20.08_74.06,1,20.08178,74.05991,False
20.08_74.47,1,20.0847,74.46702,False
20.08_74.7,1,20.08021,74.69911,False
20.08_75.07,1,20.08176,75.07388,False
20.08_75.26,1,20.07956,75.26379,False
20.08_75.33,1,20.07582,75.3347,False
20.08_75.55,1,20.07616,75.55283,False
20.08_76.23,1,20.08305,76.22812,False
20.08_78.06,1,20.07647,78.05835,False
20.08_79.06,1,20.07772,79.06453,False
20.08_79.23,1,20.08005,79.2287,False
20.08_79.37,1,20.07642,79.37447,False
20.08_79.65,1,20.07786,79.65258,False
20.08_79.72,1,20.07911,79.71541,False
20.08_79.86,1,20.07725,79.85818,False
20.08_79.88,1,20.07526,79.88018,False
20.08_79.93,1,20.0821,79.92908,False
15.91_77.07,1,15.908,77.06844,False
20.08_80.63,1,20.08212,80.63294,False
15.91_77.36,1,15.91473,77.36284,False
15.91_77.55,1,15.91185,77.55141,False
20.08_80.67,1,20.07926,80.66563,False
20.08_80.68,1,20.07763,80.68104,False
20.08_80.71,1,20.08148,80.70768,False
20.08_80.72,1,20.08246,80.72002,False
20.08_80.78,1,20.08413,80.78329,False
20.09_73.55,1,20.08824,73.55309,False
20.09_73.63,1,20.08614,73.62667,False
20.09_73.75,1,20.08547,73.74829,False
20.09_73.77,1,20.08549,73.76826,False
20.09_73.94,1,20.0876,73.936,False
20.09_74.61,1,20.08823,74.61472,False
20.09_75.25,1,20.08725,75.25471,False
20.09_75.54,1,20.08832,75.54369,False
20.09_76.23,1,20.08651,76.22878,False
20.09_79.01,1,20.08861,79.00509,False
20.09_79.07,1,20.09412,79.06657,False
20.09_79.38,1,20.08874,79.37726,False
20.09_79.63,1,20.09219,79.62839,False
20.09_79.69,1,20.09,79.69263,False
20.09_79.76,1,20.08524,79.75999,False
20.09_79.79,1,20.09337,79.78883,False
20.09_79.82,1,20.09406,79.82328,False
20.09_80.56,1,20.08719,80.56432,False
20.09_80.58,1,20.08691,80.57944,False
20.09_80.63,1,20.08571,80.63452,False
20.09_80.66,1,20.08581,80.66025,False
15.91_78.36,1,15.90506,78.36236,False
20.0_75.46,1,20.00131,75.45892,False
20.0_76.23,1,20.0019,76.22925,False
20.0_78.32,1,19.99878,78.31837,False
20.0_78.38,1,20.00103,78.38411,False
20.0_78.64,1,20.00451,78.6419,False
20.0_79.18,1,19.99575,79.17764,False
20.0_79.27,1,20.0033,79.27362,False
20.0_79.45,1,19.99633,79.44656,False
20.0_79.46,1,19.99575,79.46469,False
20.0_79.47,1,19.99651,79.46905,False
20.0_79.52,1,20.00171,79.51598,False
20.0_79.57,1,20.0031,79.56889,False
15.91_78.37,1,15.9092,78.37312,False
20.0_79.7,1,20.00202,79.69838,False
20.0_79.93,1,19.99946,79.93305,False
20.0_79.99,1,20.0007,79.99358,False
20.0_80.05,1,19.99835,80.04871,False
20.0_80.45,1,19.99799,80.45256,False
20.0_80.48,1,20.00243,80.4836,False
20.0_80.6,1,20.00274,80.60226,False
20.0_80.66,1,20.00085,80.65893,False
20.0_80.68,1,20.00161,80.68395,False
15.91_78.38,1,15.90878,78.37777,False
20.0_80.7,1,20.00144,80.69759,False
20.11_73.26,1,20.11137,73.25731,False
20.11_73.77,1,20.10579,73.76555,False
20.11_75.75,1,20.10683,75.74781,False
20.11_75.78,1,20.11355,75.78053,False
20.11_79.09,1,20.10864,79.09147,False
20.11_79.19,1,20.1147,79.1867,False
20.11_79.21,1,20.10607,79.21047,False
20.11_79.55,1,20.11026,79.54832,False
20.11_79.68,1,20.10826,79.68079,False
20.11_79.72,1,20.1057,79.72095,False
20.11_79.8,1,20.10599,79.79664,False
20.11_79.84,1,20.10613,79.84367,False
20.11_79.9,1,20.11416,79.90429,False
20.11_80.17,1,20.11262,80.16576,False
20.11_80.25,1,20.10504,80.25307,False
20.11_80.26,1,20.10563,80.25678,False
15.91_79.1,1,15.90841,79.10486,False
20.11_80.59,1,20.10933,80.58593,False
20.11_80.65,1,20.10905,80.64886,False
20.11_80.69,1,20.10716,80.69474,False
20.11_80.86,1,20.10966,80.86375,False
20.12_73.29,1,20.12134,73.28777,False
20.12_73.6,1,20.12489,73.59963,False
20.12_74.24,1,20.11744,74.24446,False
20.12_77.53,1,20.11738,77.53336,False
20.12_77.59,1,20.12435,77.58862,False
20.12_78.22,1,20.11752,78.22428,False
20.12_78.55,1,20.11921,78.55418,False
20.12_79.05,1,20.11815,79.04508,False
20.12_79.55,1,20.12097,79.55476,False
20.12_79.65,1,20.11983,79.65287,False
20.12_79.68,1,20.11572,79.68339,False
20.12_79.85,1,20.11913,79.85396,False
20.12_79.89,1,20.12392,79.88599,False
20.12_79.92,1,20.12482,79.92175,False
20.12_79.96,1,20.11818,79.9628,False
20.12_79.97,1,20.11615,79.96557,False
20.12_80.57,1,20.12422,80.57384,False
20.12_80.64,1,20.12215,80.63759,False
15.91_79.31,1,15.91214,79.31462,False
20.12_80.86,1,20.12292,80.85735,False
20.12_80.87,1,20.11867,80.8669,False
20.13_73.05,1,20.12872,73.0471,False
20.13_73.57,1,20.12784,73.56934,False
20.13_73.6,1,20.12783,73.59693,False
20.13_73.81,1,20.12653,73.8143,False
20.13_73.82,1,20.12592,73.81974,False
20.13_74.21,1,20.13271,74.21485,False
20.13_74.96,1,20.13003,74.96082,False
20.13_75.02,1,20.12976,75.0192,False
20.13_75.15,1,20.12728,75.14989,False
20.13_75.66,1,20.12869,75.65835,False
20.13_75.71,1,20.13085,75.70751,False
20.13_76.33,1,20.13271,76.3321,False
20.13_77.54,1,20.12624,77.53879,False
20.13_78.55,1,20.12556,78.55049,False
20.13_78.56,1,20.12511,78.55511,False
15.91_79.32,1,15.91251,79.31521,False
20.13_79.63,1,20.12972,79.62736,False
20.13_79.68,1,20.12526,79.67754,False
20.13_79.88,1,20.12599,79.88295,False
20.13_79.92,1,20.12561,79.92033,False
20.13_79.93,1,20.12534,79.92637,False
20.13_79.96,1,20.13054,79.95602,False
15.91_80.08,1,15.90991,80.08484,False
20.13_80.66,1,20.12619,80.66095,False
20.13_80.67,1,20.13331,80.66705,False
20.13_80.68,1,20.12504,80.67647,False
20.13_80.88,1,20.13442,80.88261,False
20.14_73.06,1,20.13622,73.05916,False
20.14_74.8,1,20.14081,74.8043,False
20.14_75.54,1,20.13657,75.5355,False
20.14_75.69,1,20.14422,75.68582,False
20.14_76.09,1,20.13771,76.08669,False
20.14_76.86,1,20.13967,76.86098,False
20.14_77.52,1,20.14145,77.5173,False
20.14_77.53,1,20.14149,77.52519,False
20.14_77.91,1,20.13995,77.91225,False
20.14_77.92,1,20.14054,77.91658,False
20.14_77.98,1,20.13742,77.97588,False
20.14_78.75,1,20.13797,78.75339,False
20.14_79.19,1,20.14317,79.1925,False
20.14_79.82,1,20.13903,79.82311,False
20.14_79.93,1,20.13925,79.92824,False
20.14_79.95,1,20.13817,79.95202,False
20.14_79.96,1,20.13872,79.95594,False
20.14_80.58,1,20.13505,80.57727,False
20.14_80.66,1,20.13961,80.6571,False
20.14_80.67,1,20.1377,80.66612,False
20.14_80.76,1,20.14436,80.76467,False
20.14_80.78,1,20.13838,80.78381,False
20.15_73.26,1,20.14956,73.26026,False
20.15_73.68,1,20.14768,73.68146,False
20.15_74.89,1,20.15081,74.89335,False
20.15_75.35,1,20.14731,75.35122,False
20.15_75.62,1,20.15254,75.61967,False
20.15_75.74,1,20.14814,75.73526,False
20.15_75.84,1,20.15173,75.83775,False
20.15_75.98,1,20.15432,75.98276,False
20.15_76.21,1,20.14956,76.20851,False
20.15_76.61,1,20.15417,76.60519,False
20.15_77.1,1,20.14864,77.09663,False
20.15_77.49,1,20.1463,77.48875,False
20.15_78.13,1,20.14825,78.13094,False
20.15_78.57,1,20.15162,78.5677,False
20.15_78.59,1,20.1466,78.59468,False
20.15_78.6,1,20.14724,78.59776,False
20.15_79.06,1,20.15462,79.05764,False
15.91_80.09,1,15.91029,80.0881,False
20.15_79.2,1,20.1459,79.2003,False
20.15_79.54,1,20.15293,79.53545,False
20.15_79.9,1,20.15303,79.90482,False
20.15_79.92,1,20.14697,79.91886,False
20.15_79.96,1,20.14991,79.96339,False
20.15_80.01,1,20.14862,80.00686,False
20.15_80.51,1,20.14775,80.50553,False
20.15_80.6,1,20.14923,80.59648,False
15.91_80.1,1,15.90875,80.09871,False
20.15_80.66,1,20.14545,80.65786,False
20.15_80.67,1,20.14655,80.6703,False
20.16_73.05,1,20.16153,73.04979,False
20.16_73.41,1,20.15729,73.40864,False
20.16_73.56,1,20.16034,73.56256,False
20.16_74.02,1,20.16434,74.01603,False
20.16_74.86,1,20.16084,74.85722,False
20.16_75.0,1,20.15824,74.99614,False
20.16_75.47,1,20.15986,75.46922,False
20.16_75.5,1,20.15623,75.49684,False
20.16_75.53,1,20.15664,75.53257,False
20.16_75.69,1,20.15727,75.68584,False
20.16_75.94,1,20.15893,75.93574,False
20.16_76.04,1,20.16121,76.0441,False
15.91_80.11,1,15.90965,80.10719,False
20.16_76.61,1,20.15772,76.60582,False
20.16_77.98,1,20.16135,77.97704,False
20.16_78.24,1,20.16252,78.23889,False
20.16_78.61,1,20.16256,78.61034,False
20.16_79.16,1,20.16024,79.16363,False
20.16_79.17,1,20.16091,79.17049,False
20.16_79.18,1,20.16195,79.17505,False
20.16_79.53,1,20.16284,79.52647,False
20.16_79.54,1,20.15746,79.53592,False
20.16_79.72,1,20.15893,79.72214,False
20.16_80.02,1,20.15542,80.024,False
15.91_80.14,1,15.9104,80.14497,False
20.16_80.67,1,20.16116,80.66954,False
20.17_73.49,1,20.16892,73.49484,False
20.17_74.86,1,20.17184,74.85698,False
20.17_74.91,1,20.1664,74.91035,False
20.17_75.62,1,20.16969,75.6249,False
20.17_75.67,1,20.1701,75.66628,False
20.17_75.93,1,20.17092,75.93168,False
20.17_75.94,1,20.17182,75.9362,False
20.17_76.16,1,20.16648,76.15967,False
20.17_76.25,1,20.17226,76.24923,False
20.17_76.33,1,20.16597,76.32626,False
20.17_78.38,1,20.17097,78.37949,False
20.17_78.39,1,20.16783,78.38726,False
20.17_79.17,1,20.16779,79.17354,False
15.91_80.16,1,15.91462,80.15752,False
20.17_79.19,1,20.16706,79.19132,False
20.17_79.52,1,20.17226,79.52435,False
20.17_79.53,1,20.16755,79.5254,False
20.17_79.55,1,20.16525,79.55273,False
20.17_79.63,1,20.17406,79.62661,False
20.17_79.67,1,20.17153,79.67165,False
20.17_79.79,1,20.17278,79.79105,False
20.17_79.9,1,20.16976,79.90133,False
20.17_80.06,1,20.16921,80.05776,False
20.17_80.08,1,20.16866,80.07714,False
20.17_80.2,1,20.17387,80.20026,False
20.17_80.46,1,20.17475,80.45676,False
20.17_80.6,1,20.17395,80.60353,False
20.18_73.38,1,20.17567,73.3773,False
20.18_74.85,1,20.18233,74.85227,False
20.18_75.83,1,20.17507,75.83489,False
20.18_75.84,1,20.1774,75.83617,False
20.18_75.89,1,20.18392,75.89486,False
20.18_77.51,1,20.17789,77.50882,False
20.18_77.75,1,20.18122,77.74931,False
20.18_78.6,1,20.17628,78.60097,False
20.18_79.63,1,20.1779,79.62582,False
20.18_79.64,1,20.18423,79.63591,False
20.18_79.65,1,20.18344,79.6525,False
20.18_79.94,1,20.1813,79.93986,False
20.18_80.06,1,20.17648,80.06032,False
20.18_80.57,1,20.18069,80.57353,False
20.18_80.61,1,20.17626,80.60559,False
20.19_73.42,1,20.18916,73.42192,False
20.19_73.51,1,20.19141,73.50964,False
20.19_73.91,1,20.19192,73.90574,False
20.19_73.96,1,20.18984,73.95754,False
20.19_75.13,1,20.18703,75.12604,False
20.19_76.18,1,20.19474,76.17606,False
20.19_76.22,1,20.18513,76.22126,False
15.91_80.17,1,15.90788,80.16632,False
20.19_78.82,1,20.18829,78.82368,False
20.19_79.32,1,20.19291,79.32005,False
20.19_79.75,1,20.1888,79.7478,False
20.19_79.85,1,20.18707,79.84734,False
20.19_79.91,1,20.19249,79.91094,False
20.19_79.96,1,20.18539,79.95974,False
20.19_80.6,1,20.18858,80.59814,False
20.19_80.65,1,20.18954,80.65086,False
20.19_80.81,1,20.18881,80.80844,False
20.1_74.25,1,20.10376,74.24881,False
20.1_75.49,1,20.09745,75.49041,False
20.1_75.73,1,20.09764,75.72933,False
20.1_75.75,1,20.1003,75.75428,False
20.1_75.84,1,20.10179,75.83828,False
20.1_76.54,1,20.09762,76.53704,False
20.1_78.45,1,20.09835,78.45093,False
20.1_78.6,1,20.09716,78.59651,False
20.1_79.72,1,20.10336,79.71886,False
20.1_79.82,1,20.10468,79.81553,False
20.1_79.97,1,20.10195,79.96989,False
20.1_80.26,1,20.09636,80.26415,False
20.1_80.45,1,20.10074,80.45473,False
15.91_80.29,1,15.90504,80.28957,False
20.1_80.58,1,20.09834,80.58225,False
15.92_74.04,1,15.92465,74.035,False
20.1_80.68,1,20.10084,80.68017,False
20.1_80.69,1,20.09834,80.69288,False
15.92_76.88,1,15.92084,76.88439,False
20.1_80.87,1,20.09747,80.87459,False
20.21_72.92,1,20.21093,72.91882,False
20.21_73.37,1,20.20719,73.36652,False
20.21_73.96,1,20.20934,73.96011,False
20.21_74.57,1,20.21104,74.57034,False
20.21_74.65,1,20.21112,74.65103,False
20.21_77.74,1,20.21433,77.7398,False
20.21_78.0,1,20.2105,78.00413,False
20.21_78.66,1,20.20988,78.65531,False
20.21_78.67,1,20.21499,78.66517,False
20.21_79.79,1,20.2055,79.79162,False
20.21_79.98,1,20.21185,79.97943,False
20.22_75.32,1,20.21652,75.32027,False
20.22_75.36,1,20.21622,75.36198,False
20.22_75.61,1,20.21541,75.61284,False
20.22_75.7,1,20.22366,75.69505,False
20.22_75.86,1,20.21633,75.86248,False
20.22_76.12,1,20.21572,76.12259,False
20.22_76.17,1,20.22075,76.17408,False
20.22_76.18,1,20.2204,76.17719,False
20.22_76.35,1,20.22307,76.34855,False
20.22_77.2,1,20.22437,77.19844,False
15.92_76.89,1,15.92204,76.88544,False
20.22_77.68,1,20.22228,77.68314,False
20.22_78.65,1,20.21863,78.65348,False
20.22_79.9,1,20.21748,79.90475,False
20.22_80.05,1,20.21555,80.05297,False
20.22_80.08,1,20.21535,80.08004,False
20.22_80.1,1,20.22485,80.09767,False
20.22_80.59,1,20.21943,80.5928,False
20.22_80.75,1,20.22204,80.75275,False
20.23_73.02,1,20.23422,73.01608,False
20.23_74.27,1,20.22755,74.26591,False
20.23_75.28,1,20.2334,75.27628,False
20.23_75.6,1,20.23239,75.59776,False
20.23_75.73,1,20.22913,75.7345,False
20.23_75.96,1,20.22711,75.95804,False
20.23_76.15,1,20.22772,76.15019,False
20.23_77.19,1,20.23465,77.19141,False
20.23_77.75,1,20.22793,77.75481,False
20.23_78.08,1,20.23059,78.07617,False
20.23_78.23,1,20.22523,78.22541,False
15.92_77.36,1,15.91713,77.36153,False
20.23_79.71,1,20.22541,79.70936,False
20.23_79.87,1,20.22661,79.86595,False
20.23_79.9,1,20.23235,79.897,False
20.23_79.95,1,20.22818,79.95004,False
20.23_80.1,1,20.2286,80.09693,False
20.23_80.12,1,20.23013,80.12493,False
20.23_80.48,1,20.23413,80.48358,False
20.23_80.75,1,20.22507,80.74951,False
20.23_80.8,1,20.23187,80.79755,False
15.92_77.55,1,15.91525,77.5509,False
20.24_73.01,1,20.23547,73.01427,False
20.24_73.73,1,20.23622,73.73352,False
20.24_74.91,1,20.24103,74.91167,False
20.24_75.07,1,20.24027,75.07273,False
20.24_76.44,1,20.23973,76.43607,False
20.24_78.59,1,20.2378,78.59216,False
20.24_78.63,1,20.23784,78.62553,False
20.24_79.66,1,20.2405,79.66105,False
20.24_79.67,1,20.23815,79.66884,False
20.24_79.69,1,20.23541,79.69232,False
20.24_79.72,1,20.24235,79.72126,False
20.24_79.73,1,20.24329,79.72556,False
20.24_79.9,1,20.23574,79.90042,False
20.24_79.91,1,20.23663,79.90535,False
20.24_79.97,1,20.23907,79.9686,False
20.24_79.99,1,20.23766,79.99381,False
20.24_80.09,1,20.24082,80.08914,False
20.24_80.27,1,20.23981,80.26699,False
20.24_80.39,1,20.24241,80.39058,False
20.24_80.49,1,20.23504,80.48825,False
20.25_73.71,1,20.2454,73.70847,False
20.25_73.72,1,20.25182,73.72031,False
20.25_75.21,1,20.24516,75.21072,False
20.25_75.27,1,20.25133,75.27093,False
15.92_78.36,1,15.92036,78.35979,False
20.25_76.0,1,20.25227,75.99715,False
20.25_76.15,1,20.25035,76.15039,False
20.25_76.33,1,20.24792,76.32617,False
20.25_77.06,1,20.25303,77.06448,False
20.25_77.29,1,20.24582,77.29267,False
15.92_78.75,1,15.91895,78.75163,False
20.25_78.05,1,20.25448,78.05091,False
20.25_79.53,1,20.24822,79.53462,False
20.25_79.54,1,20.24886,79.53725,False
20.25_79.77,1,20.25313,79.76652,False
20.25_79.78,1,20.2505,79.77786,False
20.25_79.99,1,20.24683,79.99219,False
20.25_80.01,1,20.24929,80.00958,False
20.25_80.05,1,20.24623,80.05225,False
20.25_80.16,1,20.24695,80.16111,False
20.25_80.51,1,20.24815,80.51192,False
20.26_72.9,1,20.25597,72.90037,False
20.26_73.72,1,20.26494,73.71928,False
20.26_73.73,1,20.25581,73.72503,False
20.26_75.04,1,20.25608,75.04375,False
20.26_75.67,1,20.2628,75.67496,False
20.26_75.68,1,20.26164,75.67757,False
20.26_75.85,1,20.25578,75.85238,False
20.26_75.98,1,20.25865,75.98284,False
20.26_78.05,1,20.2591,78.05227,False
20.26_78.19,1,20.25586,78.18594,False
20.26_79.43,1,20.26283,79.42714,False
20.26_79.54,1,20.25547,79.53611,False
20.26_79.55,1,20.25802,79.54933,False
15.92_79.94,1,15.92122,79.94188,False
20.26_79.65,1,20.26246,79.64742,False
20.26_79.68,1,20.26259,79.68131,False
20.26_79.77,1,20.25776,79.77135,False
20.26_80.09,1,20.25747,80.08524,False
20.26_80.12,1,20.25954,80.12099,False
20.26_80.14,1,20.2578,80.14139,False
15.92_79.95,1,15.91649,79.94887,False
20.27_76.03,1,20.27086,76.03426,False
20.27_76.05,1,20.26562,76.04828,False
20.27_76.5,1,20.27437,76.49869,False
15.92_80.04,1,15.91919,80.04256,False
20.27_78.08,1,20.2717,78.08165,False
20.27_78.11,1,20.27304,78.11392,False
20.27_78.12,1,20.27396,78.11897,False
20.27_78.13,1,20.27247,78.12872,False
20.27_78.14,1,20.26951,78.1357,False
20.27_78.27,1,20.27216,78.26665,False
20.27_78.28,1,20.26725,78.28286,False
20.27_78.29,1,20.27159,78.28761,False
20.27_78.45,1,20.26555,78.44944,False
20.27_78.46,1,20.27154,78.46012,False
20.27_79.57,1,20.26736,79.57227,False
20.27_79.58,1,20.27257,79.58157,False
20.27_79.65,1,20.26723,79.65119,False
15.92_80.09,1,15.91554,80.08755,False
20.27_79.91,1,20.2687,79.90921,False
15.92_80.1,1,15.91601,80.09938,False
20.28_72.78,1,20.27898,72.78456,False
20.28_72.82,1,20.27742,72.82178,False
20.28_73.57,1,20.27505,73.56945,False
20.28_74.62,1,20.2775,74.61783,False
20.28_74.63,1,20.28223,74.63445,False
20.28_74.64,1,20.27767,74.63524,False
20.28_74.91,1,20.28498,74.90562,False
20.28_75.51,1,20.27949,75.51003,False
20.28_77.54,1,20.27534,77.5377,False
15.92_80.11,1,15.91949,80.11115,False
20.28_78.08,1,20.27791,78.0753,False
20.28_78.12,1,20.27522,78.1245,False
20.28_78.13,1,20.27577,78.12817,False
20.28_78.36,1,20.27924,78.35647,False
20.28_78.46,1,20.2778,78.45819,False
20.28_79.6,1,20.27766,79.59887,False
15.92_80.12,1,15.91928,80.12376,False
20.28_79.69,1,20.27517,79.68734,False
20.28_79.9,1,20.27643,79.89783,False
20.28_79.91,1,20.27715,79.91257,False
20.28_79.96,1,20.27824,79.95795,False
20.28_80.09,1,20.27506,80.08893,False
20.28_80.18,1,20.27625,80.17612,False
20.29_73.75,1,20.29429,73.75382,False
20.29_74.89,1,20.29345,74.89371,False
15.92_80.13,1,15.92339,80.12983,False
20.29_75.14,1,20.29343,75.14405,False
20.29_75.22,1,20.29171,75.22103,False
20.29_75.23,1,20.28885,75.22559,False
20.29_75.54,1,20.2882,75.53745,False
20.29_75.95,1,20.29197,75.9485,False
20.29_76.46,1,20.29378,76.45743,False
20.29_76.8,1,20.28944,76.80473,False
20.29_76.81,1,20.2901,76.80791,False
20.29_78.09,1,20.29297,78.09269,False
20.29_78.12,1,20.28961,78.11885,False
20.29_78.2,1,20.29484,78.19827,False
20.29_78.54,1,20.28692,78.53795,False
20.29_78.55,1,20.29148,78.54541,False
20.29_79.58,1,20.29036,79.57921,False
15.92_80.15,1,15.9168,80.15225,False
15.92_80.17,1,15.92056,80.16763,False
20.29_79.73,1,20.28749,79.73041,False
20.29_79.9,1,20.29359,79.90189,False
20.29_79.91,1,20.29498,79.91438,False
20.29_79.94,1,20.2919,79.93897,False
20.2_75.37,1,20.20069,75.37427,False
20.2_75.67,1,20.19594,75.67465,False
20.2_76.5,1,20.20265,76.50499,False
20.2_77.47,1,20.19521,77.47221,False
20.2_79.19,1,20.19754,79.19026,False
20.2_79.32,1,20.19628,79.3195,False
20.2_79.57,1,20.19688,79.56583,False
20.2_79.71,1,20.20135,79.70856,False
20.2_79.91,1,20.19504,79.91016,False
20.2_79.93,1,20.19544,79.93243,False
20.2_79.98,1,20.19975,79.97698,False
20.2_80.08,1,20.2013,80.08179,False
20.2_80.22,1,20.20324,80.21897,False
20.2_80.6,1,20.2004,80.60021,False
20.2_80.65,1,20.20308,80.6508,False
20.31_72.98,1,20.31428,72.97904,False
20.31_73.58,1,20.30884,73.57888,False
20.31_73.62,1,20.30524,73.62029,False
20.31_73.69,1,20.31216,73.69128,False
15.92_80.38,1,15.91916,80.37664,False
20.31_78.13,1,20.31109,78.12921,False
20.31_78.56,1,20.31422,78.56252,False
20.31_79.51,1,20.30682,79.50925,False
15.92_80.89,1,15.92193,80.88531,False
20.31_79.92,1,20.30735,79.91974,False
20.32_73.25,1,20.31659,73.25481,False
20.32_73.37,1,20.32218,73.36937,False
20.32_73.8,1,20.32377,73.79939,False
20.32_74.08,1,20.3208,74.08449,False
20.32_74.75,1,20.32086,74.75038,False
20.32_74.83,1,20.31917,74.82849,False
20.32_75.01,1,20.31767,75.00718,False
20.32_75.34,1,20.3238,75.34034,False
20.32_75.35,1,20.32441,75.34601,False
20.32_75.37,1,20.32167,75.366,False
15.93_77.11,1,15.92638,77.10756,False
20.32_77.07,1,20.32409,77.07373,False
20.32_77.08,1,20.32474,77.07688,False
20.32_78.09,1,20.31627,78.08674,False
20.32_78.12,1,20.31741,78.12421,False
20.32_78.22,1,20.31654,78.21837,False
20.32_79.0,1,20.32471,79.00011,False
15.93_77.91,1,15.93231,77.91483,False
20.32_79.54,1,20.32464,79.53995,False
20.32_79.55,1,20.32253,79.55067,False
20.32_79.57,1,20.31945,79.56669,False
20.32_79.62,1,20.3218,79.62053,False
20.32_79.63,1,20.31935,79.63242,False
20.32_79.64,1,20.32286,79.63574,False
20.32_79.67,1,20.31857,79.67103,False
20.32_79.68,1,20.31936,79.67524,False
20.32_79.71,1,20.31556,79.71387,False
15.93_78.02,1,15.93298,78.02464,False
15.93_78.03,1,15.93232,78.02953,False
20.32_79.94,1,20.32395,79.93663,False
20.32_80.01,1,20.32393,80.01479,False
20.32_80.02,1,20.32479,80.01881,False
20.32_80.08,1,20.3219,80.08047,False
20.32_80.69,1,20.31608,80.68984,False
20.33_73.06,1,20.33317,73.06357,False
20.33_73.42,1,20.32896,73.42113,False
20.33_73.43,1,20.32948,73.42648,False
20.33_73.56,1,20.33074,73.56171,False
20.33_73.57,1,20.3252,73.57259,False
20.33_73.66,1,20.33022,73.65581,False
20.33_73.69,1,20.32758,73.69395,False
20.33_73.7,1,20.32819,73.69659,False
20.33_73.8,1,20.32586,73.80072,False
20.33_75.01,1,20.32522,75.00523,False
15.93_78.12,1,15.92987,78.12289,False
20.33_75.09,1,20.33014,75.08922,False
20.33_75.1,1,20.33084,75.10007,False
20.33_75.23,1,20.33023,75.22836,False
20.33_75.32,1,20.33441,75.32381,False
20.33_75.83,1,20.33342,75.83442,False
15.93_78.2,1,15.9341,78.1999,False
20.33_76.0,1,20.32812,75.99671,False
20.33_78.29,1,20.32876,78.28877,False
20.33_79.0,1,20.32694,79.00022,False
20.33_79.52,1,20.33214,79.5246,False
20.33_79.53,1,20.32721,79.52894,False
15.93_78.38,1,15.92815,78.3793,False
15.93_78.58,1,15.9269,78.57915,False
20.33_79.76,1,20.33044,79.75533,False
15.93_78.59,1,15.92547,78.58824,False
20.33_80.01,1,20.32619,80.01173,False
20.33_80.02,1,20.32708,80.01573,False
20.33_80.07,1,20.3291,80.07384,False
20.33_80.09,1,20.3278,80.09002,False
20.34_72.97,1,20.33867,72.97108,False
20.34_73.44,1,20.33925,73.4359,False
20.34_73.66,1,20.34035,73.66437,False
20.34_75.09,1,20.33594,75.0862,False
15.93_78.71,1,15.92985,78.71056,False
20.34_75.19,1,20.34485,75.18851,False
20.34_75.24,1,20.33791,75.23904,False
20.34_75.32,1,20.34419,75.32384,False
20.34_75.83,1,20.33672,75.83384,False
20.34_77.19,1,20.34127,77.19477,False
20.34_78.0,1,20.34015,78.00475,False
20.34_78.01,1,20.3407,78.0086,False
20.34_79.52,1,20.33515,79.51973,False
20.34_79.53,1,20.33816,79.5257,False
20.34_79.56,1,20.33981,79.55543,False
20.34_79.84,1,20.33717,79.83882,False
20.34_79.89,1,20.34354,79.89305,False
20.34_79.93,1,20.3352,79.93484,False
20.34_79.96,1,20.33501,79.95815,False
20.34_79.97,1,20.33841,79.96867,False
20.34_79.98,1,20.34487,79.97621,False
20.34_80.26,1,20.34036,80.26098,False
20.34_80.5,1,20.34344,80.50142,False
15.93_78.72,1,15.93048,78.71587,False
20.35_73.12,1,20.35443,73.11504,False
20.35_73.4,1,20.35492,73.39709,False
20.35_73.42,1,20.35153,73.41515,False
20.35_73.56,1,20.35479,73.56406,False
20.35_73.6,1,20.35315,73.59901,False
20.35_73.83,1,20.34923,73.82756,False
20.35_74.27,1,20.34538,74.26935,False
20.35_75.26,1,20.34908,75.26202,False
20.35_75.28,1,20.34748,75.27707,False
20.35_75.98,1,20.35279,75.9816,False
20.35_76.06,1,20.34856,76.05527,False
20.35_76.09,1,20.34512,76.09483,False
20.35_76.1,1,20.34575,76.09872,False
20.35_79.12,1,20.34587,79.11997,False
20.35_79.52,1,20.34688,79.52174,False
15.93_78.74,1,15.92881,78.74097,False
20.35_79.8,1,20.35113,79.7965,False
20.35_79.97,1,20.35104,79.96905,False
20.35_79.98,1,20.34854,79.97568,False
20.35_80.12,1,20.34926,80.12348,False
20.35_80.13,1,20.3538,80.12679,False
15.93_78.75,1,15.93423,78.75332,False
20.36_73.1,1,20.361,73.09648,False
20.36_73.17,1,20.35829,73.16946,False
20.36_73.4,1,20.35853,73.39513,False
20.36_73.5,1,20.35902,73.50186,False
20.36_73.64,1,20.36328,73.63525,False
20.36_73.7,1,20.3625,73.70287,False
20.36_74.27,1,20.35849,74.27292,False
20.36_74.28,1,20.3579,74.27659,False
20.36_74.8,1,20.36087,74.79547,False
20.36_75.51,1,20.35933,75.50536,False
20.36_75.81,1,20.35591,75.81264,False
20.36_75.95,1,20.35716,75.95401,False
20.36_77.15,1,20.35594,77.1497,False
20.36_77.95,1,20.35866,77.94765,False
20.36_79.51,1,20.3608,79.50591,False
20.36_79.53,1,20.35602,79.5334,False
20.36_79.55,1,20.35712,79.54974,False
20.36_79.79,1,20.35715,79.79488,False
20.36_79.91,1,20.3554,79.91388,False
20.36_79.92,1,20.35938,79.91727,False
20.36_79.98,1,20.35993,79.97705,False
20.36_80.14,1,20.36015,80.14391,False
20.36_80.19,1,20.35666,80.18523,False
20.36_80.61,1,20.3632,80.60568,False
20.37_73.53,1,20.36746,73.53339,False
20.37_73.95,1,20.37186,73.94698,False
20.37_75.21,1,20.36647,75.21368,False
20.37_75.91,1,20.37284,75.90935,False
20.37_76.01,1,20.36947,76.00997,False
20.37_76.06,1,20.37263,76.06116,False
20.37_76.56,1,20.37297,76.55614,False
20.37_76.85,1,20.37368,76.84646,False
20.37_77.56,1,20.37296,77.5615,False
20.37_78.18,1,20.37261,78.18025,False
20.37_78.38,1,20.37228,78.3784,False
20.37_78.47,1,20.3703,78.46532,False
20.37_78.94,1,20.37235,78.93672,False
20.37_79.47,1,20.37354,79.46796,False
20.37_79.55,1,20.36562,79.55383,False
20.37_79.56,1,20.37258,79.56307,False
20.37_79.65,1,20.37343,79.64989,False
20.37_79.71,1,20.36807,79.71252,False
20.37_79.8,1,20.36792,79.79847,False
20.37_79.87,1,20.37318,79.87291,False
20.37_80.03,1,20.36897,80.03281,False
20.38_73.05,1,20.37842,73.05338,False
20.38_73.4,1,20.37579,73.40488,False
20.38_73.41,1,20.38014,73.41268,False
20.38_73.58,1,20.37725,73.58201,False
20.38_73.92,1,20.38302,73.9238,False
20.38_75.56,1,20.38377,75.56336,False
20.38_75.58,1,20.37546,75.58157,False
20.38_76.03,1,20.37859,76.02694,False
20.38_76.33,1,20.37806,76.32898,False
20.38_77.03,1,20.37812,77.02711,False
20.38_77.15,1,20.38422,77.15129,False
20.38_78.38,1,20.37793,78.38311,False
15.93_78.92,1,15.92672,78.92197,False
20.38_78.85,1,20.37876,78.85244,False
20.38_79.46,1,20.38218,79.46004,False
20.38_79.53,1,20.37768,79.5329,False
20.38_79.54,1,20.37823,79.53674,False
20.38_79.55,1,20.38029,79.54653,False
20.38_79.87,1,20.38143,79.87347,False
20.39_73.44,1,20.39151,73.43515,False
20.39_73.45,1,20.3926,73.45295,False
20.39_73.53,1,20.39462,73.52602,False
20.39_73.82,1,20.38717,73.81638,False
20.39_74.01,1,20.38538,74.01322,False
20.39_74.06,1,20.39252,74.0591,False
20.39_74.94,1,20.38951,74.94353,False
20.39_75.0,1,20.39463,75.00027,False
20.39_76.64,1,20.38553,76.63725,False
20.39_76.67,1,20.38504,76.6717,False
20.39_76.92,1,20.38659,76.924,False
20.39_77.15,1,20.3881,77.15445,False
20.39_77.57,1,20.39423,77.5695,False
20.39_78.06,1,20.3863,78.06036,False
20.39_78.35,1,20.39427,78.35078,False
20.39_78.37,1,20.38544,78.37229,False
20.39_78.41,1,20.39204,78.41135,False
20.39_78.9,1,20.38768,78.90333,False
20.39_79.65,1,20.38517,79.64902,False
20.39_79.95,1,20.38773,79.94648,False
20.39_79.96,1,20.39238,79.96362,False
20.39_79.97,1,20.39136,79.97028,False
20.39_80.71,1,20.39434,80.70605,False
20.3_72.9,1,20.29576,72.89932,False
20.3_73.04,1,20.30478,73.03638,False
20.3_73.61,1,20.2984,73.6096,False
15.93_78.93,1,15.9273,78.92617,False
20.3_73.66,1,20.29535,73.65714,False
20.3_73.7,1,20.29727,73.69936,False
20.3_75.22,1,20.29513,75.22042,False
20.3_75.23,1,20.30195,75.22588,False
20.3_75.57,1,20.29803,75.57152,False
20.3_75.61,1,20.30166,75.60732,False
20.3_77.99,1,20.30045,77.98717,False
20.3_78.0,1,20.29618,77.99974,False
20.3_78.19,1,20.29997,78.1855,False
20.3_78.55,1,20.29549,78.54887,False
20.3_79.2,1,20.30458,79.19511,False
20.3_79.51,1,20.30114,79.51077,False
20.3_79.92,1,20.30231,79.91609,False
20.41_72.98,1,20.40841,72.98399,False
20.41_73.36,1,20.40787,73.36301,False
20.41_73.44,1,20.41457,73.44332,False
20.41_73.51,1,20.41436,73.50654,False
20.41_73.87,1,20.41161,73.8717,False
20.41_73.88,1,20.41106,73.87546,False
20.41_74.84,1,20.40883,74.84436,False
20.41_74.85,1,20.41092,74.84784,False
20.41_75.47,1,20.4074,75.47448,False
20.41_75.75,1,20.40596,75.74946,False
20.41_75.95,1,20.40525,75.94753,False
20.41_76.11,1,20.413,76.10682,False
20.41_76.67,1,20.407,76.67447,False
20.41_77.05,1,20.40804,77.04751,False
20.41_77.62,1,20.41373,77.62214,False
20.41_77.79,1,20.40599,77.78959,False
20.41_78.09,1,20.41221,78.08704,False
20.41_78.24,1,20.40983,78.24479,False
20.41_79.36,1,20.40544,79.36331,False
20.41_79.51,1,20.40808,79.51102,False
20.41_79.52,1,20.41207,79.52176,False
20.41_79.82,1,20.41123,79.81887,False
20.41_79.87,1,20.41162,79.86565,False
20.41_79.9,1,20.4104,79.90342,False
20.41_79.91,1,20.41082,79.90751,False
20.41_79.99,1,20.41311,79.99435,False
20.41_80.0,1,20.4149,79.99881,False
20.41_80.18,1,20.41377,80.18402,False
20.41_80.35,1,20.40544,80.35082,False
15.93_78.94,1,15.92679,78.93586,False
15.93_79.53,1,15.93384,79.5267,False
20.41_80.67,1,20.40975,80.66637,False
20.41_80.79,1,20.40919,80.7918,False
20.41_80.84,1,20.40715,80.83878,False
20.42_73.44,1,20.41835,73.44244,False
20.42_73.49,1,20.4182,73.49033,False
20.42_73.51,1,20.41562,73.50553,False
20.42_73.95,1,20.41916,73.94778,False
20.42_73.97,1,20.41917,73.96902,False
20.42_78.18,1,20.41897,78.18326,False
20.42_78.26,1,20.41899,78.25526,False
20.42_78.58,1,20.42232,78.58113,False
20.42_78.84,1,20.41655,78.84146,False
20.42_78.85,1,20.41804,78.84614,False
20.42_79.59,1,20.41823,79.58776,False
20.42_79.61,1,20.42463,79.61253,False
20.42_79.67,1,20.42129,79.66819,False
20.42_79.92,1,20.42064,79.9236,False
20.42_80.0,1,20.41634,79.99721,False
20.42_80.18,1,20.42029,80.17838,False
15.93_79.97,1,15.93447,79.96964,False
15.93_80.0,1,15.92761,80.00414,False
20.42_80.63,1,20.42227,80.63155,False
20.43_72.96,1,20.43255,72.9625,False
20.43_73.94,1,20.43104,73.94004,False
20.43_75.47,1,20.43393,75.47182,False
20.43_75.52,1,20.42913,75.51871,False
20.43_75.63,1,20.42969,75.62754,False
20.43_75.93,1,20.43494,75.93355,False
20.43_76.03,1,20.43114,76.03408,False
20.43_76.41,1,20.42871,76.40524,False
20.43_76.65,1,20.43355,76.65195,False
20.43_76.68,1,20.42777,76.67716,False
20.43_78.25,1,20.42551,78.24736,False
20.43_79.53,1,20.42724,79.53257,False
20.43_79.76,1,20.43289,79.75581,False
20.43_79.88,1,20.43086,79.88284,False
20.43_79.89,1,20.42626,79.88909,False
20.43_79.91,1,20.43453,79.90958,False
20.43_80.18,1,20.42693,80.17726,False
20.43_80.2,1,20.4259,80.20255,False
20.43_80.21,1,20.42651,80.20725,False
20.44_72.96,1,20.43592,72.96194,False
20.44_73.78,1,20.43809,73.78439,False
20.44_73.79,1,20.43785,73.78727,False
20.44_75.23,1,20.4388,75.23243,False
20.44_75.74,1,20.44241,75.74419,False
20.44_76.73,1,20.44406,76.73099,False
20.44_77.51,1,20.43775,77.51156,False
20.44_78.8,1,20.43764,78.80172,False
20.44_78.91,1,20.44005,78.91371,False
20.44_78.92,1,20.43528,78.91534,False
20.44_79.09,1,20.44152,79.09367,False
20.44_79.73,1,20.43751,79.73312,False
20.44_79.91,1,20.43861,79.91252,False
20.44_79.98,1,20.44265,79.98483,False
20.44_80.05,1,20.44034,80.05109,False
20.44_80.06,1,20.43746,80.05563,False
20.44_80.11,1,20.43689,80.10746,False
20.44_80.63,1,20.43763,80.63159,False
20.45_73.91,1,20.45447,73.90635,False
20.45_73.95,1,20.44764,73.94914,False
20.45_74.95,1,20.45167,74.95396,False
20.45_75.3,1,20.44508,75.30009,False
20.45_75.39,1,20.45128,75.39378,False
20.45_75.57,1,20.44591,75.57415,False
20.45_75.58,1,20.44588,75.57523,False
20.45_77.54,1,20.44929,77.53769,False
20.45_77.93,1,20.45115,77.93491,False
20.45_77.94,1,20.44953,77.93877,False
20.45_78.01,1,20.4495,78.01075,False
20.45_78.05,1,20.45214,78.04939,False
20.45_78.13,1,20.45016,78.13408,False
20.45_78.2,1,20.45054,78.20074,False
20.45_79.48,1,20.45033,79.4805,False
20.45_79.69,1,20.45364,79.68717,False
20.45_79.89,1,20.45281,79.88675,False
15.93_80.07,1,15.93231,80.0706,False
20.45_79.98,1,20.44644,79.98306,False
20.45_80.13,1,20.45303,80.13075,False
20.45_80.34,1,20.45096,80.34286,False
20.45_80.61,1,20.44581,80.60971,False
20.45_80.62,1,20.4546,80.61844,False
20.45_80.8,1,20.44594,80.80372,False
20.45_80.81,1,20.44707,80.80585,False
20.46_73.45,1,20.46073,73.44997,False
20.46_73.55,1,20.46439,73.55193,False
20.46_74.07,1,20.45729,74.06631,False
20.46_75.08,1,20.45681,75.08282,False
20.46_75.48,1,20.45794,75.4823,False
20.46_75.58,1,20.46265,75.57534,False
20.46_75.78,1,20.46,75.77673,False
20.46_75.92,1,20.45648,75.91693,False
20.46_76.25,1,20.4566,76.24689,False
20.46_77.0,1,20.46042,76.99825,False
20.46_77.85,1,20.46414,77.84605,False
20.46_78.01,1,20.46115,78.00623,False
20.46_78.02,1,20.459,78.02044,False
20.46_78.05,1,20.45863,78.04605,False
20.46_78.12,1,20.45535,78.12361,False
20.46_79.2,1,20.45876,79.2048,False
20.46_79.61,1,20.45564,79.60918,False
20.46_79.71,1,20.46236,79.70734,False
20.46_79.76,1,20.45503,79.75825,False
20.46_79.83,1,20.46023,79.83035,False
20.46_79.93,1,20.45509,79.92535,False
20.46_80.31,1,20.46408,80.30849,False
20.46_80.37,1,20.45646,80.37038,False
20.47_73.69,1,20.46919,73.68607,False
20.47_73.81,1,20.46992,73.80926,False
20.47_73.99,1,20.47249,73.99194,False
20.47_75.95,1,20.47477,75.94841,False
20.47_76.0,1,20.4731,75.99756,False
20.47_79.07,1,20.4707,79.07334,False
20.47_79.48,1,20.47414,79.47665,False
20.47_79.51,1,20.46628,79.51003,False
20.47_79.55,1,20.46749,79.54671,False
20.47_80.12,1,20.46877,80.1245,False
20.47_80.31,1,20.46593,80.30984,False
20.47_80.35,1,20.46698,80.34696,False
20.47_80.52,1,20.4748,80.51904,False
20.47_80.58,1,20.46755,80.57569,False
20.48_73.15,1,20.48201,73.14503,False
20.48_73.89,1,20.4753,73.88713,False
20.48_75.29,1,20.48482,75.28967,False
20.48_75.3,1,20.478,75.29752,False
20.48_75.72,1,20.48033,75.72199,False
20.48_76.02,1,20.4751,76.01832,False
20.48_79.47,1,20.47627,79.47032,False
20.48_79.48,1,20.47828,79.47503,False
20.48_79.59,1,20.48305,79.58546,False
20.48_79.73,1,20.47686,79.7328,False
20.48_79.75,1,20.47512,79.75022,False
20.48_79.87,1,20.47526,79.86729,False
20.48_80.14,1,20.47759,80.14347,False
15.93_80.08,1,15.93105,80.07696,False
20.48_80.2,1,20.48346,80.19588,False
20.49_73.16,1,20.49351,73.16056,False
20.49_73.18,1,20.49325,73.17648,False
20.49_73.55,1,20.49261,73.5463,False
20.49_73.77,1,20.49396,73.77295,False
20.49_73.78,1,20.48628,73.77519,False
15.93_80.12,1,15.92947,80.12469,False
20.49_75.59,1,20.49202,75.58694,False
20.49_75.99,1,20.49411,75.98535,False
20.49_76.56,1,20.49319,76.55876,False
20.49_78.34,1,20.49147,78.34266,False
20.49_79.35,1,20.49073,79.35001,False
20.49_79.55,1,20.4935,79.54831,False
20.49_79.67,1,20.48813,79.67169,False
20.49_79.85,1,20.49028,79.85094,False
20.49_80.14,1,20.49119,80.13571,False
20.49_80.15,1,20.48821,80.14815,False
15.93_80.13,1,15.93143,80.12701,False
15.93_80.18,1,15.93017,80.17915,False
15.93_80.19,1,15.92868,80.19272,False
20.49_80.4,1,20.49207,80.39948,False
20.49_80.41,1,20.49028,80.41403,False
20.49_80.42,1,20.49425,80.42096,False
20.4_73.36,1,20.40304,73.35821,False
20.4_73.48,1,20.39867,73.48184,False
20.4_73.94,1,20.40066,73.94492,False
20.4_74.0,1,20.40144,73.99821,False
20.4_75.27,1,20.40128,75.27096,False
20.4_75.47,1,20.40404,75.47141,False
20.4_75.84,1,20.39651,75.83594,False
20.4_76.23,1,20.39825,76.23018,False
20.4_76.93,1,20.40438,76.92963,False
20.4_77.68,1,20.39748,77.67958,False
20.4_77.79,1,20.40126,77.79072,False
20.4_77.96,1,20.39622,77.96445,False
20.4_78.41,1,20.39537,78.41074,False
20.4_79.51,1,20.40409,79.509,False
20.4_79.57,1,20.39647,79.57085,False
20.4_79.82,1,20.4041,79.81917,False
20.4_79.92,1,20.40203,79.92081,False
20.4_79.93,1,20.39928,79.92504,False
15.94_74.07,1,15.93689,74.06778,False
20.4_79.98,1,20.40149,79.97713,False
20.4_79.99,1,20.39855,79.99068,False
15.94_77.08,1,15.94394,77.08027,False
20.4_80.34,1,20.40468,80.34284,False
20.4_80.36,1,20.40334,80.35985,False
20.51_73.22,1,20.50629,73.21836,False
20.51_73.63,1,20.50921,73.631,False
20.51_75.7,1,20.51145,75.69579,False
20.51_75.98,1,20.51116,75.97645,False
15.94_77.38,1,15.94398,77.38316,False
20.51_76.44,1,20.51252,76.44401,False
20.51_76.5,1,20.50661,76.50404,False
20.51_77.51,1,20.50689,77.51113,False
20.51_77.98,1,20.50511,77.98464,False
20.51_78.8,1,20.50785,78.80025,False
20.51_79.15,1,20.50849,79.15122,False
20.51_79.52,1,20.51367,79.52476,False
20.51_79.8,1,20.50714,79.79874,False
20.51_79.84,1,20.50521,79.83804,False
20.51_79.88,1,20.5094,79.87843,False
20.51_79.89,1,20.50829,79.88632,False
20.51_79.96,1,20.51162,79.96382,False
20.51_80.01,1,20.51245,80.00845,False
20.51_80.07,1,20.50606,80.07037,False
20.51_80.19,1,20.51499,80.18671,False
20.51_80.22,1,20.50512,80.22486,False
20.51_80.25,1,20.50982,80.24551,False
20.51_80.38,1,20.50914,80.3787,False
20.52_73.17,1,20.5205,73.17094,False
20.52_75.46,1,20.51846,75.46432,False
20.52_75.55,1,20.52361,75.55265,False
20.52_77.89,1,20.52324,77.88592,False
20.52_79.5,1,20.51622,79.50273,False
20.52_79.62,1,20.52495,79.62476,False
15.94_77.5,1,15.9422,77.49621,False
20.52_79.68,1,20.52284,79.68154,False
20.52_79.69,1,20.51991,79.68763,False
20.52_80.24,1,20.51557,80.24201,False
15.94_77.67,1,15.93888,77.67252,False
20.53_73.6,1,20.53497,73.59521,False
20.53_73.61,1,20.53342,73.61044,False
20.53_73.8,1,20.53323,73.8049,False
20.53_77.48,1,20.52607,77.47882,False
15.94_77.81,1,15.93756,77.81269,False
20.53_77.5,1,20.52641,77.49762,False
20.53_78.59,1,20.53321,78.59037,False
20.53_78.63,1,20.5318,78.63367,False
20.53_79.15,1,20.52734,79.15057,False
20.53_79.51,1,20.52875,79.51307,False
20.53_79.62,1,20.52845,79.62444,False
15.94_77.88,1,15.94282,77.87696,False
20.53_79.69,1,20.5253,79.687,False
15.94_77.98,1,15.93845,77.98352,False
20.53_79.83,1,20.53408,79.83427,False
20.53_79.86,1,20.53204,79.86099,False
20.53_80.01,1,20.53457,80.0059,False
20.53_80.15,1,20.52568,80.15337,False
20.53_80.2,1,20.53475,80.19614,False
20.53_80.4,1,20.53209,80.39827,False
20.54_73.31,1,20.53706,73.3102,False
20.54_73.44,1,20.53565,73.44388,False
20.54_73.45,1,20.53939,73.44855,False
20.54_73.47,1,20.53943,73.46854,False
20.54_73.51,1,20.53815,73.51488,False
20.54_73.62,1,20.5391,73.62281,False
20.54_73.66,1,20.53985,73.66276,False
20.54_73.95,1,20.54401,73.94866,False
20.54_75.78,1,20.53964,75.77779,False
20.54_75.87,1,20.53725,75.87143,False
20.54_76.51,1,20.53586,76.51379,False
20.54_79.06,1,20.54161,79.0552,False
15.94_78.03,1,15.93682,78.02521,False
20.54_79.23,1,20.53896,79.22626,False
20.54_79.3,1,20.54472,79.30173,False
20.54_79.77,1,20.53854,79.77193,False
20.54_79.83,1,20.53739,79.83372,False
20.54_79.84,1,20.54125,79.84398,False
20.54_79.89,1,20.53751,79.89458,False
20.54_80.15,1,20.53887,80.15023,False
20.54_80.72,1,20.54447,80.71756,False
20.55_73.32,1,20.54614,73.31554,False
20.55_73.41,1,20.54989,73.40789,False
20.55_73.44,1,20.54667,73.4447,False
20.55_73.78,1,20.55143,73.77565,False
20.55_73.79,1,20.54519,73.79205,False
15.94_78.1,1,15.93909,78.0976,False
20.55_74.01,1,20.54833,74.00642,False
20.55_75.2,1,20.54904,75.19576,False
15.94_78.74,1,15.94285,78.7389,False
20.55_76.2,1,20.54923,76.19756,False
20.55_76.51,1,20.54542,76.50745,False
15.94_78.75,1,15.94363,78.74609,False
20.55_79.47,1,20.54901,79.4707,False
20.55_79.66,1,20.55294,79.66113,False
20.55_79.67,1,20.55401,79.66644,False
20.55_79.72,1,20.553,79.72076,False
20.55_79.73,1,20.54722,79.72665,False
20.55_79.74,1,20.55237,79.73695,False
20.55_79.85,1,20.54521,79.84715,False
20.55_79.86,1,20.5545,79.85719,False
20.55_79.94,1,20.55052,79.9412,False
20.55_80.24,1,20.55467,80.24055,False
20.55_80.6,1,20.55476,80.59606,False
20.55_80.84,1,20.55485,80.84363,False
20.55_80.85,1,20.55451,80.8453,False
20.56_73.13,1,20.56423,73.12601,False
20.56_73.29,1,20.55671,73.29105,False
20.56_73.3,1,20.55761,73.29595,False
20.56_73.4,1,20.55692,73.40054,False
20.56_73.41,1,20.56256,73.40975,False
20.56_73.53,1,20.55773,73.52507,False
20.56_74.02,1,20.56014,74.02061,False
20.56_74.14,1,20.56083,74.13613,False
20.56_74.5,1,20.56165,74.50451,False
20.56_74.82,1,20.55984,74.82124,False
20.56_75.46,1,20.55996,75.45882,False
20.56_75.55,1,20.56499,75.5471,False
20.56_75.74,1,20.56103,75.7393,False
20.56_75.76,1,20.56372,75.76479,False
20.56_76.06,1,20.5646,76.06184,False
20.56_76.07,1,20.56423,76.06684,False
20.56_78.2,1,20.55918,78.19568,False
20.56_79.35,1,20.56021,79.35448,False
20.56_79.52,1,20.56277,79.52216,False
20.56_79.62,1,20.55728,79.62105,False
20.56_79.76,1,20.55981,79.76443,False
20.56_79.86,1,20.55781,79.85663,False
20.56_79.96,1,20.56013,79.96048,False
20.56_80.15,1,20.56489,80.15414,False
20.56_80.44,1,20.55702,80.4361,False
20.56_80.84,1,20.56195,80.83794,False
20.57_73.25,1,20.57467,73.24609,False
20.57_73.42,1,20.56664,73.42306,False
20.57_74.13,1,20.56501,74.13298,False
20.57_74.53,1,20.57449,74.5344,False
20.57_75.19,1,20.56672,75.19337,False
20.57_75.36,1,20.57285,75.36359,False
20.57_75.65,1,20.56824,75.65166,False
20.57_75.66,1,20.56601,75.66161,False
20.57_75.68,1,20.57264,75.68116,False
20.57_75.77,1,20.5673,75.76561,False
20.57_75.78,1,20.56511,75.77553,False
20.57_76.07,1,20.56548,76.06788,False
20.57_76.47,1,20.56715,76.47315,False
20.57_79.42,1,20.57481,79.42235,False
20.57_79.52,1,20.57356,79.52277,False
20.57_79.53,1,20.57474,79.52502,False
20.57_79.6,1,20.57169,79.60469,False
20.57_79.61,1,20.56558,79.60969,False
20.57_79.62,1,20.57017,79.61669,False
15.94_79.46,1,15.94018,79.463,False
15.94_79.99,1,15.93898,79.9888,False
20.57_80.52,1,20.56694,80.52058,False
20.57_80.75,1,20.57088,80.75295,False
20.58_73.32,1,20.58228,73.3195,False
20.58_73.65,1,20.57982,73.65423,False
20.58_73.71,1,20.57584,73.71126,False
20.58_73.85,1,20.58335,73.84996,False
20.58_74.22,1,20.58301,74.21908,False
20.58_74.58,1,20.57972,74.58054,False
20.58_75.29,1,20.58464,75.29158,False
15.94_80.05,1,15.93821,80.0466,False
20.58_75.45,1,20.57883,75.44965,False
20.58_75.49,1,20.58041,75.49401,False
20.58_75.63,1,20.58182,75.634,False
20.58_75.81,1,20.58434,75.81416,False
20.58_78.84,1,20.57607,78.83704,False
20.58_79.02,1,20.57615,79.01754,False
20.58_79.49,1,20.58447,79.49109,False
20.58_79.52,1,20.57741,79.52196,False
20.58_79.6,1,20.57506,79.6041,False
20.58_79.61,1,20.57567,79.6079,False
20.58_79.7,1,20.57553,79.6983,False
20.58_79.85,1,20.58048,79.84913,False
20.58_80.0,1,20.58406,80.00282,False
20.58_80.15,1,20.57828,80.15339,False
20.58_80.16,1,20.57595,80.15987,False
20.58_80.32,1,20.5755,80.31649,False
20.59_73.44,1,20.58906,73.44381,False
20.59_73.87,1,20.58573,73.86561,False
20.59_75.45,1,20.59027,75.45094,False
20.59_75.64,1,20.5885,75.64281,False
20.59_75.65,1,20.59099,75.64648,False
20.59_76.01,1,20.58862,76.00753,False
20.59_76.17,1,20.58798,76.17261,False
20.59_76.48,1,20.58629,76.47951,False
20.59_77.87,1,20.58828,77.87376,False
20.59_78.93,1,20.59196,78.93294,False
20.59_78.94,1,20.59261,78.93692,False
20.59_79.21,1,20.58607,79.20602,False
20.59_79.56,1,20.58933,79.56473,False
20.59_79.57,1,20.58998,79.56779,False
15.94_80.07,1,15.93558,80.07025,False
15.94_80.15,1,15.93744,80.1471,False
20.59_79.62,1,20.59455,79.61737,False
20.59_79.79,1,20.58994,79.78915,False
20.59_80.03,1,20.58857,80.02857,False
20.59_80.15,1,20.5903,80.14702,False
20.59_80.23,1,20.59455,80.23061,False
20.5_73.24,1,20.49641,73.23862,False
20.5_73.48,1,20.50173,73.48273,False
20.5_74.83,1,20.49801,74.82988,False
20.5_75.41,1,20.49728,75.41208,False
20.5_75.75,1,20.49927,75.74793,False
20.5_75.95,1,20.50093,75.94972,False
20.5_76.57,1,20.49887,76.57066,False
20.5_79.51,1,20.49941,79.50817,False
20.5_79.53,1,20.50431,79.52582,False
20.5_79.88,1,20.50157,79.87708,False
20.5_79.96,1,20.50109,79.95728,False
20.5_79.97,1,20.49675,79.96841,False
20.5_80.16,1,20.49841,80.16113,False
20.5_80.2,1,20.49547,80.20058,False
15.94_80.16,1,15.94487,80.16353,False
20.5_80.22,1,20.50139,80.2173,False
15.94_80.17,1,15.94392,80.16574,False
20.5_80.38,1,20.49612,80.37695,False
20.5_80.39,1,20.49615,80.39152,False
20.5_80.4,1,20.49647,80.40314,False
20.5_80.41,1,20.49541,80.40546,False
20.5_80.43,1,20.49559,80.42539,False
20.5_80.44,1,20.50111,80.44216,False
20.61_73.89,1,20.61066,73.88756,False
20.61_73.9,1,20.60686,73.90013,False
20.61_75.37,1,20.61246,75.36704,False
15.95_74.09,1,15.9458,74.08509,False
20.61_76.41,1,20.6144,76.40591,False
20.61_78.73,1,20.60972,78.72843,False
20.61_78.98,1,20.61004,78.97861,False
20.61_79.22,1,20.60792,79.22482,False
15.95_75.1,1,15.95006,75.10463,False
20.61_79.24,1,20.61127,79.23529,False
20.61_80.05,1,20.61112,80.04713,False
20.61_80.15,1,20.6095,80.1544,False
20.61_80.16,1,20.61288,80.16463,False
20.61_80.18,1,20.60753,80.17739,False
20.61_80.3,1,20.61138,80.29681,False
20.62_73.26,1,20.62428,73.26267,False
20.62_73.73,1,20.61628,73.73301,False
20.62_73.92,1,20.61501,73.91759,False
20.62_74.02,1,20.61611,74.01742,False
20.62_75.28,1,20.62258,75.27788,False
20.62_75.37,1,20.61618,75.37433,False
15.95_77.08,1,15.94713,77.08393,False
20.62_76.09,1,20.62068,76.09247,False
20.62_76.56,1,20.61862,76.56171,False
20.62_76.97,1,20.61622,76.96513,False
20.62_77.23,1,20.61865,77.23026,False
20.62_77.41,1,20.6189,77.41186,False
20.62_80.16,1,20.61967,80.15632,False
20.62_80.2,1,20.61806,80.19823,False
15.95_77.41,1,15.94774,77.41463,False
15.95_77.74,1,15.94999,77.74304,False
20.63_73.36,1,20.63169,73.36421,False
20.63_73.63,1,20.62783,73.63037,False
20.63_73.67,1,20.6297,73.67214,False
20.63_73.69,1,20.6273,73.68767,False
20.63_73.72,1,20.63067,73.72141,False
20.63_73.73,1,20.63478,73.72752,False
20.63_73.78,1,20.62882,73.78245,False
15.95_77.75,1,15.95091,77.74603,False
20.63_75.11,1,20.62845,75.10923,False
20.63_75.29,1,20.63013,75.29417,False
20.63_75.46,1,20.63167,75.45598,False
20.63_75.51,1,20.63489,75.51148,False
20.63_75.66,1,20.62545,75.65594,False
20.63_76.02,1,20.63172,76.02129,False
20.63_77.82,1,20.63428,77.8174,False
20.63_79.99,1,20.62543,79.98573,False
20.63_80.05,1,20.63471,80.05373,False
20.63_80.14,1,20.62989,80.1372,False
20.63_80.16,1,20.63029,80.15684,False
20.63_80.18,1,20.62847,80.17847,False
20.63_80.19,1,20.63091,80.19184,False
20.63_80.22,1,20.62958,80.22305,False
15.95_78.04,1,15.95307,78.04234,False
20.63_80.24,1,20.62614,80.24156,False
15.95_78.09,1,15.95078,78.09134,False
20.63_80.33,1,20.62606,80.32589,False
20.63_80.34,1,20.6296,80.3438,False
20.63_80.35,1,20.63043,80.34753,False
20.64_73.03,1,20.63612,73.03114,False
15.95_78.73,1,15.94553,78.73492,False
20.64_73.59,1,20.63796,73.59186,False
20.64_73.66,1,20.64316,73.66197,False
20.64_73.72,1,20.64182,73.71613,False
15.95_79.32,1,15.95212,79.31649,False
20.64_73.74,1,20.64105,73.74043,False
20.64_73.76,1,20.63781,73.76005,False
20.64_73.97,1,20.63585,73.97276,False
15.95_79.39,1,15.95144,79.38561,False
20.64_74.53,1,20.63796,74.52522,False
20.64_75.22,1,20.64077,75.21601,False
20.64_75.42,1,20.64005,75.42356,False
20.64_76.33,1,20.64337,76.32849,False
20.64_78.0,1,20.64492,78.00067,False
20.64_79.73,1,20.63625,79.73495,False
15.95_79.96,1,15.94928,79.96324,False
20.64_79.8,1,20.63763,79.79839,False
20.64_80.03,1,20.63879,80.02615,False
20.64_80.04,1,20.6444,80.04448,False
20.64_80.06,1,20.63526,80.05848,False
20.64_80.17,1,20.64399,80.17456,False
20.64_80.28,1,20.64109,80.27941,False
20.64_80.29,1,20.64416,80.29396,False
20.64_80.3,1,20.64486,80.29774,False
15.95_79.97,1,15.94991,79.96805,False
20.64_80.35,1,20.63582,80.3462,False
20.65_73.39,1,20.64579,73.39455,False
20.65_73.4,1,20.64789,73.40051,False
20.65_73.46,1,20.64893,73.45779,False
20.65_73.61,1,20.65294,73.60827,False
15.95_80.0,1,15.95274,79.99783,False
20.65_73.79,1,20.6493,73.78934,False
20.65_73.97,1,20.64519,73.96795,False
20.65_75.28,1,20.64837,75.27974,False
20.65_76.26,1,20.64806,76.25615,False
20.65_77.03,1,20.64769,77.0349,False
20.65_77.06,1,20.65328,77.06065,False
20.65_77.81,1,20.64566,77.81293,False
20.65_79.06,1,20.65017,79.05659,False
20.65_79.75,1,20.64851,79.75159,False
20.65_79.79,1,20.64987,79.78925,False
15.95_80.06,1,15.94571,80.05531,False
20.65_80.18,1,20.65117,80.18301,False
20.65_80.23,1,20.65309,80.22881,False
20.65_80.34,1,20.64894,80.34294,False
20.65_80.57,1,20.64597,80.5732,False
20.66_73.1,1,20.66173,73.10017,False
15.95_80.16,1,15.94884,80.16473,False
15.96_73.59,1,15.95988,73.58893,False
20.66_73.67,1,20.66414,73.66922,False
20.66_73.68,1,20.65537,73.67662,False
20.66_73.99,1,20.6578,73.98825,False
20.66_75.67,1,20.65544,75.66755,False
20.66_78.13,1,20.66414,78.13157,False
20.66_79.9,1,20.65704,79.90484,False
20.66_79.97,1,20.66369,79.97149,False
20.66_80.02,1,20.65574,80.0163,False
20.66_80.05,1,20.65688,80.05496,False
20.66_80.1,1,20.65619,80.10466,False
20.66_80.18,1,20.65715,80.17775,False
15.96_75.84,1,15.96073,75.83611,False
20.66_80.55,1,20.65659,80.54819,False
20.67_73.46,1,20.672,73.46346,False
20.67_73.5,1,20.67341,73.50362,False
20.67_73.56,1,20.67115,73.56239,False
20.67_73.57,1,20.66931,73.56767,False
20.67_73.61,1,20.67014,73.60695,False
20.67_73.67,1,20.67086,73.67219,False
20.67_73.75,1,20.66673,73.7469,False
20.67_73.98,1,20.67471,73.9772,False
20.67_73.99,1,20.6707,73.98609,False
20.67_74.18,1,20.67169,74.1806,False
20.67_74.19,1,20.66911,74.18651,False
20.67_75.26,1,20.67453,75.25888,False
20.67_75.55,1,20.66928,75.55117,False
20.67_75.92,1,20.6741,75.92042,False
20.67_76.43,1,20.66632,76.42846,False
20.67_76.98,1,20.67232,76.98123,False
20.67_77.09,1,20.67288,77.09184,False
20.67_78.52,1,20.67455,78.5248,False
20.67_79.63,1,20.67486,79.62611,False
20.67_79.78,1,20.6735,79.78013,False
20.67_79.97,1,20.67159,79.96916,False
15.96_76.89,1,15.95953,76.89369,False
20.67_80.07,1,20.67355,80.07306,False
20.67_80.24,1,20.66946,80.23917,False
20.67_80.79,1,20.67459,80.79408,False
20.68_73.57,1,20.67663,73.56741,False
15.96_77.08,1,15.96443,77.0817,False
20.68_73.59,1,20.68231,73.59172,False
20.68_73.6,1,20.67627,73.60216,False
15.96_77.1,1,15.95705,77.10141,False
20.68_73.75,1,20.6792,73.7466,False
20.68_74.19,1,20.6758,74.18548,False
20.68_75.17,1,20.67986,75.17226,False
20.68_75.24,1,20.67801,75.24079,False
20.68_75.33,1,20.67806,75.33279,False
20.68_75.42,1,20.67641,75.42014,False
20.68_75.61,1,20.6829,75.60669,False
20.68_75.95,1,20.67864,75.94762,False
20.68_76.78,1,20.6848,76.77603,False
20.68_76.99,1,20.68214,76.99489,False
20.68_77.93,1,20.68246,77.92695,False
20.68_79.11,1,20.68411,79.1073,False
20.68_79.62,1,20.68465,79.62241,False
20.68_79.63,1,20.67845,79.62524,False
20.68_79.73,1,20.68182,79.7308,False
20.68_79.89,1,20.67952,79.88766,False
20.68_79.93,1,20.67877,79.92915,False
20.68_80.01,1,20.67556,80.01047,False
20.68_80.05,1,20.68118,80.05461,False
20.68_80.19,1,20.67518,80.19273,False
15.96_77.2,1,15.96059,77.19538,False
15.96_77.38,1,15.95568,77.38229,False
20.69_73.41,1,20.68736,73.41078,False
20.69_73.42,1,20.68795,73.41528,False
20.69_73.49,1,20.68652,73.49309,False
20.69_73.59,1,20.68682,73.59151,False
20.69_73.65,1,20.69455,73.65105,False
20.69_75.17,1,20.69217,75.16541,False
20.69_76.01,1,20.6938,76.00839,False
20.69_76.93,1,20.68843,76.92601,False
20.69_77.36,1,20.68617,77.36216,False
20.69_77.37,1,20.68685,77.36581,False
20.69_78.64,1,20.69452,78.63673,False
20.69_78.79,1,20.69276,78.78822,False
20.69_79.64,1,20.68941,79.63695,False
20.69_79.65,1,20.68682,79.64951,False
20.69_80.04,1,20.6935,80.039,False
20.69_80.05,1,20.68514,80.05347,False
20.69_80.16,1,20.69488,80.16222,False
20.69_80.19,1,20.69395,80.18929,False
20.69_80.23,1,20.68709,80.22819,False
20.69_80.71,1,20.68773,80.71185,False
20.6_73.43,1,20.59822,73.43217,False
20.6_73.64,1,20.5997,73.63941,False
20.6_73.71,1,20.60021,73.7111,False
20.6_74.06,1,20.60266,74.06474,False
20.6_74.74,1,20.59719,74.73501,False
20.6_75.03,1,20.59566,75.02502,False
20.6_75.4,1,20.60103,75.40327,False
20.6_78.53,1,20.59766,78.53478,False
20.6_79.16,1,20.59582,79.1621,False
20.6_79.22,1,20.59752,79.22359,False
20.6_79.34,1,20.60094,79.34064,False
20.6_79.59,1,20.59899,79.59466,False
20.6_79.6,1,20.59558,79.59985,False
20.6_79.61,1,20.5972,79.60828,False
20.6_79.81,1,20.60061,79.81338,False
20.6_79.98,1,20.6,79.98489,False
20.6_80.03,1,20.59833,80.02958,False
20.6_80.15,1,20.59875,80.14571,False
20.6_80.16,1,20.59744,80.16308,False
20.6_80.19,1,20.59905,80.18523,False
20.6_80.31,1,20.59859,80.3095,False
20.71_73.01,1,20.70608,73.01333,False
20.71_73.41,1,20.7148,73.41185,False
15.96_78.02,1,15.95734,78.02463,False
20.71_73.5,1,20.70796,73.5032,False
20.71_73.54,1,20.71165,73.53799,False
20.71_73.55,1,20.70856,73.55342,False
15.96_78.03,1,15.96024,78.02503,False
20.71_73.58,1,20.70578,73.58289,False
15.96_78.1,1,15.95565,78.09676,False
20.71_74.09,1,20.71205,74.0927,False
20.71_75.18,1,20.7054,75.17781,False
20.71_75.89,1,20.70762,75.89186,False
20.71_77.87,1,20.71307,77.86948,False
20.71_78.32,1,20.70643,78.31569,False
15.96_78.29,1,15.95992,78.29312,False
20.71_80.06,1,20.71402,80.05572,False
20.71_80.09,1,20.70786,80.0866,False
20.71_80.14,1,20.70996,80.13698,False
20.71_80.15,1,20.711,80.15324,False
15.96_78.88,1,15.95507,78.88322,False
20.72_73.31,1,20.72443,73.30585,False
20.72_73.36,1,20.72492,73.3554,False
15.96_79.59,1,15.9596,79.58957,False
20.72_73.52,1,20.72206,73.51704,False
20.72_73.56,1,20.71878,73.56332,False
20.72_73.57,1,20.71517,73.56576,False
20.72_73.59,1,20.72487,73.58611,False
15.96_79.92,1,15.95654,79.91642,False
20.72_73.68,1,20.71635,73.67708,False
20.72_74.04,1,20.71544,74.04449,False
20.72_75.25,1,20.71821,75.25346,False
20.72_75.89,1,20.7229,75.8921,False
20.72_75.93,1,20.72002,75.9282,False
20.72_77.93,1,20.72025,77.93456,False
20.72_79.34,1,20.71971,79.34483,False
20.72_79.35,1,20.72031,79.34757,False
20.72_79.6,1,20.72429,79.60246,False
15.96_80.05,1,15.95907,80.05476,False
20.72_80.05,1,20.72381,80.05299,False
20.72_80.06,1,20.7194,80.05569,False
20.72_80.08,1,20.71663,80.08271,False
15.96_80.06,1,15.96005,80.05938,False
20.72_80.1,1,20.72152,80.09644,False
20.72_80.13,1,20.71766,80.13203,False
20.72_80.14,1,20.7232,80.14031,False
15.96_80.07,1,15.956,80.07011,False
20.73_73.31,1,20.728,73.30537,False
20.73_73.35,1,20.73056,73.35413,False
20.73_73.47,1,20.72512,73.47463,False
20.73_73.5,1,20.72591,73.49644,False
20.73_73.52,1,20.72751,73.5162,False
20.73_73.55,1,20.73071,73.54502,False
20.73_73.57,1,20.73012,73.56794,False
20.73_73.58,1,20.73124,73.57854,False
15.96_80.13,1,15.96385,80.12932,False
20.73_73.98,1,20.72828,73.97549,False
20.73_75.6,1,20.73308,75.60087,False
20.73_76.02,1,20.73099,76.01887,False
20.73_76.06,1,20.73458,76.05514,False
20.73_76.22,1,20.73443,76.22369,False
20.73_76.58,1,20.73358,76.58145,False
20.73_77.02,1,20.73211,77.01887,False
20.73_77.83,1,20.72746,77.83065,False
20.73_78.15,1,20.73014,78.14709,False
20.73_78.23,1,20.72933,78.23383,False
20.73_79.59,1,20.73298,79.58846,False
20.73_79.93,1,20.72842,79.93137,False
20.73_80.01,1,20.72902,80.00594,False
20.73_80.04,1,20.73103,80.04424,False
20.73_80.06,1,20.72622,80.05785,False
20.73_80.07,1,20.73468,80.0748,False
20.73_80.08,1,20.72699,80.07975,False
20.73_80.09,1,20.7279,80.08742,False
15.96_80.67,1,15.96293,80.66971,False
15.97_73.74,1,15.96968,73.74165,False
20.73_80.15,1,20.72992,80.14896,False
20.74_73.57,1,20.73947,73.57244,False
20.74_73.58,1,20.7399,73.57587,False
20.74_73.62,1,20.73805,73.6249,False
20.74_73.67,1,20.74003,73.67345,False
20.74_74.04,1,20.74045,74.04417,False
20.74_74.94,1,20.74206,74.93638,False
20.74_75.51,1,20.73718,75.50863,False
20.74_75.91,1,20.74274,75.9107,False
20.74_75.92,1,20.74434,75.92042,False
20.74_76.24,1,20.73682,76.24179,False
20.74_76.25,1,20.73682,76.24512,False
20.74_76.58,1,20.7371,76.58077,False
20.74_77.66,1,20.74177,77.66003,False
20.74_79.03,1,20.73731,79.03248,False
20.74_79.09,1,20.74316,79.09441,False
20.74_79.23,1,20.74228,79.22961,False
15.97_74.04,1,15.97142,74.04391,False
20.74_79.69,1,20.74137,79.69428,False
15.97_74.05,1,15.97237,74.04939,False
20.74_79.71,1,20.74094,79.70524,False
20.74_79.81,1,20.74416,79.81195,False
20.74_80.08,1,20.73985,80.0788,False
15.97_75.0,1,15.96926,75.00065,False
15.97_77.63,1,15.96859,77.63134,False
20.74_80.13,1,20.74136,80.12735,False
20.74_80.15,1,20.74228,80.1483,False
20.75_73.06,1,20.74545,73.06339,False
20.75_73.35,1,20.74947,73.3497,False
15.97_78.29,1,15.97238,78.28649,False
15.97_78.67,1,15.97308,78.67408,False
20.75_73.62,1,20.75422,73.61983,False
20.75_74.03,1,20.75191,74.03343,False
20.75_75.59,1,20.75479,75.59193,False
20.75_75.64,1,20.75208,75.63853,False
20.75_75.93,1,20.74792,75.93084,False
20.75_76.03,1,20.75176,76.03132,False
20.75_76.54,1,20.75451,76.5387,False
20.75_76.58,1,20.74964,76.58113,False
20.75_77.66,1,20.74507,77.65945,False
20.75_78.96,1,20.74941,78.95707,False
20.75_79.59,1,20.75024,79.59058,False
20.75_80.03,1,20.7457,80.03223,False
20.75_80.1,1,20.74731,80.09747,False
20.75_80.12,1,20.75246,80.11507,False
20.75_80.15,1,20.74801,80.15331,False
20.75_80.19,1,20.75007,80.19021,False
20.75_80.74,1,20.75432,80.73566,False
20.76_73.04,1,20.76137,73.03792,False
20.76_73.25,1,20.75731,73.25172,False
20.76_73.53,1,20.75664,73.52794,False
20.76_73.55,1,20.76071,73.54594,False
15.97_78.68,1,15.97019,78.67918,False
20.76_73.65,1,20.76276,73.64961,False
20.76_73.99,1,20.75882,73.98514,False
20.76_74.89,1,20.76463,74.89108,False
20.76_75.35,1,20.75816,75.34573,False
20.76_75.86,1,20.75506,75.85746,False
20.76_75.88,1,20.7608,75.88011,False
20.76_79.05,1,20.76022,79.04742,False
20.76_79.88,1,20.76047,79.87504,False
20.76_79.95,1,20.75697,79.94701,False
20.76_80.1,1,20.75606,80.10291,False
20.76_80.11,1,20.76197,80.11269,False
15.97_78.69,1,15.96554,78.68929,False
20.76_80.14,1,20.75637,80.14304,False
20.76_80.15,1,20.76186,80.14702,False
20.77_73.17,1,20.7657,73.1723,False
15.97_78.92,1,15.96808,78.92085,False
20.77_73.59,1,20.77346,73.59203,False
15.97_79.99,1,15.96688,79.99182,False
20.77_73.66,1,20.76892,73.65817,False
20.77_74.72,1,20.77168,74.71806,False
20.77_75.28,1,20.76547,75.28312,False
20.77_76.22,1,20.76812,76.22205,False
20.77_77.18,1,20.76994,77.18365,False
20.77_77.36,1,20.76624,77.35738,False
20.77_78.18,1,20.77446,78.18164,False
20.77_79.33,1,20.76929,79.32537,False
20.77_80.03,1,20.77083,80.03322,False
20.77_80.04,1,20.76833,80.03524,False
15.97_80.02,1,15.96668,80.02058,False
15.97_80.37,1,15.97272,80.36606,False
20.77_80.24,1,20.76595,80.23991,False
20.77_80.69,1,20.77321,80.69123,False
20.78_72.91,1,20.78367,72.91488,False
20.78_72.92,1,20.77938,72.91544,False
20.78_73.5,1,20.77829,73.50114,False
20.78_73.55,1,20.77928,73.55199,False
20.78_73.56,1,20.78393,73.56448,False
20.78_73.6,1,20.78165,73.60315,False
20.78_74.17,1,20.78118,74.17433,False
20.78_75.13,1,20.78182,75.13185,False
20.78_75.33,1,20.77689,75.32754,False
20.78_75.38,1,20.77941,75.3773,False
20.78_75.95,1,20.78032,75.95332,False
20.78_76.23,1,20.78445,76.23301,False
20.78_76.66,1,20.78462,76.66383,False
20.78_77.01,1,20.78074,77.01421,False
20.78_77.9,1,20.77728,77.89928,False
20.78_78.15,1,20.78418,78.15106,False
20.78_78.52,1,20.7789,78.51561,False
20.78_79.63,1,20.77628,79.63372,False
20.78_79.82,1,20.78372,79.82201,False
20.78_79.91,1,20.77662,79.91314,False
15.97_80.45,1,15.97416,80.4489,False
15.98_73.62,1,15.97613,73.61795,False
20.78_80.15,1,20.77694,80.15196,False
15.98_73.71,1,15.98235,73.71376,False
20.78_80.24,1,20.7819,80.24206,False
20.78_80.65,1,20.78205,80.65085,False
20.78_80.86,1,20.77989,80.85527,False
15.98_74.04,1,15.97536,74.04313,False
20.79_74.16,1,20.78529,74.16204,False
20.79_74.49,1,20.78999,74.49358,False
20.79_74.5,1,20.79433,74.49717,False
20.79_75.18,1,20.79347,75.17992,False
20.79_75.19,1,20.79248,75.19291,False
20.79_75.28,1,20.78675,75.27547,False
20.79_75.6,1,20.79044,75.60459,False
20.79_75.61,1,20.79243,75.60665,False
20.79_79.15,1,20.78752,79.14577,False
20.79_79.26,1,20.79071,79.25503,False
20.79_79.31,1,20.78969,79.30663,False
20.79_79.59,1,20.79191,79.59244,False
20.79_79.93,1,20.78972,79.93139,False
20.79_79.98,1,20.79358,79.98382,False
20.79_80.13,1,20.78718,80.13372,False
20.79_80.14,1,20.789,80.14026,False
20.79_80.15,1,20.7933,80.15259,False
20.79_80.16,1,20.79059,80.16291,False
20.79_80.17,1,20.79115,80.16769,False
15.98_74.05,1,15.97633,74.04865,False
20.7_73.49,1,20.69744,73.49181,False
20.7_73.52,1,20.69511,73.52044,False
20.7_73.53,1,20.70447,73.52748,False
20.7_73.63,1,20.70034,73.63123,False
20.7_73.66,1,20.70116,73.66006,False
20.7_73.7,1,20.70374,73.70365,False
20.7_73.71,1,20.70452,73.70511,False
20.7_73.87,1,20.70112,73.86956,False
20.7_75.09,1,20.70116,75.08827,False
15.98_74.16,1,15.97585,74.16054,False
20.7_75.19,1,20.70041,75.1855,False
20.7_75.27,1,20.70416,75.27216,False
20.7_75.34,1,20.70088,75.33533,False
20.7_76.01,1,20.69811,76.00748,False
20.7_76.07,1,20.69816,76.07,False
20.7_76.18,1,20.70429,76.17869,False
20.7_76.45,1,20.70078,76.44582,False
20.7_76.94,1,20.70225,76.9438,False
15.98_74.2,1,15.97882,74.19955,False
20.7_78.63,1,20.69686,78.63369,False
15.98_76.48,1,15.97911,76.48197,False
20.7_78.89,1,20.6969,78.88581,False
20.7_79.74,1,20.69934,79.74162,False
20.7_80.0,1,20.7021,80.0021,False
20.7_80.01,1,20.70266,80.0061,False
15.98_76.85,1,15.98197,76.85009,False
20.7_80.05,1,20.69682,80.04564,False
20.7_80.15,1,20.69877,80.15456,False
15.98_76.86,1,15.98081,76.85503,False
20.7_80.29,1,20.70418,80.28687,False
20.81_73.53,1,20.80769,73.53363,False
15.98_77.44,1,15.97664,77.4445,False
20.81_73.6,1,20.80891,73.59509,False
20.81_73.65,1,20.80504,73.65414,False
20.81_73.66,1,20.8056,73.65783,False
20.81_73.74,1,20.80762,73.73505,False
20.81_73.77,1,20.80819,73.7738,False
20.81_74.46,1,20.81461,74.46462,False
20.81_74.48,1,20.81424,74.47604,False
15.98_77.48,1,15.98019,77.48104,False
20.81_74.5,1,20.81487,74.5008,False
20.81_75.21,1,20.81089,75.20684,False
20.81_75.39,1,20.80562,75.38527,False
20.81_75.72,1,20.8147,75.72155,False
20.81_76.22,1,20.80868,76.22134,False
15.98_77.74,1,15.98324,77.74205,False
20.81_78.41,1,20.81438,78.40921,False
20.81_79.01,1,20.80827,79.01442,False
20.81_79.14,1,20.80805,79.14488,False
20.81_79.16,1,20.80633,79.15897,False
20.81_79.84,1,20.81346,79.8381,False
20.81_79.86,1,20.80845,79.86243,False
15.98_77.75,1,15.98389,77.74531,False
20.81_80.01,1,20.80806,80.01382,False
20.81_80.03,1,20.80889,80.03007,False
20.81_80.27,1,20.81279,80.26918,False
15.98_78.41,1,15.9781,78.4109,False
20.82_73.57,1,20.81622,73.56836,False
20.82_73.63,1,20.81663,73.63177,False
20.82_74.08,1,20.8154,74.08147,False
15.98_78.91,1,15.98359,78.91034,False
20.82_74.47,1,20.82077,74.46702,False
20.82_74.5,1,20.81546,74.49672,False
20.82_75.84,1,20.81917,75.8427,False
20.82_75.85,1,20.81974,75.84637,False
20.82_75.86,1,20.82304,75.86299,False
20.82_75.92,1,20.824,75.91798,False
15.98_79.32,1,15.98164,79.31505,False
15.98_79.98,1,15.97913,79.98353,False
20.82_78.07,1,20.81994,78.07136,False
20.82_78.19,1,20.82422,78.19323,False
20.82_78.42,1,20.81577,78.41546,False
20.82_79.17,1,20.8216,79.16653,False
20.82_79.86,1,20.82418,79.86199,False
20.82_79.87,1,20.82364,79.86706,False
20.82_79.97,1,20.81842,79.9671,False
20.82_79.99,1,20.81933,79.98585,False
20.82_80.04,1,20.818,80.035,False
20.82_80.58,1,20.81537,80.5759,False
20.83_74.45,1,20.82881,74.45255,False
20.83_74.46,1,20.82688,74.45924,False
20.83_74.47,1,20.82721,74.46602,False
20.83_74.56,1,20.83253,74.5602,False
20.83_74.58,1,20.83497,74.57712,False
20.83_74.65,1,20.83153,74.65299,False
20.83_75.8,1,20.82803,75.80205,False
20.83_75.84,1,20.82578,75.84152,False
20.83_75.85,1,20.82635,75.84521,False
20.83_75.86,1,20.82502,75.86408,False
20.83_75.9,1,20.8275,75.90372,False
15.98_80.34,1,15.97661,80.33717,False
15.98_80.88,1,15.9806,80.8811,False
20.83_77.41,1,20.8336,77.41454,False
20.83_79.17,1,20.82753,79.17326,False
20.83_79.18,1,20.82679,79.17624,False
20.83_79.3,1,20.82508,79.30257,False
20.83_79.69,1,20.83141,79.68643,False
20.83_79.89,1,20.82794,79.88861,False
20.83_80.0,1,20.82581,80.00341,False
20.84_73.48,1,20.83921,73.4812,False
20.84_73.52,1,20.84362,73.52474,False
20.84_73.56,1,20.83637,73.56483,False
20.84_73.57,1,20.84036,73.56743,False
20.84_74.0,1,20.83644,74.0021,False
20.84_74.02,1,20.84432,74.01537,False
20.84_74.03,1,20.83992,74.03441,False
20.84_74.04,1,20.84121,74.03976,False
20.84_74.05,1,20.84374,74.05029,False
15.99_73.6,1,15.98772,73.60499,False
20.84_74.07,1,20.84452,74.06984,False
20.84_74.16,1,20.84204,74.15703,False
20.84_74.57,1,20.83575,74.57355,False
20.84_74.58,1,20.84106,74.57504,False
20.84_74.64,1,20.83616,74.64156,False
20.84_75.07,1,20.8448,75.07442,False
20.84_75.19,1,20.84225,75.1898,False
20.84_75.23,1,20.83575,75.22868,False
20.84_75.25,1,20.8387,75.25321,False
20.84_75.26,1,20.83914,75.25659,False
20.84_75.52,1,20.84288,75.51952,False
20.84_76.29,1,20.843,76.28658,False
20.84_77.38,1,20.84356,77.38024,False
20.84_77.41,1,20.83541,77.40891,False
20.84_77.81,1,20.84255,77.8079,False
20.84_77.82,1,20.84308,77.8156,False
20.84_78.25,1,20.83742,78.24504,False
20.84_78.37,1,20.84385,78.36793,False
20.84_78.47,1,20.84129,78.47377,False
20.84_78.5,1,20.83822,78.5013,False
20.84_79.22,1,20.84157,79.21586,False
20.84_79.8,1,20.84399,79.80151,False
20.84_79.88,1,20.84431,79.87811,False
20.84_79.89,1,20.84406,79.88636,False
20.84_80.08,1,20.84105,80.08372,False
20.85_73.44,1,20.8504,73.43823,False
15.99_74.08,1,15.98958,74.07648,False
20.85_73.54,1,20.84661,73.5383,False
20.85_73.78,1,20.8511,73.7795,False
20.85_74.01,1,20.84867,74.01133,False
20.85_74.03,1,20.84964,74.033,False
15.99_74.29,1,15.99078,74.29362,False
20.85_74.06,1,20.84979,74.05919,False
20.85_74.07,1,20.84787,74.07053,False
20.85_74.1,1,20.85464,74.09975,False
20.85_74.16,1,20.8477,74.15581,False
20.85_74.46,1,20.84804,74.46186,False
20.85_76.24,1,20.8466,76.2448,False
20.85_77.81,1,20.84636,77.81068,False
20.85_78.08,1,20.84649,78.07844,False
20.85_78.12,1,20.84532,78.12106,False
20.85_79.16,1,20.85464,79.15511,False
20.85_79.62,1,20.8512,79.61805,False
20.85_79.7,1,20.847,79.69664,False
20.85_79.79,1,20.84937,79.79298,False
20.85_79.8,1,20.85394,79.80134,False
20.85_79.84,1,20.84795,79.84012,False
20.85_79.85,1,20.84654,79.84888,False
20.85_79.89,1,20.85451,79.89249,False
15.99_77.37,1,15.99445,77.36945,False
20.86_73.43,1,20.85929,73.43176,False
20.86_73.57,1,20.86431,73.56866,False
20.86_73.66,1,20.8581,73.6554,False
20.86_74.02,1,20.86253,74.02124,False
20.86_74.03,1,20.85659,74.0273,False
20.86_74.06,1,20.86316,74.06089,False
20.86_74.08,1,20.86071,74.07822,False
20.86_74.33,1,20.85843,74.32807,False
20.86_75.27,1,20.86171,75.27075,False
20.86_75.55,1,20.85645,75.54828,False
20.86_76.48,1,20.85521,76.4796,False
20.86_76.89,1,20.86285,76.89456,False
20.86_77.27,1,20.85914,77.27113,False
20.86_77.28,1,20.86004,77.27573,False
20.86_77.78,1,20.86276,77.78117,False
20.86_78.14,1,20.85703,78.14453,False
20.86_79.09,1,20.86353,79.09039,False
15.99_78.21,1,15.98593,78.21186,False
20.86_79.74,1,20.8574,79.73864,False
20.86_79.8,1,20.85637,79.79893,False
15.99_78.4,1,15.99257,78.3996,False
20.86_79.85,1,20.86251,79.85136,False
20.86_80.0,1,20.86308,79.99987,False
20.86_80.15,1,20.85615,80.14937,False
20.86_80.24,1,20.85928,80.24285,False
20.86_80.65,1,20.86278,80.64725,False
20.87_73.45,1,20.87187,73.45235,False
20.87_73.53,1,20.86906,73.52768,False
20.87_73.59,1,20.8665,73.59051,False
20.87_73.83,1,20.86532,73.82584,False
20.87_73.93,1,20.87485,73.9341,False
15.99_79.94,1,15.98791,79.94322,False
15.99_80.0,1,15.98504,80.00016,False
20.87_74.06,1,20.86675,74.06136,False
20.87_74.08,1,20.87007,74.08325,False
20.87_75.91,1,20.87223,75.91355,False
20.87_76.65,1,20.87187,76.64584,False
20.87_77.67,1,20.87255,77.673,False
20.87_77.79,1,20.86706,77.7903,False
20.87_78.6,1,20.87393,78.60265,False
15.99_80.01,1,15.98907,80.00874,False
20.87_79.27,1,20.86759,79.26651,False
20.87_79.8,1,20.87087,79.79619,False
20.87_80.02,1,20.87031,80.01624,False
20.87_80.06,1,20.86727,80.05773,False
20.88_72.81,1,20.8831,72.81425,False
20.88_72.82,1,20.88356,72.81612,False
20.88_73.58,1,20.88415,73.58408,False
20.88_73.59,1,20.87512,73.58685,False
20.88_73.63,1,20.88062,73.63047,False
20.88_73.8,1,20.88072,73.80167,False
20.88_73.83,1,20.8801,73.82579,False
20.88_74.04,1,20.87813,74.03906,False
20.88_74.06,1,20.88477,74.05981,False
20.88_75.32,1,20.87547,75.31886,False
20.88_75.41,1,20.87985,75.41016,False
15.99_80.06,1,15.99055,80.06271,False
20.88_75.87,1,20.87897,75.87364,False
20.88_76.12,1,20.8825,76.11788,False
20.88_76.93,1,20.88136,76.93018,False
20.88_79.85,1,20.88149,79.8494,False
15.99_80.09,1,15.98592,80.09019,False
20.89_72.83,1,20.88776,72.83442,False
20.89_72.84,1,20.88855,72.83591,False
20.89_72.85,1,20.89266,72.85313,False
20.89_73.54,1,20.88718,73.53978,False
20.89_73.56,1,20.89202,73.55715,False
15.99_80.31,1,15.98752,80.3089,False
20.89_73.59,1,20.88826,73.58529,False
20.89_73.6,1,20.89168,73.59697,False
20.89_73.67,1,20.89182,73.67148,False
15.99_80.34,1,15.99231,80.33771,False
20.89_74.9,1,20.89315,74.90232,False
20.89_75.4,1,20.88825,75.40024,False
20.89_75.63,1,20.8857,75.62875,False
20.89_75.67,1,20.89132,75.6749,False
20.89_76.0,1,20.89452,75.99697,False
20.89_76.23,1,20.88871,76.23394,False
20.89_77.72,1,20.88818,77.72092,False
20.89_77.77,1,20.88986,77.77289,False
20.89_77.9,1,20.89125,77.90457,False
20.89_77.91,1,20.88795,77.90514,False
20.89_78.4,1,20.89223,78.39832,False
20.89_78.44,1,20.8915,78.44308,False
20.89_79.07,1,20.88919,79.0654,False
20.89_79.89,1,20.8857,79.88748,False
20.89_80.0,1,20.88946,80.0049,False
15.99_80.37,1,15.994,80.37038,False
20.89_80.3,1,20.8854,80.29855,False
20.8_73.8,1,20.79507,73.8018,False
20.8_74.44,1,20.79943,74.43549,False
20.8_74.48,1,20.79927,74.4829,False
15.9_74.05,1,15.90153,74.04511,False
15.9_75.35,1,15.89958,75.34741,False
20.8_75.18,1,20.7985,75.17875,False
20.8_75.59,1,20.79802,75.59078,False
15.9_76.56,1,15.89644,76.55834,False
20.8_75.71,1,20.79742,75.70748,False
20.8_77.67,1,20.80257,77.67289,False
20.8_77.99,1,20.79914,77.99054,False
20.8_79.15,1,20.80374,79.14581,False
20.8_79.17,1,20.79771,79.16814,False
20.8_79.61,1,20.79846,79.61064,False
20.8_79.65,1,20.80377,79.64569,False
20.8_79.83,1,20.80359,79.8261,False
20.8_79.92,1,20.79558,79.91651,False
15.9_76.57,1,15.89523,76.57466,False
20.8_80.04,1,20.80467,80.03797,False
15.9_76.78,1,15.89596,76.7815,False
15.9_77.14,1,15.89603,77.14452,False
15.9_77.75,1,15.90218,77.75187,False
15.9_78.14,1,15.89509,78.14376,False
20.8_80.3,1,20.79722,80.30228,False
20.91_73.19,1,20.9067,73.1865,False
20.91_73.45,1,20.90982,73.4454,False
20.91_73.5,1,20.91315,73.50068,False
20.91_73.59,1,20.90598,73.58724,False
20.91_73.67,1,20.91086,73.67435,False
20.91_73.81,1,20.91213,73.81123,False
20.91_75.15,1,20.90814,75.15308,False
20.91_75.67,1,20.907,75.66628,False
20.91_75.68,1,20.91455,75.68114,False
20.91_75.91,1,20.91222,75.91113,False
15.9_78.55,1,15.89683,78.5501,False
20.91_78.27,1,20.91456,78.27219,False
20.91_78.32,1,20.90528,78.31851,False
20.91_78.45,1,20.90897,78.44834,False
20.91_78.79,1,20.91443,78.79133,False
20.91_78.8,1,20.90541,78.80293,False
20.91_79.8,1,20.90564,79.80083,False
20.91_79.81,1,20.90652,79.80576,False
20.91_79.98,1,20.91029,79.9846,False
20.91_80.05,1,20.91424,80.04724,False
20.91_80.25,1,20.91284,80.25417,False
20.91_80.26,1,20.91265,80.25577,False
20.91_80.27,1,20.90527,80.27251,False
20.91_80.33,1,20.90583,80.33194,False
20.91_80.38,1,20.90639,80.38499,False
20.91_80.75,1,20.90924,80.74839,False
20.92_73.5,1,20.92178,73.49922,False
20.92_73.7,1,20.92343,73.69837,False
20.92_73.81,1,20.91684,73.80751,False
20.92_73.85,1,20.92233,73.84574,False
20.92_73.86,1,20.91921,73.86217,False
20.92_74.25,1,20.91995,74.24724,False
20.92_74.8,1,20.91648,74.80464,False
20.92_75.59,1,20.91756,75.58771,False
20.92_75.67,1,20.92204,75.6667,False
20.92_75.68,1,20.91538,75.67879,False
20.92_75.89,1,20.91967,75.89105,False
20.92_75.91,1,20.91569,75.90569,False
20.92_76.29,1,20.92456,76.28759,False
20.92_76.58,1,20.92104,76.57954,False
20.92_77.49,1,20.91613,77.48656,False
20.92_77.88,1,20.91507,77.88139,False
20.92_78.48,1,20.92148,78.48165,False
20.92_78.76,1,20.9194,78.75826,False
20.92_78.79,1,20.91821,78.79079,False
20.92_79.93,1,20.91516,79.93185,False
20.92_80.14,1,20.91873,80.14363,False
20.92_80.4,1,20.92405,80.40302,False
15.9_78.58,1,15.90258,78.57768,False
20.93_73.53,1,20.93183,73.52799,False
15.9_79.88,1,15.8979,79.88251,False
20.93_73.6,1,20.93274,73.6003,False
20.93_73.61,1,20.92894,73.60943,False
20.93_73.67,1,20.92636,73.67081,False
20.93_73.69,1,20.93383,73.68834,False
20.93_73.87,1,20.92924,73.86871,False
20.93_74.33,1,20.92692,74.32941,False
20.93_74.46,1,20.93227,74.46047,False
20.93_75.58,1,20.93003,75.58296,False
20.93_75.68,1,20.93069,75.67771,False
20.93_75.79,1,20.93289,75.7859,False
20.93_75.88,1,20.93042,75.87607,False
20.93_75.89,1,20.92546,75.89066,False
20.93_76.07,1,20.9287,76.06778,False
20.93_76.27,1,20.93417,76.26856,False
20.93_76.29,1,20.92539,76.28803,False
20.93_77.03,1,20.9293,77.03492,False
20.93_77.84,1,20.93107,77.84429,False
20.93_77.85,1,20.92798,77.85457,False
20.93_79.12,1,20.93421,79.12267,False
20.93_80.02,1,20.93115,80.02492,False
20.93_80.03,1,20.93201,80.02882,False
20.93_80.09,1,20.93025,80.0898,False
20.93_80.13,1,20.92973,80.13393,False
20.93_80.17,1,20.9348,80.17084,False
20.93_80.67,1,20.9315,80.66867,False
20.94_73.52,1,20.93912,73.51655,False
20.94_73.53,1,20.93527,73.52747,False
20.94_73.6,1,20.93724,73.6034,False
20.94_73.69,1,20.93841,73.69452,False
20.94_73.7,1,20.94331,73.6963,False
20.94_73.96,1,20.94221,73.9586,False
20.94_75.6,1,20.93886,75.60193,False
20.94_75.7,1,20.93584,75.70353,False
20.94_75.75,1,20.93533,75.74568,False
20.94_75.77,1,20.93838,75.77127,False
20.94_75.98,1,20.93939,75.97989,False
20.94_76.72,1,20.94442,76.72064,False
20.94_78.04,1,20.93988,78.03781,False
20.94_79.13,1,20.93509,79.12717,False
20.94_80.14,1,20.94163,80.1404,False
20.94_80.17,1,20.93615,80.17371,False
20.94_80.18,1,20.93871,80.18343,False
20.94_80.19,1,20.94378,80.18659,False
20.94_80.22,1,20.93835,80.22443,False
20.95_73.35,1,20.94756,73.35471,False
20.95_73.57,1,20.95005,73.57043,False
20.95_73.66,1,20.94897,73.66477,False
15.9_79.99,1,15.90374,79.98837,False
20.95_73.68,1,20.95312,73.68398,False
20.95_73.69,1,20.95356,73.68962,False
20.95_73.7,1,20.94746,73.6972,False
20.95_73.77,1,20.95413,73.77431,False
20.95_74.69,1,20.95049,74.68871,False
20.95_75.04,1,20.94693,75.03633,False
20.95_75.29,1,20.94769,75.29345,False
20.95_75.31,1,20.94999,75.30814,False
20.95_75.37,1,20.94658,75.36662,False
20.95_76.72,1,20.94773,76.71811,False
20.95_77.92,1,20.95324,77.91685,False
20.95_78.32,1,20.95329,78.31817,False
20.95_80.17,1,20.94653,80.17203,False
15.9_80.06,1,15.89579,80.05595,False
15.9_80.14,1,15.89615,80.13647,False
20.95_80.2,1,20.95329,80.20383,False
20.95_80.21,1,20.95383,80.20866,False
20.95_80.64,1,20.95406,80.64032,False
20.96_73.52,1,20.95582,73.5214,False
20.96_73.6,1,20.95871,73.60379,False
20.96_73.66,1,20.95519,73.66185,False
15.9_80.16,1,15.90193,80.15617,False
20.96_73.69,1,20.96418,73.68834,False
20.96_73.71,1,20.955,73.70874,False
15.9_80.17,1,15.89521,80.1712,False
20.96_74.42,1,20.9598,74.41518,False
16.01_74.15,1,16.01085,74.15256,False
20.96_75.36,1,20.95716,75.35725,False
20.96_75.57,1,20.96172,75.5655,False
20.96_75.69,1,20.95535,75.68792,False
20.96_76.31,1,20.96272,76.3087,False
20.96_76.33,1,20.96254,76.32923,False
20.96_77.9,1,20.9641,77.89814,False
20.96_79.71,1,20.9637,79.71213,False
20.96_80.14,1,20.96234,80.13759,False
20.96_80.16,1,20.96054,80.1609,False
20.96_80.18,1,20.96325,80.17938,False
20.96_80.19,1,20.95651,80.19268,False
20.96_80.2,1,20.95748,80.20432,False
20.96_80.23,1,20.96399,80.23235,False
20.96_80.25,1,20.95962,80.25291,False
20.97_73.67,1,20.97156,73.6673,False
20.97_73.69,1,20.96621,73.68985,False
20.97_75.04,1,20.97269,75.03563,False
16.01_77.46,1,16.01405,77.46056,False
20.97_77.91,1,20.97022,77.90852,False
20.97_78.08,1,20.97366,78.07835,False
20.97_78.12,1,20.9719,78.11731,False
20.97_79.15,1,20.96558,79.1534,False
20.97_79.25,1,20.96565,79.24609,False
20.97_79.98,1,20.97249,79.98167,False
20.97_80.14,1,20.96959,80.14371,False
20.97_80.15,1,20.97014,80.14743,False
20.97_80.16,1,20.96613,80.16035,False
16.01_77.66,1,16.00626,77.65681,False
16.01_77.98,1,16.00599,77.97653,False
20.97_80.19,1,20.96676,80.19361,False
20.97_80.27,1,20.97053,80.2697,False
20.97_80.89,1,20.96675,80.89465,False
20.97_80.9,1,20.97182,80.898,False
20.98_73.61,1,20.98392,73.60818,False
20.98_73.79,1,20.97822,73.79499,False
20.98_74.35,1,20.97647,74.3503,False
20.98_74.81,1,20.97836,74.8114,False
20.98_75.05,1,20.98103,75.04505,False
20.98_75.97,1,20.97992,75.96906,False
20.98_76.02,1,20.9843,76.02361,False
20.98_76.39,1,20.98237,76.3875,False
20.98_76.65,1,20.98025,76.64583,False
20.98_77.91,1,20.97727,77.91243,False
20.98_79.2,1,20.98292,79.20454,False
20.98_79.78,1,20.98452,79.77567,False
20.98_80.18,1,20.97507,80.18069,False
16.01_78.83,1,16.00694,78.83177,False
16.01_78.84,1,16.00786,78.837,False
16.01_78.91,1,16.01393,78.90572,False
20.98_80.9,1,20.97607,80.89707,False
20.99_72.75,1,20.99051,72.74862,False
16.01_79.06,1,16.01273,79.06248,False
20.99_73.14,1,20.98747,73.14217,False
16.01_79.07,1,16.01488,79.07482,False
20.99_73.7,1,20.98509,73.70412,False
16.01_79.08,1,16.00879,79.07942,False
20.99_74.1,1,20.98593,74.10083,False
16.01_79.09,1,16.00989,79.08657,False
20.99_75.15,1,20.98889,75.1489,False
20.99_75.28,1,20.9905,75.27615,False
20.99_75.33,1,20.9899,75.33424,False
20.99_75.52,1,20.99331,75.52137,False
20.99_75.64,1,20.98949,75.6449,False
20.99_75.69,1,20.98502,75.69031,False
20.99_76.11,1,20.98899,76.10883,False
20.99_77.01,1,20.99125,77.01155,False
20.99_77.02,1,20.99051,77.01581,False
20.99_79.66,1,20.98615,79.66142,False
16.01_79.11,1,16.00588,79.10636,False
20.99_79.78,1,20.98847,79.77882,False
20.99_79.8,1,20.98628,79.79831,False
20.99_80.05,1,20.98923,80.05422,False
20.99_80.06,1,20.99085,80.05588,False
16.01_80.02,1,16.00969,80.01644,False
20.99_80.89,1,20.98802,80.88744,False
16.01_80.43,1,16.01098,80.42916,False
20.9_73.19,1,20.90439,73.18681,False
20.9_73.32,1,20.89612,73.32373,False
20.9_73.53,1,20.90396,73.52803,False
20.9_73.57,1,20.90354,73.57142,False
20.9_73.58,1,20.89536,73.57702,False
20.9_73.62,1,20.89573,73.61556,False
20.9_73.67,1,20.89589,73.671,False
20.9_73.68,1,20.89814,73.68048,False
20.9_73.81,1,20.90058,73.8082,False
20.9_74.01,1,20.90253,74.01157,False
20.9_74.5,1,20.89863,74.50067,False
20.9_75.5,1,20.89845,75.49826,False
20.9_75.9,1,20.89939,75.90372,False
20.9_76.1,1,20.89736,76.09804,False
20.9_78.31,1,20.90482,78.31474,False
20.9_78.32,1,20.90495,78.31832,False
20.9_78.45,1,20.9027,78.45086,False
20.9_78.48,1,20.90323,78.4806,False
20.9_79.14,1,20.90071,79.14144,False
20.9_79.39,1,20.89738,79.38826,False
16.02_73.76,1,16.02331,73.75853,False
20.9_80.27,1,20.8982,80.26561,False
21.01_72.82,1,21.00509,72.81883,False
21.01_73.57,1,21.01127,73.57428,False
21.01_73.64,1,21.0088,73.63806,False
21.01_75.52,1,21.01203,75.51939,False
21.01_76.04,1,21.01434,76.04329,False
21.01_76.15,1,21.0127,76.15301,False
16.02_78.84,1,16.01521,78.83857,False
21.01_78.61,1,21.00624,78.61491,False
21.01_78.62,1,21.00656,78.61798,False
21.01_79.07,1,21.008,79.06683,False
21.01_79.47,1,21.00653,79.46916,False
21.01_79.81,1,21.01082,79.80714,False
21.01_80.06,1,21.00676,80.06303,False
21.01_80.07,1,21.0075,80.06691,False
21.01_80.2,1,21.01243,80.20222,False
21.02_73.76,1,21.02273,73.75848,False
21.02_74.11,1,21.02275,74.10796,False
21.02_75.49,1,21.0202,75.49306,False
21.02_76.26,1,21.02483,76.26417,False
21.02_77.36,1,21.01542,77.36341,False
16.02_78.9,1,16.01822,78.90462,False
21.02_78.44,1,21.02256,78.43687,False
21.02_78.58,1,21.02118,78.5786,False
16.02_79.08,1,16.01541,79.07835,False
21.02_78.62,1,21.02347,78.61787,False
21.02_78.7,1,21.02346,78.70013,False
21.02_78.77,1,21.01841,78.76866,False
21.02_79.18,1,21.01805,79.18459,False
21.02_79.9,1,21.01946,79.89606,False
21.02_79.92,1,21.0232,79.92461,False
21.02_79.93,1,21.02384,79.92768,False
21.02_79.95,1,21.02334,79.95033,False
21.02_80.2,1,21.01682,80.20103,False
21.02_80.25,1,21.01737,80.2483,False
21.02_80.53,1,21.01706,80.52599,False
21.03_73.73,1,21.03449,73.73035,False
21.03_73.77,1,21.03067,73.76803,False
21.03_74.97,1,21.03234,74.96896,False
21.03_75.23,1,21.0332,75.23234,False
21.03_75.73,1,21.03304,75.73024,False
21.03_75.98,1,21.02989,75.98155,False
21.03_76.17,1,21.03152,76.17056,False
21.03_76.28,1,21.02676,76.28372,False
21.03_78.51,1,21.03091,78.51046,False
21.03_78.54,1,21.02788,78.54425,False
21.03_78.57,1,21.02521,78.56932,False
21.03_78.58,1,21.02513,78.57928,False
21.03_78.6,1,21.02632,78.60097,False
16.02_79.53,1,16.02488,79.52769,False
21.03_78.62,1,21.02727,78.616,False
21.03_78.63,1,21.03191,78.63126,False
21.03_78.64,1,21.02965,78.63956,False
21.03_78.76,1,21.02675,78.76282,False
21.03_78.97,1,21.0342,78.9747,False
21.03_79.03,1,21.03124,79.03005,False
21.03_79.8,1,21.03036,79.80068,False
21.03_80.03,1,21.03332,80.02571,False
21.03_80.06,1,21.03441,80.06069,False
21.03_80.07,1,21.03176,80.07281,False
21.03_80.89,1,21.02591,80.89135,False
21.04_72.84,1,21.03524,72.83838,False
21.04_72.92,1,21.03813,72.91778,False
21.04_73.74,1,21.04424,73.73766,False
21.04_73.86,1,21.0362,73.85591,False
21.04_74.63,1,21.03936,74.6255,False
21.04_74.79,1,21.04453,74.79225,False
21.04_75.44,1,21.04176,75.43828,False
21.04_76.26,1,21.0399,76.25985,False
21.04_78.48,1,21.03649,78.48328,False
21.04_78.49,1,21.03736,78.48724,False
21.04_78.51,1,21.035,78.50986,False
21.04_78.52,1,21.0435,78.51684,False
16.02_79.67,1,16.02444,79.66552,False
16.02_79.89,1,16.02404,79.89191,False
21.04_78.63,1,21.03535,78.6306,False
21.04_78.7,1,21.04008,78.69758,False
21.04_78.83,1,21.03623,78.83022,False
21.04_80.01,1,21.03918,80.00838,False
21.04_80.02,1,21.03719,80.01989,False
21.04_80.04,1,21.04119,80.04154,False
21.04_80.09,1,21.03535,80.09149,False
21.04_80.35,1,21.04239,80.3466,False
21.04_80.78,1,21.04109,80.77716,False
21.04_80.87,1,21.03989,80.87389,False
16.02_79.96,1,16.01787,79.95899,False
21.05_73.75,1,21.05324,73.75105,False
21.05_74.6,1,21.04968,74.59986,False
21.05_75.86,1,21.04899,75.86278,False
21.05_76.05,1,21.04719,76.04697,False
21.05_76.14,1,21.05189,76.13658,False
21.05_77.93,1,21.05332,77.92857,False
21.05_78.46,1,21.04926,78.46358,False
21.05_78.52,1,21.0482,78.51585,False
21.05_78.56,1,21.05039,78.55588,False
21.05_78.58,1,21.05276,78.58475,False
21.05_78.59,1,21.04527,78.59395,False
21.05_78.6,1,21.04703,78.59747,False
21.05_78.61,1,21.04712,78.60965,False
16.02_80.19,1,16.01567,80.19289,False
21.05_78.7,1,21.04543,78.69821,False
16.02_80.52,1,16.02341,80.52207,False
21.05_78.75,1,21.04676,78.74737,False
21.05_79.31,1,21.04691,79.31316,False
21.05_79.35,1,21.0469,79.35053,False
21.05_79.91,1,21.04954,79.91079,False
21.05_80.21,1,21.04904,80.20958,False
21.05_80.87,1,21.04954,80.86808,False
21.06_72.85,1,21.05607,72.85309,False
21.06_73.28,1,21.05706,73.278,False
21.06_73.41,1,21.05688,73.41085,False
16.02_80.54,1,16.01937,80.53847,False
21.06_73.79,1,21.05746,73.78568,False
21.06_75.05,1,21.06453,75.05328,False
21.06_75.27,1,21.05857,75.27409,False
21.06_75.6,1,21.06187,75.59763,False
21.06_75.74,1,21.05974,75.73932,False
21.06_75.76,1,21.05688,75.75794,False
21.06_75.82,1,21.05952,75.82472,False
21.06_75.89,1,21.05529,75.88545,False
21.06_75.91,1,21.06163,75.9078,False
21.06_75.99,1,21.05955,75.98766,False
21.06_76.12,1,21.0617,76.12345,False
21.06_76.16,1,21.05513,76.16276,False
21.06_78.24,1,21.06456,78.23692,False
21.06_78.3,1,21.06239,78.30373,False
16.02_80.73,1,16.01565,80.73215,False
21.06_78.57,1,21.05717,78.56802,False
21.06_78.58,1,21.05835,78.58397,False
21.06_78.59,1,21.05873,78.58794,False
21.06_78.83,1,21.06408,78.82701,False
21.06_79.3,1,21.06327,79.2985,False
21.06_80.01,1,21.05692,80.01055,False
21.06_80.69,1,21.05977,80.69357,False
21.07_72.96,1,21.06759,72.95792,False
21.07_72.98,1,21.0667,72.97672,False
21.07_73.71,1,21.0708,73.71488,False
21.07_73.75,1,21.06988,73.7493,False
21.07_73.82,1,21.07473,73.82478,False
21.07_75.46,1,21.06527,75.4603,False
21.07_76.04,1,21.06698,76.04153,False
21.07_76.39,1,21.06981,76.39259,False
21.07_78.29,1,21.07137,78.29072,False
21.07_78.3,1,21.06658,78.30029,False
21.07_78.53,1,21.0687,78.52579,False
21.07_78.6,1,21.06945,78.59718,False
16.02_80.8,1,16.02069,80.7993,False
21.07_78.69,1,21.07118,78.69465,False
21.07_78.82,1,21.06569,78.82453,False
21.07_79.3,1,21.06758,79.29795,False
21.07_79.59,1,21.07198,79.58594,False
21.07_79.96,1,21.06509,79.96344,False
21.07_79.97,1,21.07275,79.96992,False
21.07_80.15,1,21.06525,80.15048,False
21.07_80.22,1,21.06719,80.22494,False
21.08_72.93,1,21.0774,72.93099,False
21.08_73.44,1,21.08354,73.43915,False
21.08_73.88,1,21.07792,73.87628,False
21.08_73.9,1,21.07946,73.89894,False
21.08_75.6,1,21.08316,75.60146,False
16.03_73.58,1,16.02696,73.57895,False
21.08_76.31,1,21.07614,76.31493,False
21.08_78.28,1,21.0769,78.28413,False
21.08_78.29,1,21.08411,78.28681,False
16.03_73.97,1,16.02535,73.96566,False
21.08_78.68,1,21.08407,78.6795,False
21.08_78.9,1,21.08238,78.90033,False
21.08_79.27,1,21.08103,79.27026,False
21.08_79.42,1,21.07902,79.4224,False
21.08_79.65,1,21.08238,79.65475,False
21.08_80.18,1,21.08187,80.17918,False
21.09_73.04,1,21.08603,73.03615,False
21.09_73.44,1,21.08697,73.43861,False
21.09_73.69,1,21.08613,73.6933,False
21.09_75.17,1,21.08557,75.17473,False
21.09_75.29,1,21.09463,75.29457,False
21.09_75.85,1,21.08572,75.85228,False
21.09_75.96,1,21.08945,75.95524,False
21.09_76.02,1,21.08589,76.02261,False
21.09_76.03,1,21.08623,76.02605,False
21.09_76.08,1,21.08551,76.07577,False
21.09_78.28,1,21.08687,78.28255,False
21.09_78.29,1,21.08742,78.28625,False
21.09_78.68,1,21.0895,78.68428,False
21.09_78.95,1,21.08823,78.9517,False
21.09_79.03,1,21.09404,79.03104,False
21.09_79.29,1,21.08587,79.28601,False
21.09_79.62,1,21.08907,79.62371,False
21.09_79.7,1,21.08548,79.70409,False
21.09_79.71,1,21.08702,79.71229,False
21.09_79.9,1,21.0945,79.89563,False
21.09_80.07,1,21.0879,80.06963,False
16.03_75.53,1,16.0281,75.52985,False
21.09_80.3,1,21.08885,80.29703,False
21.09_80.81,1,21.09161,80.80669,False
21.09_80.88,1,21.09191,80.8836,False
21.0_73.56,1,20.99837,73.56295,False
21.0_74.38,1,20.99857,74.38386,False
21.0_75.39,1,21.00228,75.39297,False
21.0_76.14,1,21.00041,76.13708,False
21.0_77.95,1,20.99938,77.95181,False
21.0_77.96,1,20.99989,77.95632,False
21.0_78.57,1,21.00438,78.56703,False
21.0_78.97,1,20.99993,78.96724,False
21.0_80.12,1,20.99969,80.11737,False
16.03_76.71,1,16.03152,76.7142,False
16.03_77.66,1,16.03228,77.66059,False
16.03_77.71,1,16.02621,77.70769,False
21.11_72.72,1,21.10829,72.72244,False
21.11_72.81,1,21.11281,72.8094,False
21.11_73.51,1,21.11222,73.5069,False
21.11_74.58,1,21.1144,74.58253,False
21.11_74.65,1,21.112,74.6519,False
21.11_74.77,1,21.10532,74.76962,False
21.11_76.28,1,21.10772,76.28168,False
16.03_78.18,1,16.02554,78.18185,False
21.11_76.42,1,21.10576,76.42386,False
21.11_76.44,1,21.11451,76.43748,False
21.11_78.62,1,21.1082,78.61691,False
21.11_80.06,1,21.1124,80.05767,False
21.11_80.08,1,21.11453,80.07571,False
21.11_80.14,1,21.10794,80.13725,False
21.11_80.77,1,21.10525,80.76504,False
21.12_72.76,1,21.12341,72.76467,False
21.12_73.97,1,21.12034,73.97494,False
21.12_74.06,1,21.11849,74.06394,False
21.12_74.76,1,21.12446,74.75742,False
21.12_75.71,1,21.12312,75.71031,False
21.12_76.21,1,21.12394,76.21233,False
21.12_76.32,1,21.12067,76.32481,False
21.12_76.66,1,21.11749,76.66164,False
21.12_77.09,1,21.11587,77.09158,False
21.12_78.23,1,21.11672,78.22984,False
21.12_78.57,1,21.11554,78.56711,False
21.12_79.4,1,21.11712,79.40086,False
21.12_79.41,1,21.12446,79.41425,False
21.12_79.58,1,21.11582,79.57867,False
21.12_79.67,1,21.12432,79.67241,False
21.12_79.69,1,21.11859,79.69211,False
21.12_79.7,1,21.12277,79.69778,False
21.13_74.06,1,21.1276,74.05784,False
21.13_74.07,1,21.12998,74.066,False
21.13_74.26,1,21.12612,74.26232,False
21.13_74.64,1,21.13182,74.63523,False
16.03_78.71,1,16.03103,78.7123,False
21.13_75.3,1,21.13168,75.30207,False
21.13_75.34,1,21.13218,75.33953,False
21.13_75.35,1,21.13128,75.35197,False
21.13_75.37,1,21.13412,75.36837,False
21.13_75.48,1,21.13449,75.48125,False
21.13_75.64,1,21.13144,75.64371,False
21.13_75.68,1,21.12521,75.67785,False
21.13_75.69,1,21.13102,75.68762,False
21.13_76.01,1,21.13093,76.01006,False
21.13_76.31,1,21.12697,76.31146,False
21.13_76.32,1,21.12781,76.3158,False
21.13_76.43,1,21.12556,76.4311,False
21.13_78.26,1,21.13405,78.26427,False
21.13_78.74,1,21.12674,78.74029,False
21.13_78.77,1,21.13491,78.7682,False
21.13_78.83,1,21.13386,78.83095,False
21.13_79.53,1,21.13349,79.52606,False
21.13_79.56,1,21.13421,79.56091,False
21.13_79.57,1,21.12531,79.57069,False
16.03_78.87,1,16.02532,78.87428,False
21.13_80.12,1,21.13435,80.12167,False
21.14_72.74,1,21.13638,72.73521,False
21.14_73.97,1,21.14042,73.97192,False
21.14_74.92,1,21.14336,74.9182,False
21.14_75.57,1,21.13733,75.56622,False
21.14_78.08,1,21.13865,78.0764,False
21.14_78.76,1,21.13629,78.7637,False
21.14_79.55,1,21.14049,79.55323,False
21.14_79.71,1,21.13924,79.71284,False
21.14_79.81,1,21.13901,79.80569,False
21.14_80.06,1,21.13613,80.06064,False
21.14_80.89,1,21.13997,80.89056,False
21.15_72.74,1,21.15407,72.73938,False
21.15_73.42,1,21.15058,73.41855,False
21.15_73.6,1,21.15033,73.60042,False
21.15_73.85,1,21.15148,73.85222,False
21.15_74.54,1,21.14884,74.54091,False
21.15_74.94,1,21.14816,74.94052,False
21.15_75.27,1,21.14554,75.26623,False
21.15_75.33,1,21.15116,75.33421,False
21.15_75.39,1,21.15333,75.39449,False
21.15_78.1,1,21.146,78.10387,False
21.15_78.51,1,21.14968,78.50514,False
21.15_79.45,1,21.1517,79.44801,False
21.15_79.59,1,21.14977,79.58839,False
21.15_79.7,1,21.15356,79.70435,False
21.15_80.01,1,21.14673,80.00638,False
21.15_80.4,1,21.14958,80.39951,False
21.15_80.69,1,21.15226,80.6904,False
21.15_80.89,1,21.1454,80.8935,False
21.16_72.63,1,21.15898,72.62582,False
16.03_79.37,1,16.02859,79.37022,False
21.16_72.96,1,21.1574,72.96446,False
21.16_73.42,1,21.1646,73.42483,False
21.16_73.64,1,21.15846,73.64062,False
21.16_73.77,1,21.15681,73.77306,False
21.16_73.82,1,21.15703,73.82381,False
21.16_73.88,1,21.16269,73.88443,False
21.16_74.48,1,21.15906,74.48153,False
21.16_74.88,1,21.15515,74.87709,False
21.16_75.41,1,21.16022,75.41112,False
21.16_75.44,1,21.15634,75.44125,False
21.16_75.64,1,21.16465,75.64015,False
21.16_76.37,1,21.15664,76.37457,False
21.16_76.38,1,21.15746,76.37885,False
21.16_76.45,1,21.16042,76.44895,False
21.16_77.04,1,21.15989,77.03511,False
21.16_78.22,1,21.15612,78.22272,False
21.16_78.66,1,21.16217,78.65642,False
21.16_78.77,1,21.16054,78.77118,False
21.16_78.89,1,21.1596,78.88596,False
21.16_79.52,1,21.15639,79.52145,False
21.17_72.66,1,21.1658,72.66228,False
21.17_72.67,1,21.16523,72.66869,False
21.17_72.75,1,21.17134,72.75373,False
16.03_79.51,1,16.03087,79.51243,False
21.17_74.09,1,21.16859,74.09286,False
16.03_80.13,1,16.03108,80.12536,False
21.17_75.47,1,21.17391,75.47006,False
16.03_80.45,1,16.02515,80.44685,False
21.17_75.91,1,21.16591,75.91183,False
21.17_75.92,1,21.16939,75.91682,False
21.17_76.19,1,21.16978,76.19127,False
21.17_76.43,1,21.16933,76.42993,False
21.17_77.55,1,21.17459,77.54546,False
21.17_78.23,1,21.17331,78.2263,False
21.17_78.43,1,21.16666,78.4328,False
21.17_78.59,1,21.17165,78.59229,False
21.17_78.6,1,21.17278,78.59914,False
21.17_79.33,1,21.16981,79.32617,False
21.17_79.52,1,21.16529,79.52333,False
21.17_79.8,1,21.17164,79.80286,False
21.17_80.71,1,21.16969,80.70952,False
21.18_74.58,1,21.17639,74.58324,False
21.18_76.15,1,21.17768,76.15174,False
21.18_76.26,1,21.17878,76.25775,False
21.18_78.47,1,21.18159,78.46864,False
21.18_78.59,1,21.17513,78.59174,False
21.18_78.71,1,21.17792,78.71245,False
21.18_79.62,1,21.17742,79.61928,False
21.18_80.69,1,21.17894,80.68738,False
21.18_80.8,1,21.18198,80.79534,False
21.19_75.11,1,21.18688,75.11102,False
21.19_75.25,1,21.18572,75.25183,False
21.19_76.0,1,21.19121,75.99947,False
21.19_78.21,1,21.19131,78.20675,False
21.19_78.69,1,21.19358,78.68741,False
21.19_78.71,1,21.18567,78.70942,False
21.19_78.72,1,21.18964,78.72184,False
21.19_78.73,1,21.19335,78.72542,False
21.19_78.77,1,21.1868,78.76609,False
21.19_79.88,1,21.19436,79.87765,False
21.19_80.14,1,21.19199,80.14046,False
21.19_80.18,1,21.19212,80.18456,False
21.19_80.39,1,21.18649,80.38834,False
16.03_80.52,1,16.03177,80.51619,False
16.03_80.53,1,16.03266,80.52789,False
16.03_80.54,1,16.0347,80.53754,False
21.1_72.83,1,21.09898,72.8278,False
21.1_73.92,1,21.1044,73.91822,False
21.1_74.57,1,21.09994,74.57423,False
21.1_74.76,1,21.1005,74.76382,False
21.1_75.19,1,21.10314,75.19004,False
21.1_75.41,1,21.09653,75.41275,False
21.1_76.42,1,21.10222,76.42439,False
21.1_77.95,1,21.09991,77.95238,False
21.1_78.52,1,21.1016,78.5155,False
21.1_78.7,1,21.09902,78.70206,False
21.1_78.84,1,21.10403,78.84413,False
21.1_79.28,1,21.09655,79.27946,False
21.1_79.44,1,21.09954,79.43674,False
21.1_79.96,1,21.1005,79.96441,False
16.03_80.8,1,16.02802,80.8029,False
21.1_80.88,1,21.09547,80.88291,False
21.21_73.05,1,21.20535,73.04711,False
21.21_74.55,1,21.2053,74.54769,False
21.21_75.05,1,21.2118,75.04803,False
21.21_75.48,1,21.21443,75.48421,False
21.21_75.54,1,21.20804,75.54438,False
21.21_75.63,1,21.21031,75.62766,False
21.21_76.48,1,21.21427,76.48492,False
21.21_76.49,1,21.20926,76.48998,False
21.21_76.5,1,21.21179,76.49683,False
21.21_78.0,1,21.21337,77.99966,False
21.21_79.31,1,21.20935,79.30782,False
21.21_79.57,1,21.21196,79.5709,False
21.21_79.62,1,21.20891,79.61864,False
21.21_79.65,1,21.21044,79.64613,False
21.21_79.87,1,21.21334,79.8738,False
21.21_79.88,1,21.21403,79.87788,False
21.21_80.12,1,21.207,80.12173,False
21.21_80.23,1,21.20915,80.22791,False
21.22_73.59,1,21.2219,73.58688,False
21.22_74.87,1,21.21801,74.8747,False
21.22_75.1,1,21.21968,75.09657,False
21.22_75.16,1,21.22439,75.15781,False
21.22_75.63,1,21.22234,75.62673,False
21.22_76.13,1,21.22107,76.12935,False
21.22_78.22,1,21.21915,78.2205,False
21.22_78.23,1,21.22408,78.22742,False
21.22_78.31,1,21.21796,78.31059,False
21.22_78.52,1,21.22117,78.52087,False
21.22_78.92,1,21.22481,78.92182,False
21.22_79.46,1,21.21655,79.46365,False
21.22_79.56,1,21.21513,79.56045,False
21.22_79.57,1,21.2155,79.57038,False
21.22_79.6,1,21.21886,79.59666,False
21.22_79.65,1,21.22419,79.64909,False
21.22_79.87,1,21.21633,79.87352,False
16.03_80.83,1,16.02669,80.83053,False
21.23_74.62,1,21.23277,74.61804,False
21.23_75.1,1,21.22867,75.09695,False
21.23_75.23,1,21.23177,75.22527,False
21.23_75.38,1,21.23141,75.38259,False
21.23_75.63,1,21.22551,75.6266,False
21.23_76.33,1,21.22871,76.33471,False
21.23_78.17,1,21.22529,78.16766,False
21.23_78.54,1,21.23191,78.53763,False
21.23_78.55,1,21.23477,78.54514,False
21.23_78.72,1,21.23238,78.72026,False
21.23_78.73,1,21.23376,78.72765,False
21.23_79.4,1,21.23388,79.39825,False
21.23_79.45,1,21.22673,79.45483,False
21.23_79.49,1,21.22508,79.49074,False
21.23_79.51,1,21.23125,79.51134,False
16.03_80.87,1,16.02895,80.86771,False
21.24_74.83,1,21.24208,74.82571,False
16.04_73.63,1,16.04371,73.6293,False
21.24_75.22,1,21.23932,75.21783,False
21.24_75.59,1,21.23669,75.59478,False
21.24_75.66,1,21.24289,75.66366,False
21.24_77.2,1,21.2373,77.20489,False
21.24_77.48,1,21.24458,77.48351,False
21.24_78.15,1,21.24437,78.14625,False
21.24_78.18,1,21.24456,78.18347,False
21.24_78.72,1,21.23635,78.71936,False
16.04_78.15,1,16.04343,78.15434,False
21.24_78.75,1,21.23627,78.74799,False
16.04_78.21,1,16.03736,78.21228,False
16.04_78.54,1,16.04016,78.5415,False
21.24_79.25,1,21.24204,79.24924,False
21.24_79.48,1,21.2447,79.47808,False
16.04_78.6,1,16.04015,78.59565,False
21.24_79.84,1,21.24105,79.84415,False
21.24_79.95,1,21.23719,79.95026,False
21.24_80.22,1,21.23725,80.21571,False
21.24_80.47,1,21.24295,80.46575,False
21.25_72.78,1,21.24687,72.78374,False
21.25_74.94,1,21.24693,74.9425,False
21.25_74.98,1,21.25088,74.97925,False
21.25_75.18,1,21.25408,75.17997,False
21.25_75.42,1,21.25317,75.42005,False
21.25_75.54,1,21.24764,75.537,False
21.25_76.19,1,21.24929,76.18655,False
21.25_76.23,1,21.24562,76.22752,False
21.25_76.27,1,21.24622,76.27288,False
21.25_76.55,1,21.24552,76.55177,False
21.25_76.58,1,21.25105,76.58125,False
21.25_77.33,1,21.24687,77.32851,False
21.25_78.13,1,21.25377,78.13453,False
16.04_78.71,1,16.03897,78.70623,False
21.25_78.18,1,21.24711,78.17992,False
21.25_78.21,1,21.25072,78.21476,False
21.25_78.75,1,21.24673,78.74759,False
21.25_79.11,1,21.2537,79.10724,False
16.04_79.89,1,16.04165,79.88773,False
16.04_79.91,1,16.04342,79.9081,False
16.04_79.93,1,16.03654,79.92884,False
21.25_79.24,1,21.25411,79.24225,False
21.25_79.27,1,21.24857,79.26791,False
21.25_79.31,1,21.25401,79.31339,False
21.25_79.41,1,21.25425,79.41313,False
21.25_79.48,1,21.24806,79.47747,False
21.25_79.51,1,21.24902,79.51412,False
21.26_72.93,1,21.25897,72.93421,False
16.04_80.02,1,16.03826,80.022,False
21.26_73.44,1,21.25926,73.43605,False
21.26_74.62,1,21.25996,74.62315,False
16.04_80.51,1,16.03921,80.51415,False
21.26_74.98,1,21.26296,74.97746,False
21.26_75.13,1,21.26254,75.12583,False
21.26_75.38,1,21.26462,75.375,False
21.26_75.49,1,21.26472,75.492,False
21.26_76.21,1,21.25717,76.20917,False
21.26_78.13,1,21.25728,78.12831,False
21.26_78.26,1,21.26413,78.25584,False
21.26_78.28,1,21.25772,78.28325,False
16.04_80.53,1,16.03661,80.52776,False
21.26_78.76,1,21.25844,78.75682,False
16.04_80.54,1,16.03529,80.54182,False
21.26_79.31,1,21.25753,79.31397,False
21.26_79.51,1,21.26038,79.51029,False
21.26_80.48,1,21.26079,80.47997,False
21.26_80.49,1,21.26196,80.4876,False
21.26_80.65,1,21.26229,80.65417,False
21.27_72.94,1,21.26503,72.94192,False
21.27_73.88,1,21.2668,73.88381,False
21.27_74.08,1,21.27322,74.08173,False
21.27_74.2,1,21.2682,74.20119,False
21.27_74.24,1,21.26666,74.23939,False
21.27_74.41,1,21.27004,74.40792,False
21.27_75.02,1,21.27449,75.0187,False
21.27_75.03,1,21.274,75.03252,False
21.27_75.12,1,21.26517,75.12067,False
21.27_75.29,1,21.27024,75.29017,False
21.27_75.6,1,21.2705,75.60369,False
21.27_76.49,1,21.27481,76.48567,False
16.04_80.82,1,16.03712,80.81593,False
21.27_78.33,1,21.26917,78.32865,False
21.27_78.47,1,21.27149,78.47337,False
16.04_80.83,1,16.04459,80.83078,False
21.27_78.49,1,21.26966,78.48791,False
21.27_78.5,1,21.26968,78.50426,False
21.27_78.52,1,21.26545,78.51989,False
21.27_78.83,1,21.26537,78.82822,False
21.27_78.91,1,21.27416,78.9092,False
16.04_80.86,1,16.03962,80.8634,False
21.27_79.18,1,21.26555,79.18061,False
16.04_80.87,1,16.03675,80.86776,False
21.27_79.39,1,21.26726,79.38821,False
21.27_79.62,1,21.26878,79.61506,False
21.27_79.63,1,21.26847,79.63229,False
21.27_79.92,1,21.2744,79.9163,False
21.28_72.86,1,21.28122,72.86385,False
21.28_73.22,1,21.27571,73.22292,False
21.28_73.62,1,21.28274,73.62464,False
21.28_73.76,1,21.27972,73.75907,False
21.28_75.02,1,21.282,75.01554,False
21.28_75.43,1,21.28498,75.42935,False
21.28_75.45,1,21.27915,75.45151,False
21.28_76.36,1,21.283,76.35947,False
21.28_76.7,1,21.28232,76.70439,False
21.28_77.83,1,21.27661,77.83093,False
16.04_80.88,1,16.04259,80.87907,False
16.04_80.89,1,16.03606,80.89115,False
21.28_78.23,1,21.2785,78.23325,False
21.28_78.25,1,21.27768,78.2486,False
21.28_78.47,1,21.27548,78.46997,False
21.28_78.48,1,21.27981,78.47985,False
21.28_78.49,1,21.27664,78.4894,False
21.28_78.54,1,21.27522,78.53577,False
21.28_78.72,1,21.28189,78.71569,False
21.28_78.92,1,21.28492,78.91801,False
16.05_73.58,1,16.05308,73.57504,False
21.28_79.23,1,21.27846,79.22645,False
21.28_79.41,1,21.27842,79.40777,False
21.28_79.92,1,21.27731,79.91851,False
21.29_72.66,1,21.28901,72.66293,False
21.29_72.67,1,21.28948,72.66551,False
21.29_73.61,1,21.29267,73.60514,False
21.29_73.94,1,21.29072,73.9395,False
21.29_74.21,1,21.29204,74.20805,False
21.29_74.39,1,21.29331,74.38555,False
21.29_75.28,1,21.2915,75.27661,False
21.29_75.43,1,21.29,75.42635,False
21.29_76.18,1,21.28645,76.17594,False
21.29_76.63,1,21.28892,76.63166,False
21.29_76.64,1,21.29176,76.63603,False
21.29_76.69,1,21.2907,76.68518,False
21.29_76.73,1,21.28679,76.72676,False
21.29_76.77,1,21.28756,76.77397,False
21.29_76.78,1,21.29284,76.78336,False
21.29_76.79,1,21.29231,76.78681,False
21.29_77.53,1,21.28505,77.52829,False
21.29_78.21,1,21.28855,78.20724,False
21.29_78.32,1,21.29154,78.31759,False
21.29_78.48,1,21.28518,78.4756,False
21.29_79.24,1,21.2875,79.23568,False
21.29_79.25,1,21.28865,79.24664,False
21.29_79.26,1,21.29345,79.26382,False
21.29_79.29,1,21.29325,79.2908,False
21.29_79.53,1,21.29485,79.53163,False
21.29_79.59,1,21.29473,79.58922,False
21.29_79.92,1,21.28574,79.92471,False
16.05_73.75,1,16.04725,73.74996,False
21.29_80.46,1,21.28871,80.45982,False
21.29_80.81,1,21.29059,80.81409,False
21.2_74.12,1,21.19885,74.12337,False
21.2_75.17,1,21.19948,75.17229,False
21.2_75.24,1,21.20335,75.24259,False
21.2_75.43,1,21.19723,75.42628,False
21.2_75.59,1,21.20038,75.58789,False
21.2_75.67,1,21.19922,75.67236,False
21.2_76.27,1,21.20098,76.27119,False
21.2_78.5,1,21.19901,78.49786,False
21.2_78.53,1,21.19937,78.52898,False
21.2_78.69,1,21.19622,78.69122,False
21.2_78.95,1,21.20234,78.94584,False
21.2_79.17,1,21.2035,79.16912,False
21.2_79.31,1,21.20239,79.30813,False
21.2_79.46,1,21.20028,79.46218,False
21.2_79.47,1,21.20123,79.46635,False
21.2_79.51,1,21.20337,79.50648,False
21.2_79.54,1,21.20074,79.53723,False
21.2_79.88,1,21.19501,79.88074,False
21.2_79.93,1,21.20411,79.93122,False
21.2_80.18,1,21.19568,80.18344,False
21.2_80.43,1,21.1995,80.43072,False
21.31_73.43,1,21.31209,73.43327,False
21.31_73.65,1,21.31397,73.65342,False
21.31_73.68,1,21.30578,73.67537,False
21.31_74.24,1,21.30945,74.24491,False
21.31_75.05,1,21.31282,75.04978,False
21.31_75.09,1,21.30592,75.08663,False
21.31_75.24,1,21.30901,75.24385,False
21.31_75.59,1,21.31011,75.59133,False
21.31_75.69,1,21.31314,75.69016,False
21.31_75.77,1,21.30726,75.76798,False
21.31_76.36,1,21.30726,76.35757,False
21.31_76.39,1,21.31206,76.39172,False
21.31_76.73,1,21.30921,76.73144,False
21.31_78.68,1,21.31322,78.68367,False
21.31_78.71,1,21.31127,78.70592,False
21.31_78.92,1,21.30681,78.92332,False
21.31_79.25,1,21.31358,79.25373,False
21.31_79.3,1,21.30889,79.30257,False
21.31_79.34,1,21.30911,79.34316,False
21.31_79.35,1,21.30929,79.34528,False
21.31_79.5,1,21.31232,79.49564,False
21.31_80.23,1,21.30914,80.23265,False
21.31_80.41,1,21.31489,80.40858,False
21.32_72.65,1,21.32162,72.64638,False
21.32_72.84,1,21.31636,72.83803,False
21.32_72.97,1,21.32169,72.97182,False
21.32_73.43,1,21.31621,73.43238,False
21.32_75.47,1,21.31959,75.46569,False
21.32_75.5,1,21.3166,75.5015,False
21.32_76.7,1,21.32343,76.70078,False
21.32_76.74,1,21.31667,76.74339,False
21.32_76.75,1,21.31705,76.74521,False
16.05_76.94,1,16.04557,76.94431,False
21.32_76.9,1,21.32232,76.90499,False
21.32_76.91,1,21.31821,76.90545,False
21.32_77.16,1,21.322,77.16454,False
21.32_77.4,1,21.32404,77.40398,False
16.05_79.58,1,16.04658,79.58408,False
21.32_78.44,1,21.31847,78.44395,False
21.32_78.51,1,21.31542,78.51273,False
21.32_78.57,1,21.3228,78.57436,False
21.32_78.71,1,21.31731,78.71039,False
21.32_78.74,1,21.32041,78.74379,False
21.32_78.76,1,21.32124,78.75755,False
21.32_79.19,1,21.31954,79.18742,False
16.05_79.84,1,16.04757,79.84299,False
16.05_79.85,1,16.0459,79.84672,False
21.32_79.53,1,21.32459,79.53235,False
21.32_79.64,1,21.31533,79.6368,False
21.32_79.68,1,21.31689,79.68326,False
21.32_80.07,1,21.32344,80.06599,False
21.32_80.43,1,21.31968,80.43143,False
16.05_79.87,1,16.05262,79.87426,False
21.32_80.46,1,21.31705,80.46474,False
21.33_73.25,1,21.33437,73.25331,False
21.33_73.26,1,21.33236,73.25516,False
21.33_73.38,1,21.33272,73.37966,False
21.33_74.86,1,21.32841,74.86182,False
21.33_75.77,1,21.33334,75.77248,False
21.33_76.49,1,21.32903,76.49422,False
21.33_76.61,1,21.32911,76.60993,False
21.33_76.69,1,21.32711,76.69375,False
21.33_76.7,1,21.32623,76.69618,False
21.33_76.74,1,21.32528,76.73518,False
21.33_76.85,1,21.33164,76.85079,False
21.33_77.15,1,21.327,77.15487,False
21.33_77.16,1,21.32758,77.15859,False
16.05_79.89,1,16.04544,79.88719,False
21.33_77.21,1,21.33218,77.21325,False
21.33_77.3,1,21.32603,77.29887,False
21.33_77.78,1,21.33171,77.77921,False
21.33_78.69,1,21.32658,78.69168,False
21.33_78.75,1,21.32707,78.74743,False
21.33_78.81,1,21.32527,78.81208,False
21.33_78.82,1,21.32567,78.8163,False
16.05_79.91,1,16.04924,79.90801,False
21.33_79.24,1,21.32805,79.24036,False
21.33_79.25,1,21.32563,79.25211,False
21.33_79.35,1,21.3264,79.34511,False
21.33_79.37,1,21.33405,79.36743,False
21.33_79.52,1,21.33281,79.51643,False
21.33_79.53,1,21.32986,79.52536,False
21.33_80.7,1,21.3347,80.70203,False
21.33_80.72,1,21.3339,80.72108,False
21.33_80.73,1,21.3332,80.72936,False
21.34_73.39,1,21.33732,73.39085,False
21.34_73.47,1,21.33764,73.47134,False
21.34_73.66,1,21.33953,73.66029,False
21.34_74.12,1,21.33632,74.11562,False
21.34_74.4,1,21.34295,74.40107,False
21.34_74.54,1,21.33772,74.54498,False
21.34_74.83,1,21.33901,74.82901,False
21.34_75.08,1,21.33617,75.07585,False
21.34_75.54,1,21.34212,75.53584,False
16.05_79.97,1,16.04514,79.97147,False
21.34_76.56,1,21.34409,76.56483,False
21.34_76.76,1,21.33657,76.76435,False
21.34_76.77,1,21.3415,76.76768,False
21.34_76.83,1,21.34315,76.8267,False
21.34_76.85,1,21.33597,76.85488,False
21.34_76.88,1,21.33769,76.88377,False
21.34_77.24,1,21.34466,77.24277,False
21.34_78.04,1,21.34431,78.03835,False
21.34_78.21,1,21.33866,78.20545,False
21.34_78.58,1,21.33782,78.57845,False
21.34_78.75,1,21.34125,78.75245,False
21.34_78.89,1,21.33781,78.89235,False
16.05_80.01,1,16.05491,80.01265,False
21.34_79.23,1,21.34402,79.22738,False
21.34_79.3,1,21.34286,79.29932,False
16.05_80.11,1,16.05272,80.11453,False
21.34_79.46,1,21.3379,79.46224,False
21.34_79.49,1,21.33606,79.49332,False
21.34_79.57,1,21.33612,79.56824,False
21.34_80.07,1,21.33586,80.0665,False
21.34_80.41,1,21.33712,80.40893,False
16.05_80.51,1,16.04601,80.5061,False
21.34_80.45,1,21.34001,80.45237,False
21.34_80.46,1,21.34116,80.45671,False
21.34_80.71,1,21.33528,80.70629,False
16.05_80.52,1,16.04503,80.52168,False
21.35_74.99,1,21.34558,74.98671,False
21.35_75.01,1,21.35131,75.01254,False
21.35_75.02,1,21.35464,75.02377,False
21.35_75.12,1,21.35018,75.11839,False
21.35_75.4,1,21.35361,75.40173,False
21.35_75.56,1,21.34746,75.55841,False
21.35_76.56,1,21.3458,76.56361,False
21.35_76.76,1,21.35007,76.75771,False
21.35_76.82,1,21.34772,76.82135,False
21.35_76.83,1,21.34853,76.82507,False
21.35_76.84,1,21.35085,76.83561,False
21.35_76.87,1,21.35264,76.87273,False
21.35_76.88,1,21.34637,76.8777,False
21.35_77.23,1,21.35053,77.23241,False
21.35_77.25,1,21.34503,77.24966,False
21.35_78.16,1,21.34577,78.16301,False
21.35_78.29,1,21.35448,78.29295,False
21.35_78.53,1,21.34541,78.53445,False
21.35_78.88,1,21.35059,78.88429,False
21.35_78.93,1,21.35066,78.93219,False
21.35_79.15,1,21.34517,79.14525,False
21.35_79.16,1,21.34837,79.15929,False
21.35_79.25,1,21.34574,79.25317,False
21.35_79.35,1,21.35178,79.34739,False
21.35_79.42,1,21.34589,79.42101,False
21.35_79.85,1,21.35229,79.85385,False
21.35_80.22,1,21.3507,80.22153,False
21.35_80.44,1,21.34646,80.44331,False
21.35_80.68,1,21.34674,80.68414,False
21.35_80.69,1,21.3471,80.68807,False
21.35_80.7,1,21.35443,80.70393,False
21.35_80.71,1,21.34846,80.71011,False
21.35_80.73,1,21.34657,80.72509,False
21.35_80.83,1,21.34546,80.83028,False
21.36_72.96,1,21.35815,72.95741,False
21.36_73.65,1,21.35517,73.65487,False
21.36_73.72,1,21.35837,73.7168,False
21.36_74.18,1,21.35675,74.18443,False
21.36_74.59,1,21.36496,74.58521,False
21.36_74.68,1,21.36135,74.68393,False
21.36_74.83,1,21.35833,74.83433,False
21.36_75.01,1,21.35704,75.00639,False
21.36_75.14,1,21.36294,75.14234,False
21.36_75.47,1,21.36022,75.47368,False
21.36_75.49,1,21.35911,75.48644,False
16.05_80.56,1,16.05333,80.55972,False
21.36_76.6,1,21.36153,76.59504,False
21.36_76.88,1,21.35735,76.87959,False
21.36_78.6,1,21.35663,78.60387,False
21.36_78.66,1,21.3629,78.65533,False
21.36_78.77,1,21.35983,78.77265,False
21.36_78.78,1,21.3604,78.77779,False
21.36_79.05,1,21.36019,79.05212,False
21.36_79.22,1,21.35727,79.21953,False
21.36_79.3,1,21.35914,79.30295,False
21.36_79.35,1,21.35541,79.34812,False
21.36_79.36,1,21.36222,79.35745,False
16.05_80.73,1,16.05192,80.72668,False
21.36_79.54,1,21.35724,79.54186,False
21.36_79.55,1,21.35797,79.55325,False
21.36_79.56,1,21.36339,79.55994,False
21.36_80.43,1,21.3554,80.43407,False
21.36_80.44,1,21.35596,80.43785,False
21.36_80.7,1,21.36195,80.69775,False
21.36_80.71,1,21.36173,80.71223,False
21.36_80.81,1,21.36169,80.81163,False
21.37_72.85,1,21.37324,72.85093,False
16.05_80.79,1,16.05314,80.79412,False
21.37_73.65,1,21.36971,73.64899,False
21.37_73.66,1,21.37133,73.65648,False
21.37_73.69,1,21.36789,73.68831,False
21.37_73.72,1,21.36565,73.72227,False
21.37_73.74,1,21.36569,73.73525,False
21.37_73.86,1,21.3717,73.85882,False
21.37_73.96,1,21.36761,73.96137,False
21.37_74.04,1,21.37333,74.03774,False
21.37_74.59,1,21.36691,74.58765,False
21.37_74.65,1,21.37341,74.65047,False
21.37_75.16,1,21.36943,75.15716,False
21.37_75.27,1,21.36983,75.26914,False
21.37_75.49,1,21.36549,75.48896,False
16.05_80.84,1,16.05462,80.83852,False
21.37_75.52,1,21.36826,75.515,False
21.37_75.63,1,21.36983,75.63215,False
21.37_75.83,1,21.37162,75.82921,False
21.37_75.87,1,21.37329,75.87251,False
21.37_76.01,1,21.36559,76.01099,False
21.37_76.59,1,21.36756,76.59338,False
21.37_76.83,1,21.37462,76.83427,False
16.06_77.03,1,16.06414,77.02505,False
21.37_77.28,1,21.3705,77.28214,False
21.37_77.29,1,21.36992,77.28635,False
16.06_77.06,1,16.05503,77.05637,False
21.37_77.46,1,21.36619,77.4575,False
21.37_78.13,1,21.36798,78.13033,False
21.37_78.62,1,21.36736,78.61619,False
21.37_78.66,1,21.36642,78.66127,False
21.37_78.78,1,21.36504,78.77728,False
21.37_79.27,1,21.36652,79.26647,False
21.37_79.56,1,21.36631,79.5562,False
21.37_79.67,1,21.36738,79.67229,False
21.37_79.69,1,21.37184,79.6923,False
21.37_80.33,1,21.36931,80.33124,False
21.37_80.35,1,21.37004,80.3456,False
21.37_80.39,1,21.36533,80.38979,False
21.37_80.7,1,21.36862,80.70303,False
21.38_72.66,1,21.37568,72.66058,False
16.06_77.69,1,16.05764,77.68936,False
21.38_73.69,1,21.38489,73.68652,False
21.38_73.7,1,21.3752,73.70377,False
21.38_74.99,1,21.38085,74.9917,False
21.38_75.25,1,21.38079,75.24835,False
21.38_75.56,1,21.38426,75.56481,False
21.38_75.83,1,21.38424,75.83064,False
21.38_75.86,1,21.3752,75.86101,False
21.38_75.87,1,21.37719,75.86781,False
21.38_76.53,1,21.38053,76.53004,False
21.38_76.79,1,21.37913,76.78866,False
21.38_76.81,1,21.38481,76.80761,False
21.38_76.84,1,21.37531,76.83836,False
21.38_76.9,1,21.38174,76.90289,False
21.38_76.94,1,21.38114,76.94239,False
21.38_77.39,1,21.37501,77.38728,False
21.38_77.59,1,21.38441,77.58894,False
21.38_77.7,1,21.38272,77.69988,False
21.38_77.89,1,21.38422,77.89474,False
21.38_78.02,1,21.3783,78.01975,False
21.38_78.11,1,21.37884,78.1129,False
21.38_78.2,1,21.38074,78.19788,False
21.38_78.52,1,21.37647,78.51994,False
21.38_78.69,1,21.38401,78.69123,False
21.38_79.05,1,21.38323,79.04517,False
21.38_79.07,1,21.37836,79.06892,False
21.38_79.08,1,21.38007,79.07848,False
21.38_79.53,1,21.37893,79.5289,False
21.38_79.57,1,21.38103,79.57332,False
16.06_77.78,1,16.05549,77.78451,False
21.38_79.67,1,21.38396,79.67145,False
21.38_80.29,1,21.37568,80.28713,False
21.38_80.5,1,21.38209,80.49953,False
21.38_80.57,1,21.38464,80.5729,False
21.39_73.12,1,21.39307,73.12341,False
21.39_73.27,1,21.38986,73.26978,False
21.39_73.69,1,21.38835,73.68587,False
21.39_73.78,1,21.38912,73.7762,False
21.39_74.34,1,21.39194,74.33708,False
21.39_74.62,1,21.39198,74.61977,False
21.39_75.18,1,21.39071,75.17551,False
21.39_75.19,1,21.38937,75.18643,False
21.39_75.27,1,21.38956,75.27028,False
21.39_75.37,1,21.38937,75.37019,False
21.39_75.84,1,21.39213,75.84,False
21.39_76.4,1,21.39062,76.40382,False
21.39_76.41,1,21.39019,76.40807,False
21.39_76.66,1,21.39417,76.65572,False
21.39_76.8,1,21.38538,76.80404,False
21.39_76.81,1,21.38525,76.81141,False
16.06_78.13,1,16.05714,78.13157,False
21.39_76.9,1,21.38549,76.90246,False
16.06_79.86,1,16.0626,79.86477,False
21.39_77.31,1,21.39218,77.30729,False
21.39_77.33,1,21.39349,77.32933,False
21.39_77.64,1,21.38807,77.63573,False
21.39_77.72,1,21.39397,77.72418,False
21.39_77.73,1,21.39115,77.72868,False
21.39_78.2,1,21.3851,78.19712,False
21.39_78.38,1,21.3869,78.38486,False
21.39_78.76,1,21.38815,78.76042,False
21.39_79.5,1,21.38736,79.50108,False
16.06_79.98,1,16.05799,79.98332,False
21.39_80.35,1,21.39451,80.35015,False
21.39_80.38,1,21.38558,80.38259,False
21.39_80.48,1,21.38994,80.47757,False
21.39_80.49,1,21.38865,80.48924,False
21.39_80.67,1,21.39236,80.66611,False
21.3_72.94,1,21.29788,72.94031,False
21.3_72.99,1,21.29998,72.98735,False
21.3_74.61,1,21.30451,74.60525,False
21.3_74.81,1,21.30036,74.80978,False
21.3_74.82,1,21.2965,74.82471,False
21.3_74.83,1,21.29799,74.82613,False
21.3_75.32,1,21.29564,75.31958,False
21.3_75.42,1,21.30361,75.42159,False
21.3_75.85,1,21.29781,75.85316,False
21.3_75.86,1,21.29844,75.85883,False
21.3_76.36,1,21.30378,76.35932,False
21.3_76.45,1,21.30406,76.45345,False
21.3_76.48,1,21.30262,76.48329,False
21.3_76.49,1,21.30137,76.48619,False
21.3_76.64,1,21.29507,76.63548,False
21.3_76.7,1,21.29502,76.70105,False
21.3_76.79,1,21.29676,76.78558,False
21.3_77.38,1,21.29929,77.38242,False
21.3_77.4,1,21.30004,77.40448,False
21.3_78.14,1,21.30135,78.14135,False
21.3_78.19,1,21.29635,78.18995,False
21.3_78.34,1,21.30142,78.34058,False
21.3_78.52,1,21.29689,78.51833,False
21.3_79.24,1,21.30053,79.24463,False
21.3_79.39,1,21.29571,79.38826,False
21.3_79.57,1,21.30016,79.57361,False
21.3_80.46,1,21.30437,80.45804,False
16.06_80.01,1,16.05698,80.00901,False
21.3_80.75,1,21.30408,80.75009,False
21.41_72.97,1,21.41006,72.97412,False
21.41_72.98,1,21.41096,72.97673,False
16.06_80.02,1,16.05939,80.01693,False
21.41_73.58,1,21.41121,73.57552,False
21.41_73.67,1,21.40546,73.66839,False
21.41_73.68,1,21.40525,73.68434,False
21.41_73.73,1,21.40589,73.72684,False
21.41_74.25,1,21.41191,74.24648,False
21.41_74.44,1,21.414,74.44113,False
21.41_74.5,1,21.40645,74.49888,False
21.41_74.66,1,21.40966,74.6609,False
21.41_74.83,1,21.40737,74.83231,False
21.41_75.2,1,21.41443,75.19553,False
21.41_76.43,1,21.40511,76.43361,False
21.41_76.88,1,21.41211,76.87667,False
21.41_76.89,1,21.4077,76.89158,False
21.41_77.29,1,21.41347,77.29464,False
21.41_77.39,1,21.40973,77.38613,False
21.41_77.66,1,21.40994,77.65936,False
21.41_77.71,1,21.40882,77.71407,False
21.41_77.93,1,21.41346,77.93404,False
21.41_77.94,1,21.4059,77.93694,False
21.41_78.68,1,21.40509,78.68411,False
21.41_79.3,1,21.40863,79.29954,False
21.41_79.32,1,21.41416,79.31864,False
21.41_79.6,1,21.40776,79.60185,False
21.41_79.67,1,21.4134,79.66715,False
21.41_80.38,1,21.40564,80.37926,False
21.41_80.39,1,21.41118,80.39061,False
21.41_80.42,1,21.40937,80.42408,False
21.42_72.81,1,21.42073,72.80673,False
21.42_73.15,1,21.42436,73.15131,False
21.42_73.38,1,21.41708,73.38082,False
21.42_73.43,1,21.4179,73.42794,False
21.42_73.54,1,21.415,73.54441,False
21.42_73.65,1,21.41669,73.65376,False
21.42_73.66,1,21.41713,73.65559,False
21.42_73.69,1,21.41955,73.68563,False
21.42_73.78,1,21.42384,73.77601,False
21.42_74.51,1,21.42347,74.51192,False
21.42_74.67,1,21.41643,74.66687,False
21.42_76.51,1,21.41965,76.51308,False
21.42_76.76,1,21.41615,76.76289,False
21.42_77.9,1,21.42303,77.89888,False
16.06_80.53,1,16.056,80.529,False
16.06_80.54,1,16.0569,80.53864,False
21.42_77.96,1,21.42017,77.9553,False
16.06_80.8,1,16.06237,80.7974,False
21.42_78.68,1,21.42031,78.68083,False
21.42_78.95,1,21.41878,78.9528,False
21.42_79.41,1,21.4151,79.40956,False
21.42_79.42,1,21.41692,79.41975,False
21.42_79.43,1,21.41984,79.42673,False
21.42_79.84,1,21.42021,79.83834,False
21.42_80.01,1,21.42395,80.00858,False
21.42_80.65,1,21.41843,80.65117,False
21.42_80.9,1,21.41861,80.89793,False
16.06_80.81,1,16.0569,80.80576,False
16.06_80.85,1,16.05848,80.84877,False
21.43_73.15,1,21.42854,73.1504,False
21.43_73.16,1,21.42516,73.15544,False
21.43_73.39,1,21.42619,73.39068,False
21.43_73.5,1,21.42816,73.50179,False
21.43_73.71,1,21.42823,73.71147,False
21.43_74.62,1,21.42717,74.61559,False
21.43_76.78,1,21.43196,76.78376,False
21.43_76.8,1,21.43182,76.8014,False
21.43_76.81,1,21.42862,76.8072,False
16.07_73.64,1,16.07418,73.63798,False
21.43_77.36,1,21.4312,77.3625,False
21.43_77.46,1,21.43092,77.46122,False
21.43_77.73,1,21.43305,77.73386,False
21.43_77.9,1,21.4333,77.90073,False
21.43_77.91,1,21.42781,77.91219,False
21.43_77.92,1,21.43244,77.91957,False
16.07_74.08,1,16.06602,74.08203,False
21.43_77.94,1,21.42591,77.94016,False
21.43_78.86,1,21.42916,78.86086,False
21.43_79.38,1,21.4259,79.38376,False
21.43_79.39,1,21.42753,79.38666,False
21.43_79.4,1,21.42717,79.40074,False
21.43_79.42,1,21.42727,79.42373,False
21.43_79.53,1,21.43109,79.52895,False
21.43_79.64,1,21.43049,79.64433,False
21.43_80.35,1,21.42675,80.34834,False
21.44_72.98,1,21.43655,72.98252,False
21.44_74.56,1,21.43879,74.55795,False
21.44_76.73,1,21.44207,76.72709,False
21.44_76.8,1,21.43516,76.80202,False
16.07_75.98,1,16.07449,75.98233,False
21.44_77.45,1,21.43937,77.44762,False
21.44_77.73,1,21.43679,77.73147,False
21.44_77.9,1,21.43672,77.90134,False
21.44_77.91,1,21.43536,77.90931,False
16.07_77.95,1,16.06646,77.94677,False
21.44_77.93,1,21.43813,77.93438,False
21.44_78.04,1,21.44215,78.03506,False
16.07_78.29,1,16.06561,78.28757,False
21.44_79.24,1,21.44045,79.23633,False
21.44_79.26,1,21.44436,79.25739,False
21.44_79.36,1,21.4409,79.35807,False
21.44_79.83,1,21.44005,79.82621,False
21.44_79.87,1,21.44316,79.87191,False
21.44_79.92,1,21.43526,79.91821,False
21.44_80.29,1,21.43909,80.2922,False
21.44_80.41,1,21.44223,80.40775,False
21.44_80.61,1,21.44396,80.6122,False
21.45_72.78,1,21.4517,72.77656,False
21.45_72.85,1,21.45159,72.85155,False
21.45_73.13,1,21.44696,73.13096,False
21.45_73.4,1,21.45078,73.40376,False
21.45_73.73,1,21.44569,73.7261,False
21.45_74.58,1,21.44647,74.58187,False
21.45_74.75,1,21.44612,74.75232,False
21.45_75.92,1,21.44626,75.91774,False
21.45_76.24,1,21.45214,76.24176,False
21.45_76.7,1,21.4458,76.6984,False
16.07_79.07,1,16.07312,79.07061,False
21.45_77.33,1,21.45481,77.32669,False
21.45_77.54,1,21.45086,77.53705,False
16.07_79.11,1,16.07496,79.11341,False
21.45_77.73,1,21.45124,77.72887,False
21.45_77.8,1,21.45334,77.79956,False
21.45_77.92,1,21.44661,77.92149,False
21.45_77.93,1,21.44603,77.92526,False
21.45_78.04,1,21.44764,78.04446,False
16.07_79.58,1,16.07405,79.57558,False
21.45_78.06,1,21.44688,78.05764,False
21.45_78.85,1,21.44881,78.84831,False
21.45_79.24,1,21.44753,79.23602,False
21.45_79.25,1,21.45117,79.24562,False
21.45_79.4,1,21.4525,79.40296,False
21.45_79.44,1,21.45035,79.44193,False
21.45_79.45,1,21.44584,79.44685,False
21.45_80.35,1,21.45419,80.35162,False
21.45_80.8,1,21.45483,80.80199,False
21.46_72.78,1,21.45932,72.78085,False
21.46_73.05,1,21.46496,73.05366,False
21.46_73.48,1,21.45856,73.47599,False
21.46_73.7,1,21.45512,73.70482,False
21.46_74.11,1,21.46104,74.11122,False
21.46_75.04,1,21.45692,75.04007,False
21.46_75.07,1,21.45908,75.06692,False
21.46_76.23,1,21.45639,76.23073,False
21.46_77.32,1,21.46023,77.31809,False
21.46_78.66,1,21.46362,78.66261,False
21.46_79.07,1,21.46073,79.06632,False
21.46_79.11,1,21.46119,79.11156,False
21.46_79.26,1,21.4574,79.25513,False
21.46_79.45,1,21.46392,79.45132,False
21.46_79.63,1,21.45845,79.62836,False
21.46_80.29,1,21.45843,80.29202,False
21.46_80.35,1,21.45738,80.34711,False
21.46_80.46,1,21.45935,80.46111,False
21.46_80.47,1,21.46061,80.46584,False
16.07_80.34,1,16.07234,80.34363,False
21.46_80.72,1,21.45845,80.7188,False
21.47_72.8,1,21.4661,72.79885,False
21.47_73.26,1,21.46547,73.25951,False
21.47_75.05,1,21.47463,75.04562,False
21.47_75.09,1,21.47405,75.09238,False
21.47_75.55,1,21.47134,75.54718,False
21.47_76.23,1,21.46797,76.22533,False
21.47_76.67,1,21.47284,76.66774,False
21.47_76.88,1,21.4729,76.88029,False
21.47_76.89,1,21.47291,76.88627,False
21.47_77.16,1,21.4685,77.16035,False
21.47_77.6,1,21.47149,77.59911,False
21.47_77.64,1,21.4692,77.6433,False
21.47_77.65,1,21.47026,77.64859,False
21.47_77.73,1,21.46814,77.73067,False
21.47_77.74,1,21.46581,77.73518,False
21.47_77.9,1,21.46602,77.90225,False
21.47_78.04,1,21.47021,78.03634,False
21.47_78.8,1,21.46839,78.7985,False
21.47_78.94,1,21.46922,78.93719,False
21.47_78.97,1,21.47402,78.96557,False
21.47_79.29,1,21.468,79.28678,False
21.47_79.33,1,21.46968,79.33471,False
21.47_79.44,1,21.4666,79.44297,False
21.47_79.45,1,21.46698,79.44755,False
21.47_79.63,1,21.46659,79.62551,False
21.47_79.67,1,21.46611,79.66981,False
21.47_79.79,1,21.46501,79.78678,False
21.47_80.13,1,21.46661,80.1269,False
21.47_80.32,1,21.47293,80.3201,False
21.47_80.4,1,21.46566,80.40386,False
21.47_80.43,1,21.46701,80.43484,False
21.47_80.49,1,21.46849,80.48663,False
21.48_72.79,1,21.48458,72.79166,False
21.48_73.48,1,21.48293,73.48283,False
21.48_73.76,1,21.47822,73.75909,False
21.48_73.78,1,21.48165,73.78061,False
21.48_74.56,1,21.48429,74.56205,False
21.48_74.7,1,21.47644,74.69849,False
21.48_74.81,1,21.47974,74.81031,False
21.48_75.08,1,21.47808,75.07977,False
21.48_75.11,1,21.47709,75.10787,False
21.48_76.62,1,21.48234,76.6246,False
21.48_76.64,1,21.48271,76.64201,False
21.48_77.01,1,21.48258,77.00742,False
21.48_77.03,1,21.48058,77.03024,False
21.48_77.2,1,21.48069,77.205,False
21.48_77.34,1,21.48491,77.33575,False
21.48_78.62,1,21.48119,78.61899,False
21.48_79.44,1,21.48327,79.43905,False
21.48_80.28,1,21.47621,80.27894,False
21.48_80.43,1,21.47861,80.42573,False
21.48_80.65,1,21.48026,80.65231,False
21.48_80.66,1,21.47961,80.65614,False
21.49_72.8,1,21.48535,72.79602,False
21.49_73.56,1,21.49017,73.55994,False
21.49_73.68,1,21.48568,73.67923,False
21.49_73.71,1,21.48634,73.71017,False
21.49_73.75,1,21.48532,73.74928,False
21.49_74.39,1,21.49088,74.38764,False
21.49_74.6,1,21.49084,74.60135,False
21.49_75.71,1,21.48779,75.70603,False
21.49_76.39,1,21.48765,76.38612,False
21.49_77.0,1,21.48639,77.00467,False
21.49_77.01,1,21.48634,77.00684,False
21.49_77.02,1,21.49057,77.02229,False
21.49_77.03,1,21.4889,77.03134,False
21.49_77.16,1,21.48824,77.15588,False
21.49_77.17,1,21.48677,77.1684,False
21.49_77.2,1,21.49045,77.20438,False
16.07_80.54,1,16.07466,80.54292,False
16.07_80.81,1,16.07003,80.80796,False
21.49_77.53,1,21.48712,77.52903,False
21.49_78.62,1,21.48615,78.62278,False
21.49_78.87,1,21.49393,78.87265,False
16.08_76.78,1,16.08494,76.78178,False
21.49_79.42,1,21.48963,79.415,False
21.49_80.65,1,21.48724,80.64991,False
21.49_80.69,1,21.49083,80.69182,False
21.49_80.76,1,21.49144,80.7595,False
21.4_73.71,1,21.40203,73.71491,False
21.4_73.72,1,21.40278,73.72318,False
21.4_74.52,1,21.40165,74.52124,False
21.4_74.6,1,21.40061,74.60189,False
21.4_75.18,1,21.40238,75.1835,False
21.4_75.19,1,21.40184,75.19453,False
21.4_75.82,1,21.40232,75.82238,False
21.4_75.83,1,21.40016,75.83259,False
21.4_76.53,1,21.40272,76.53195,False
21.4_76.54,1,21.40185,76.54196,False
21.4_76.61,1,21.39505,76.60503,False
21.4_76.68,1,21.39806,76.67834,False
21.4_76.89,1,21.40212,76.89014,False
21.4_76.9,1,21.40052,76.90096,False
21.4_77.4,1,21.40126,77.39611,False
21.4_77.69,1,21.3972,77.68903,False
21.4_77.93,1,21.3997,77.93186,False
21.4_78.46,1,21.39606,78.45818,False
21.4_78.84,1,21.39985,78.84332,False
21.4_79.2,1,21.39553,79.20476,False
21.4_79.53,1,21.40036,79.53313,False
21.4_79.54,1,21.40097,79.53691,False
21.4_79.55,1,21.39977,79.55225,False
21.4_80.08,1,21.39743,80.07956,False
21.4_80.14,1,21.3968,80.13522,False
21.4_80.35,1,21.39507,80.35393,False
21.4_80.37,1,21.39729,80.37218,False
16.08_78.03,1,16.08211,78.03247,False
21.51_72.78,1,21.51253,72.77565,False
21.51_73.03,1,21.51306,73.03487,False
21.51_73.9,1,21.51182,73.90016,False
21.51_75.43,1,21.5097,75.42621,False
21.51_75.45,1,21.50848,75.45366,False
21.51_76.28,1,21.50973,76.28492,False
21.51_77.18,1,21.50644,77.18227,False
16.08_79.12,1,16.08093,79.12433,False
21.51_77.2,1,21.51395,77.19751,False
16.08_79.13,1,16.08249,79.12634,False
16.08_79.15,1,16.07655,79.14837,False
21.51_77.4,1,21.51195,77.39901,False
21.51_77.45,1,21.51273,77.44635,False
21.51_78.08,1,21.50955,78.07693,False
21.51_78.11,1,21.50785,78.10665,False
21.51_78.13,1,21.51329,78.13199,False
21.51_78.7,1,21.50813,78.69733,False
21.51_79.45,1,21.51243,79.45334,False
21.51_79.51,1,21.50639,79.51125,False
21.51_80.04,1,21.50766,80.03815,False
16.08_79.97,1,16.08204,79.96725,False
21.51_80.43,1,21.51073,80.43161,False
21.52_72.8,1,21.52182,72.7952,False
21.52_72.81,1,21.52268,72.81346,False
21.52_73.03,1,21.51993,73.03286,False
21.52_73.04,1,21.52493,73.03609,False
21.52_73.79,1,21.52241,73.78858,False
21.52_73.8,1,21.51749,73.79982,False
21.52_73.83,1,21.51578,73.82527,False
21.52_74.5,1,21.52014,74.50159,False
21.52_76.52,1,21.51814,76.51866,False
21.52_77.09,1,21.52418,77.08581,False
21.52_77.17,1,21.5181,77.1734,False
16.08_80.14,1,16.08055,80.14307,False
21.52_77.19,1,21.51633,77.18861,False
21.52_77.34,1,21.51852,77.33826,False
21.52_77.38,1,21.51723,77.38136,False
21.52_77.39,1,21.51605,77.38876,False
21.52_77.4,1,21.51525,77.3996,False
21.52_77.41,1,21.52452,77.41462,False
21.52_78.33,1,21.52274,78.32659,False
21.52_78.76,1,21.52098,78.75999,False
21.52_78.77,1,21.52216,78.76884,False
21.52_78.8,1,21.52183,78.79552,False
21.52_78.94,1,21.51638,78.94318,False
21.52_79.74,1,21.52242,79.73903,False
21.52_80.46,1,21.52295,80.45586,False
21.52_80.51,1,21.51862,80.50918,False
21.53_73.08,1,21.53481,73.08161,False
21.53_73.17,1,21.53474,73.16735,False
21.53_73.2,1,21.52533,73.19559,False
21.53_73.72,1,21.53333,73.71729,False
21.53_73.74,1,21.53012,73.73505,False
21.53_74.82,1,21.53331,74.82288,False
21.53_75.63,1,21.53085,75.63425,False
21.53_75.64,1,21.52655,75.64017,False
21.53_76.45,1,21.52657,76.44755,False
21.53_76.98,1,21.52608,76.97578,False
21.53_77.19,1,21.52522,77.18996,False
21.53_77.35,1,21.5264,77.3514,False
21.53_77.36,1,21.52515,77.35885,False
21.53_77.4,1,21.52853,77.39578,False
21.53_77.42,1,21.52507,77.41962,False
21.53_77.48,1,21.52914,77.47514,False
21.53_77.93,1,21.53425,77.92856,False
21.53_77.96,1,21.52511,77.95885,False
21.53_78.52,1,21.53397,78.52262,False
21.54_72.75,1,21.54179,72.74804,False
21.54_73.02,1,21.53743,73.01733,False
21.54_73.14,1,21.54141,73.13975,False
21.54_73.41,1,21.54003,73.40862,False
21.54_75.21,1,21.54029,75.20675,False
21.54_76.47,1,21.53501,76.46947,False
21.54_76.64,1,21.53714,76.64168,False
21.54_76.65,1,21.53802,76.64555,False
21.54_77.19,1,21.53633,77.19239,False
21.54_77.48,1,21.53993,77.48004,False
21.54_78.54,1,21.54317,78.53568,False
21.54_78.76,1,21.5437,78.7595,False
21.54_79.94,1,21.53788,79.9442,False
21.54_80.07,1,21.53657,80.07017,False
21.54_80.49,1,21.53779,80.49191,False
21.55_72.82,1,21.55016,72.82262,False
16.08_80.21,1,16.07796,80.21329,False
21.55_73.46,1,21.54799,73.45783,False
21.55_73.58,1,21.54664,73.57596,False
21.55_73.77,1,21.55473,73.77361,False
21.55_77.06,1,21.55125,77.05814,False
21.55_77.12,1,21.55049,77.12274,False
21.55_77.13,1,21.55089,77.12774,False
16.08_80.75,1,16.08377,80.74586,False
21.55_77.43,1,21.55286,77.42937,False
21.55_78.01,1,21.5492,78.00608,False
21.55_78.34,1,21.54888,78.33603,False
21.55_78.54,1,21.54855,78.53812,False
21.55_78.67,1,21.55443,78.66595,False
21.55_78.77,1,21.5512,78.76744,False
21.55_78.82,1,21.55202,78.81808,False
21.55_78.96,1,21.55148,78.96012,False
16.08_80.78,1,16.07516,80.77921,False
21.55_78.98,1,21.54638,78.97539,False
21.55_79.0,1,21.55415,79.00137,False
21.55_79.39,1,21.5489,79.38992,False
21.55_79.4,1,21.54952,79.39558,False
21.55_80.28,1,21.5467,80.2832,False
21.55_80.47,1,21.55101,80.46508,False
21.56_72.79,1,21.55622,72.78503,False
21.56_72.88,1,21.55937,72.87506,False
21.56_72.96,1,21.56152,72.95755,False
21.56_73.1,1,21.56122,73.10378,False
21.56_73.11,1,21.5557,73.1118,False
21.56_73.7,1,21.56457,73.70177,False
21.56_73.74,1,21.55909,73.74148,False
21.56_73.76,1,21.56139,73.76095,False
21.56_73.77,1,21.55664,73.77415,False
21.56_73.96,1,21.5554,73.96049,False
21.56_75.97,1,21.56368,75.96855,False
21.56_76.02,1,21.56162,76.02312,False
21.56_76.54,1,21.55954,76.53948,False
21.56_76.67,1,21.55681,76.67025,False
21.56_77.02,1,21.56279,77.01655,False
21.56_77.06,1,21.56438,77.06236,False
16.08_80.8,1,16.08121,80.79628,False
21.56_77.12,1,21.55634,77.1172,False
21.56_77.13,1,21.56329,77.12921,False
21.56_77.27,1,21.56435,77.26962,False
16.08_80.81,1,16.07626,80.81443,False
16.08_80.83,1,16.07962,80.82599,False
16.09_76.98,1,16.08898,76.97724,False
21.56_77.42,1,21.55655,77.41672,False
21.56_77.83,1,21.56394,77.83234,False
16.09_77.5,1,16.09007,77.50401,False
21.56_78.96,1,21.55519,78.95934,False
21.56_80.45,1,21.56423,80.44658,False
21.56_80.5,1,21.56245,80.49969,False
21.57_73.5,1,21.56594,73.49889,False
21.57_73.75,1,21.56878,73.75172,False
21.57_73.76,1,21.56931,73.75661,False
21.57_73.77,1,21.56671,73.77222,False
21.57_73.81,1,21.56861,73.80896,False
21.57_73.82,1,21.57438,73.82199,False
21.57_73.92,1,21.57311,73.92062,False
21.57_73.93,1,21.56861,73.93124,False
21.57_74.16,1,21.57314,74.15531,False
21.57_74.32,1,21.56889,74.32121,False
21.57_74.53,1,21.57401,74.52971,False
21.57_74.8,1,21.56837,74.79542,False
21.57_76.02,1,21.56637,76.02033,False
16.09_77.63,1,16.08691,77.6287,False
21.57_76.68,1,21.56575,76.6756,False
21.57_77.07,1,21.56806,77.06593,False
16.09_77.75,1,16.0926,77.74525,False
16.09_77.9,1,16.08627,77.90029,False
21.57_77.16,1,21.57272,77.16017,False
21.57_77.27,1,21.5668,77.26918,False
21.57_77.33,1,21.56638,77.33418,False
21.57_77.34,1,21.57141,77.33691,False
21.57_77.37,1,21.5696,77.37209,False
21.57_77.38,1,21.56995,77.37556,False
16.09_77.94,1,16.08701,77.94405,False
21.57_77.4,1,21.57117,77.39667,False
21.57_77.41,1,21.56703,77.41351,False
21.57_77.45,1,21.57352,77.44994,False
21.57_77.83,1,21.5658,77.82526,False
21.57_78.22,1,21.56794,78.22078,False
21.57_78.79,1,21.57454,78.79024,False
21.57_80.16,1,21.56958,80.15923,False
21.57_80.36,1,21.57464,80.36111,False
21.57_80.5,1,21.5653,80.49982,False
21.57_80.55,1,21.56515,80.54683,False
21.58_72.86,1,21.57607,72.862,False
21.58_72.87,1,21.57662,72.86588,False
21.58_72.9,1,21.5814,72.90018,False
21.58_73.5,1,21.57576,73.49969,False
21.58_73.6,1,21.58015,73.60387,False
21.58_73.83,1,21.57799,73.83074,False
21.58_73.85,1,21.57931,73.85246,False
16.09_78.31,1,16.08745,78.30773,False
21.58_74.05,1,21.58439,74.0537,False
21.58_74.26,1,21.57569,74.25967,False
21.58_74.53,1,21.57661,74.53086,False
21.58_74.75,1,21.57625,74.75455,False
16.09_78.66,1,16.09039,78.65794,False
21.58_75.05,1,21.58073,75.04633,False
21.58_76.9,1,21.57999,76.90106,False
21.58_77.08,1,21.58061,77.08083,False
16.09_78.87,1,16.08561,78.87412,False
21.58_77.16,1,21.57667,77.15932,False
21.58_77.33,1,21.58232,77.33062,False
21.58_77.34,1,21.57526,77.33652,False
21.58_77.35,1,21.5845,77.35142,False
21.58_77.37,1,21.58414,77.37223,False
21.58_78.34,1,21.58383,78.34063,False
21.58_79.38,1,21.5782,79.37566,False
21.58_80.45,1,21.58137,80.44792,False
21.59_73.17,1,21.59405,73.1677,False
21.59_73.25,1,21.58678,73.24602,False
21.59_73.44,1,21.58662,73.43967,False
21.59_73.67,1,21.5876,73.66559,False
21.59_73.73,1,21.58627,73.72598,False
21.59_73.74,1,21.59235,73.74394,False
21.59_74.68,1,21.58946,74.67784,False
21.59_74.81,1,21.59234,74.80825,False
21.59_76.0,1,21.59343,75.99501,False
21.59_77.09,1,21.5856,77.09154,False
21.59_77.15,1,21.58804,77.1484,False
21.59_77.26,1,21.59247,77.26109,False
21.59_77.28,1,21.59175,77.28111,False
21.59_77.34,1,21.58797,77.34021,False
21.59_77.36,1,21.59416,77.35661,False
21.59_77.37,1,21.59323,77.36929,False
21.59_78.07,1,21.59213,78.07392,False
16.09_78.96,1,16.09262,78.96272,False
21.59_79.34,1,21.59321,79.34499,False
16.09_79.49,1,16.08506,79.4918,False
21.59_80.84,1,21.59461,80.83681,False
21.5_72.75,1,21.5014,72.75404,False
21.5_72.87,1,21.5023,72.87415,False
21.5_74.29,1,21.50154,74.28921,False
21.5_74.89,1,21.50355,74.88747,False
21.5_75.23,1,21.50435,75.23409,False
21.5_75.68,1,21.4966,75.68071,False
21.5_75.71,1,21.49512,75.70587,False
21.5_77.14,1,21.49927,77.14119,False
21.5_77.19,1,21.5006,77.19199,False
21.5_77.31,1,21.49892,77.30788,False
21.5_77.32,1,21.4951,77.32032,False
21.5_77.38,1,21.50399,77.37897,False
21.5_77.54,1,21.50124,77.53728,False
21.5_77.75,1,21.49719,77.7496,False
21.5_78.04,1,21.49948,78.04271,False
21.5_78.87,1,21.49561,78.87195,False
21.5_79.93,1,21.50418,79.93475,False
21.5_80.25,1,21.50087,80.24716,False
21.5_80.32,1,21.50243,80.32307,False
21.5_80.43,1,21.49899,80.43153,False
21.5_80.44,1,21.49957,80.43577,False
21.5_80.6,1,21.49715,80.59779,False
21.5_80.69,1,21.50454,80.6909,False
21.61_73.1,1,21.60692,73.10159,False
21.61_73.18,1,21.60918,73.17854,False
21.61_73.53,1,21.61062,73.53325,False
21.61_73.62,1,21.61424,73.61601,False
21.61_75.77,1,21.60847,75.7701,False
21.61_76.12,1,21.60635,76.11673,False
21.61_76.73,1,21.61456,76.73356,False
21.61_77.0,1,21.61347,77.00264,False
16.09_79.79,1,16.09023,79.79139,False
21.61_77.18,1,21.60911,77.17785,False
16.09_79.82,1,16.08716,79.81664,False
21.61_77.31,1,21.61481,77.31406,False
21.61_77.48,1,21.60862,77.47536,False
21.61_77.75,1,21.60664,77.7485,False
21.61_77.98,1,21.6062,77.97697,False
21.61_78.05,1,21.60832,78.05018,False
21.61_80.63,1,21.60548,80.62597,False
21.62_72.94,1,21.62389,72.9404,False
21.62_73.25,1,21.61535,73.25468,False
21.62_73.48,1,21.61928,73.48405,False
21.62_73.54,1,21.61899,73.53853,False
21.62_73.63,1,21.62382,73.6255,False
21.62_73.74,1,21.62021,73.73759,False
21.62_74.26,1,21.62129,74.2643,False
21.62_74.71,1,21.61633,74.70521,False
21.62_76.41,1,21.61722,76.4086,False
21.62_76.68,1,21.62396,76.67711,False
21.62_76.87,1,21.61504,76.87141,False
16.09_80.38,1,16.092,80.3763,False
21.62_77.08,1,21.62405,77.08086,False
21.62_77.09,1,21.6212,77.08736,False
21.62_77.1,1,21.62354,77.09502,False
21.62_77.15,1,21.62167,77.15111,False
21.62_77.17,1,21.62053,77.16676,False
21.62_77.18,1,21.61531,77.18217,False
21.62_77.19,1,21.61704,77.19101,False
21.62_77.2,1,21.61941,77.19927,False
21.62_77.25,1,21.61588,77.24703,False
21.62_77.31,1,21.61805,77.30523,False
21.62_77.4,1,21.62331,77.40146,False
21.62_77.41,1,21.6152,77.41087,False
21.62_77.45,1,21.61612,77.44756,False
21.62_77.87,1,21.62498,77.86653,False
21.62_78.2,1,21.62446,78.20415,False
21.62_78.34,1,21.62153,78.34192,False
21.62_80.3,1,21.61668,80.30192,False
21.62_80.73,1,21.62313,80.73344,False
21.63_72.84,1,21.62508,72.84191,False
21.63_72.85,1,21.62575,72.84716,False
21.63_72.87,1,21.63092,72.87018,False
21.63_77.05,1,21.6334,77.05022,False
21.63_77.06,1,21.62882,77.06101,False
21.63_77.08,1,21.62622,77.07637,False
21.63_77.09,1,21.62674,77.09287,False
21.63_77.11,1,21.62899,77.11289,False
21.63_77.12,1,21.63266,77.1208,False
21.63_77.15,1,21.62501,77.15056,False
16.09_80.51,1,16.09354,80.51144,False
16.09_80.54,1,16.09098,80.54076,False
21.63_77.2,1,21.62722,77.20225,False
21.63_77.33,1,21.62891,77.3303,False
21.63_77.34,1,21.6307,77.33947,False
21.63_77.4,1,21.62992,77.396,False
21.63_77.41,1,21.62764,77.40508,False
21.63_77.43,1,21.63477,77.43485,False
21.63_77.44,1,21.63412,77.43871,False
21.63_77.81,1,21.62531,77.81312,False
21.63_77.91,1,21.62842,77.9135,False
21.63_77.93,1,21.63141,77.9301,False
21.63_78.17,1,21.6263,78.17415,False
21.63_78.18,1,21.62582,78.17807,False
21.63_78.66,1,21.63045,78.66106,False
21.63_78.71,1,21.62855,78.70841,False
21.63_78.92,1,21.63079,78.92364,False
21.63_78.95,1,21.63382,78.94823,False
21.63_78.96,1,21.63267,78.95592,False
21.63_80.3,1,21.62976,80.296,False
21.63_80.77,1,21.62842,80.76508,False
21.64_72.88,1,21.63521,72.882,False
21.64_72.96,1,21.64309,72.96392,False
21.64_73.73,1,21.64115,73.73464,False
21.64_74.41,1,21.63651,74.40875,False
21.64_75.52,1,21.63964,75.52381,False
21.64_76.7,1,21.63718,76.69989,False
21.64_76.71,1,21.64214,76.71374,False
21.64_76.72,1,21.64482,76.71712,False
21.64_76.98,1,21.6444,76.981,False
21.64_77.1,1,21.64482,77.09985,False
16.09_80.55,1,16.09455,80.55218,False
21.64_77.12,1,21.63765,77.1175,False
16.09_80.75,1,16.08667,80.74834,False
16.09_80.8,1,16.08971,80.80402,False
16.09_80.81,1,16.09458,80.8123,False
21.64_77.28,1,21.63891,77.28297,False
21.64_77.29,1,21.63972,77.2875,False
21.64_77.36,1,21.64154,77.35515,False
21.64_77.37,1,21.64396,77.37212,False
21.64_77.38,1,21.64459,77.37596,False
21.64_77.43,1,21.63879,77.43162,False
21.64_77.91,1,21.64105,77.91193,False
21.64_77.92,1,21.64305,77.92032,False
21.64_77.95,1,21.64416,77.95368,False
21.64_78.08,1,21.63937,78.07687,False
21.64_78.15,1,21.63583,78.14712,False
21.64_78.56,1,21.638,78.55964,False
21.64_80.24,1,21.64455,80.23823,False
21.64_80.48,1,21.63587,80.47665,False
21.65_72.83,1,21.65184,72.83289,False
21.65_73.06,1,21.65387,73.05946,False
21.65_73.19,1,21.65177,73.18954,False
21.65_73.26,1,21.64789,73.25636,False
21.65_73.34,1,21.64737,73.34423,False
21.65_73.37,1,21.64893,73.37056,False
21.65_74.42,1,21.64927,74.42213,False
21.65_74.52,1,21.64936,74.52321,False
21.65_74.53,1,21.64678,74.52657,False
21.65_74.67,1,21.65211,74.67072,False
21.65_76.71,1,21.65105,76.71162,False
21.65_76.72,1,21.64821,76.71898,False
21.65_77.01,1,21.64817,77.00596,False
21.65_77.06,1,21.65437,77.06019,False
21.65_77.07,1,21.64573,77.07146,False
21.65_77.08,1,21.64629,77.07561,False
21.65_77.09,1,21.65407,77.09134,False
21.65_77.1,1,21.6452,77.104,False
21.65_77.12,1,21.64601,77.11921,False
21.65_77.13,1,21.65226,77.13357,False
21.65_77.14,1,21.6526,77.1369,False
21.65_77.15,1,21.6548,77.15218,False
21.65_77.17,1,21.65249,77.1712,False
21.65_77.21,1,21.64547,77.20957,False
16.09_80.88,1,16.08533,80.88142,False
16.0_76.63,1,15.99811,76.6301,False
16.0_77.68,1,16.00202,77.6816,False
21.65_77.31,1,21.6521,77.31291,False
16.0_78.06,1,16.00143,78.06107,False
21.65_77.41,1,21.64637,77.40765,False
16.0_78.18,1,15.99891,78.17536,False
16.0_78.84,1,16.00101,78.84443,False
21.65_77.44,1,21.64824,77.43739,False
21.65_77.81,1,21.64598,77.81023,False
21.65_77.88,1,21.65348,77.88378,False
21.65_78.0,1,21.65018,77.99862,False
21.65_78.03,1,21.65076,78.03077,False
21.65_78.04,1,21.65132,78.03765,False
21.65_78.08,1,21.6455,78.08358,False
21.65_78.15,1,21.65436,78.1508,False
21.65_79.15,1,21.64574,79.14726,False
21.66_73.29,1,21.65586,73.28755,False
21.66_73.57,1,21.65805,73.56985,False
21.66_74.72,1,21.65844,74.71765,False
21.66_77.0,1,21.65862,77.00156,False
16.0_78.85,1,16.00188,78.85023,False
16.0_78.92,1,16.00141,78.91585,False
21.66_77.1,1,21.66083,77.09658,False
21.66_77.13,1,21.65708,77.12973,False
21.66_77.14,1,21.65777,77.13651,False
21.66_77.15,1,21.65799,77.14678,False
16.0_79.51,1,16.00084,79.5144,False
21.66_77.17,1,21.66246,77.16655,False
21.66_77.18,1,21.66376,77.18256,False
16.11_73.74,1,16.11232,73.7387,False
21.66_77.24,1,21.65994,77.23549,False
21.66_77.25,1,21.65745,77.25444,False
21.66_77.27,1,21.6626,77.26862,False
21.66_77.28,1,21.65815,77.2793,False
21.66_77.31,1,21.65545,77.31238,False
21.66_77.42,1,21.66217,77.41633,False
21.66_77.54,1,21.66099,77.54037,False
21.66_77.71,1,21.65649,77.71413,False
21.66_77.72,1,21.65927,77.71851,False
21.66_77.85,1,21.66373,77.84767,False
21.66_78.15,1,21.65739,78.14702,False
21.66_78.22,1,21.65537,78.22469,False
21.66_78.53,1,21.66461,78.53245,False
21.67_73.01,1,21.67074,73.01331,False
21.67_73.17,1,21.66573,73.17465,False
21.67_73.2,1,21.66649,73.19689,False
21.67_73.41,1,21.66814,73.41136,False
21.67_73.47,1,21.6736,73.46513,False
21.67_73.58,1,21.66601,73.57666,False
21.67_73.76,1,21.67419,73.75755,False
21.67_73.77,1,21.67301,73.77069,False
21.67_74.1,1,21.67369,74.10016,False
21.67_74.61,1,21.6749,74.60673,False
21.67_76.53,1,21.66562,76.53176,False
16.11_77.04,1,16.10852,77.0413,False
21.67_76.96,1,21.67159,76.95557,False
21.67_77.01,1,21.66629,77.01445,False
21.67_77.1,1,21.6661,77.09506,False
16.11_77.1,1,16.11411,77.09503,False
16.11_77.85,1,16.11073,77.85129,False
21.67_77.15,1,21.67384,77.14935,False
16.11_77.92,1,16.10824,77.92236,False
21.67_77.22,1,21.6686,77.22405,False
21.67_77.23,1,21.66906,77.228,False
21.67_77.24,1,21.67494,77.23614,False
21.67_77.76,1,21.67227,77.75939,False
21.67_77.78,1,21.66971,77.77901,False
21.67_77.99,1,21.67321,77.99027,False
21.67_78.07,1,21.66562,78.06604,False
21.67_78.15,1,21.66617,78.15339,False
21.67_78.16,1,21.67279,78.15615,False
21.67_78.53,1,21.66772,78.53152,False
21.67_78.74,1,21.66956,78.73822,False
21.68_72.62,1,21.68241,72.61672,False
21.68_73.15,1,21.67511,73.15101,False
21.68_73.73,1,21.67646,73.72691,False
21.68_73.78,1,21.67842,73.78464,False
21.68_74.16,1,21.67634,74.15757,False
21.68_74.61,1,21.67727,74.60809,False
21.68_76.33,1,21.68381,76.32756,False
21.68_76.76,1,21.67741,76.7586,False
21.68_76.77,1,21.6812,76.77158,False
21.68_76.83,1,21.67515,76.8328,False
21.68_76.84,1,21.67585,76.83688,False
21.68_77.08,1,21.6815,77.07675,False
16.11_78.12,1,16.11036,78.11964,False
16.11_78.23,1,16.10746,78.23339,False
21.68_77.18,1,21.6771,77.17914,False
21.68_77.22,1,21.6773,77.22426,False
21.68_77.23,1,21.67653,77.22816,False
21.68_77.36,1,21.67592,77.36461,False
21.68_77.67,1,21.676,77.6668,False
16.11_79.15,1,16.11111,79.15273,False
21.68_77.96,1,21.67533,77.95966,False
21.68_77.98,1,21.67603,77.9846,False
21.68_78.11,1,21.68338,78.10895,False
21.68_78.43,1,21.67775,78.42677,False
21.68_78.73,1,21.67901,78.73251,False
21.68_78.96,1,21.68486,78.95925,False
21.68_78.97,1,21.68398,78.96837,False
21.68_80.14,1,21.68147,80.13696,False
21.68_80.22,1,21.68209,80.21926,False
21.68_80.65,1,21.67836,80.65125,False
21.68_80.77,1,21.68226,80.76775,False
21.68_80.78,1,21.68466,80.7765,False
21.69_72.62,1,21.68765,72.61549,False
21.69_73.15,1,21.6939,73.14608,False
21.69_73.39,1,21.68612,73.39214,False
21.69_73.65,1,21.68628,73.64927,False
21.69_73.72,1,21.68681,73.7215,False
21.69_73.77,1,21.68551,73.77087,False
21.69_74.15,1,21.68705,74.15279,False
21.69_76.78,1,21.69484,76.78358,False
21.69_76.81,1,21.69386,76.80639,False
21.69_76.82,1,21.69175,76.82255,False
21.69_77.1,1,21.68627,77.09836,False
21.69_77.13,1,21.68601,77.13227,False
21.69_77.14,1,21.6866,77.13775,False
21.69_77.22,1,21.69129,77.224,False
21.69_77.23,1,21.68648,77.22504,False
21.69_77.42,1,21.69113,77.41597,False
21.69_77.8,1,21.68993,77.80231,False
21.69_77.9,1,21.69359,77.89935,False
21.69_78.0,1,21.68966,77.99894,False
16.11_79.16,1,16.10665,79.15501,False
21.69_78.18,1,21.69097,78.18076,False
21.69_78.2,1,21.69077,78.20436,False
21.69_78.22,1,21.68877,78.21861,False
21.69_78.74,1,21.68551,78.73507,False
21.69_78.95,1,21.68608,78.9521,False
21.69_79.02,1,21.69423,79.01704,False
21.69_79.16,1,21.69442,79.16286,False
21.69_79.17,1,21.69499,79.16655,False
21.69_80.66,1,21.68553,80.65509,False
21.6_72.99,1,21.60167,72.99335,False
21.6_76.93,1,21.59976,76.93156,False
21.6_77.0,1,21.59587,76.9994,False
21.6_77.08,1,21.59785,77.08179,False
21.6_77.09,1,21.59839,77.09135,False
21.6_77.14,1,21.59956,77.14047,False
21.6_77.27,1,21.60008,77.26699,False
21.6_77.34,1,21.59658,77.34334,False
16.11_79.49,1,16.11204,79.49443,False
16.11_79.89,1,16.11364,79.8893,False
21.6_77.75,1,21.59677,77.74981,False
21.6_77.9,1,21.6025,77.89796,False
21.6_77.91,1,21.60174,77.90514,False
21.6_78.04,1,21.59778,78.04266,False
21.6_78.19,1,21.60303,78.18835,False
21.6_79.1,1,21.60315,79.09647,False
21.6_80.08,1,21.59635,80.08083,False
21.6_80.18,1,21.60156,80.18354,False
21.6_80.23,1,21.60045,80.23004,False
21.71_72.68,1,21.71079,72.68431,False
21.71_72.83,1,21.71413,72.82933,False
21.71_72.87,1,21.71498,72.87196,False
21.71_72.88,1,21.71071,72.8792,False
21.71_72.93,1,21.70539,72.93258,False
21.71_73.25,1,21.71357,73.25431,False
21.71_73.26,1,21.71388,73.25546,False
21.71_73.3,1,21.70652,73.30221,False
21.71_73.43,1,21.71252,73.4276,False
21.71_73.56,1,21.71461,73.5579,False
21.71_73.63,1,21.70645,73.62532,False
21.71_73.79,1,21.70735,73.78659,False
21.71_73.8,1,21.70877,73.80012,False
21.71_75.58,1,21.71095,75.5839,False
21.71_76.38,1,21.71439,76.38141,False
21.71_76.74,1,21.71264,76.74107,False
16.11_80.31,1,16.10752,80.31474,False
21.71_77.2,1,21.70947,77.19646,False
21.71_77.24,1,21.71223,77.24452,False
21.71_77.25,1,21.70943,77.24888,False
21.71_77.45,1,21.70862,77.44948,False
21.71_77.93,1,21.71427,77.92526,False
21.71_77.94,1,21.70862,77.93592,False
21.71_78.09,1,21.70684,78.08609,False
21.71_78.17,1,21.70513,78.17461,False
21.71_78.18,1,21.70597,78.18069,False
21.71_78.22,1,21.70589,78.22339,False
16.11_80.35,1,16.10902,80.34556,False
21.71_78.27,1,21.71456,78.2713,False
21.71_78.78,1,21.71478,78.78117,False
16.11_80.4,1,16.11416,80.39631,False
21.72_73.63,1,21.71561,73.6288,False
21.72_73.64,1,21.7188,73.64178,False
21.72_73.79,1,21.72282,73.78616,False
21.72_73.82,1,21.71555,73.82437,False
21.72_75.55,1,21.72233,75.54804,False
21.72_76.24,1,21.72252,76.24389,False
21.72_76.51,1,21.71908,76.51369,False
21.72_76.75,1,21.71772,76.75111,False
21.72_77.17,1,21.72341,77.17397,False
21.72_77.19,1,21.71517,77.19456,False
21.72_77.25,1,21.71725,77.25407,False
21.72_77.26,1,21.72136,77.2578,False
21.72_77.36,1,21.7181,77.3566,False
21.72_77.4,1,21.71795,77.40353,False
16.11_80.54,1,16.1119,80.54226,False
16.11_80.59,1,16.1099,80.58833,False
16.11_80.78,1,16.11381,80.77984,False
21.72_77.44,1,21.7249,77.43918,False
21.72_77.45,1,21.71753,77.44907,False
21.72_77.48,1,21.7161,77.47815,False
21.72_77.54,1,21.72424,77.53929,False
21.72_77.9,1,21.71943,77.90389,False
21.72_77.91,1,21.71999,77.90784,False
21.72_77.92,1,21.71527,77.92324,False
21.72_78.0,1,21.72065,77.99878,False
21.72_78.07,1,21.7219,78.06753,False
16.11_80.8,1,16.1134,80.79685,False
21.72_78.17,1,21.71587,78.1681,False
21.72_78.23,1,21.72296,78.23147,False
21.72_78.27,1,21.71517,78.27412,False
21.72_78.61,1,21.72242,78.61023,False
21.72_78.78,1,21.71819,78.7817,False
21.72_80.25,1,21.72367,80.24962,False
16.12_73.58,1,16.11895,73.57891,False
21.73_72.77,1,21.72793,72.77111,False
21.73_72.94,1,21.72826,72.9367,False
21.73_73.19,1,21.73117,73.1861,False
21.73_73.43,1,21.73205,73.43492,False
21.73_73.63,1,21.72526,73.62841,False
21.73_73.67,1,21.7258,73.66949,False
21.73_74.43,1,21.7327,74.42834,False
21.73_76.5,1,21.73347,76.49601,False
21.73_77.36,1,21.72536,77.35931,False
21.73_77.41,1,21.72652,77.41154,False
21.73_77.42,1,21.7281,77.42484,False
16.12_73.59,1,16.12197,73.59193,False
21.73_78.0,1,21.72717,78.00084,False
21.73_78.04,1,21.72532,78.045,False
16.12_73.74,1,16.12151,73.73975,False
21.73_78.09,1,21.73163,78.09433,False
21.73_78.11,1,21.73339,78.11363,False
21.73_78.15,1,21.72805,78.15179,False
21.73_78.34,1,21.73339,78.34468,False
21.73_80.46,1,21.72813,80.45805,False
21.74_72.61,1,21.73781,72.61117,False
21.74_72.7,1,21.74289,72.70318,False
16.12_73.93,1,16.12166,73.93383,False
21.74_72.75,1,21.73677,72.74651,False
21.74_72.76,1,21.74351,72.76484,False
21.74_73.11,1,21.74096,73.11118,False
21.74_73.12,1,21.74155,73.11572,False
21.74_73.54,1,21.73756,73.54446,False
21.74_73.66,1,21.73894,73.65881,False
21.74_73.82,1,21.74139,73.81664,False
21.74_76.2,1,21.73844,76.20462,False
21.74_76.5,1,21.7368,76.49658,False
21.74_76.75,1,21.74174,76.75446,False
21.74_76.76,1,21.73586,76.75625,False
21.74_76.87,1,21.74315,76.87473,False
21.74_76.88,1,21.7404,76.87949,False
21.74_77.19,1,21.73984,77.18932,False
21.74_77.33,1,21.74084,77.32514,False
21.74_77.42,1,21.73924,77.41753,False
21.74_77.46,1,21.7432,77.45722,False
21.74_77.74,1,21.74324,77.73957,False
21.74_77.98,1,21.74419,77.97792,False
21.74_78.01,1,21.74226,78.01368,False
21.74_78.02,1,21.73538,78.01879,False
21.74_78.05,1,21.7381,78.04843,False
21.74_78.07,1,21.73533,78.07327,False
21.74_78.12,1,21.74427,78.12021,False
21.74_78.21,1,21.74197,78.212,False
21.74_78.23,1,21.73768,78.23146,False
21.74_78.72,1,21.74097,78.72365,False
21.74_79.02,1,21.7358,79.01804,False
21.74_79.09,1,21.73578,79.08789,False
21.74_80.11,1,21.74415,80.11369,False
21.75_72.63,1,21.75093,72.6347,False
21.75_72.96,1,21.75131,72.95946,False
21.75_73.09,1,21.74686,73.08656,False
21.75_73.21,1,21.74837,73.20616,False
21.75_73.54,1,21.7478,73.53544,False
21.75_73.59,1,21.75205,73.5853,False
21.75_73.71,1,21.75072,73.70751,False
21.75_73.72,1,21.74618,73.71965,False
21.75_76.12,1,21.74908,76.11958,False
21.75_76.35,1,21.74557,76.3501,False
21.75_76.5,1,21.74862,76.49784,False
21.75_76.6,1,21.74876,76.59755,False
21.75_76.87,1,21.74659,76.87404,False
21.75_78.1,1,21.74652,78.10263,False
21.75_78.11,1,21.74532,78.10507,False
21.75_78.12,1,21.7478,78.11684,False
21.75_78.18,1,21.74807,78.17786,False
21.75_78.68,1,21.75193,78.67815,False
21.75_80.75,1,21.74863,80.7486,False
21.76_72.61,1,21.75858,72.61266,False
16.12_74.11,1,16.11811,74.1097,False
16.12_76.35,1,16.12485,76.34899,False
21.76_72.67,1,21.76243,72.66827,False
21.76_72.72,1,21.75691,72.72083,False
21.76_72.73,1,21.7629,72.73083,False
16.12_76.76,1,16.11923,76.75692,False
21.76_72.81,1,21.75859,72.81293,False
21.76_73.21,1,21.75563,73.21168,False
21.76_73.32,1,21.76161,73.31765,False
21.76_73.67,1,21.75652,73.6728,False
21.76_73.84,1,21.76277,73.84341,False
21.76_75.89,1,21.75745,75.89322,False
21.76_75.9,1,21.75686,75.8969,False
21.76_75.99,1,21.75794,75.98998,False
21.76_76.4,1,21.75866,76.39526,False
21.76_76.57,1,21.75566,76.56967,False
21.76_76.85,1,21.76387,76.85065,False
21.76_77.47,1,21.76195,77.47074,False
21.76_77.66,1,21.7555,77.65801,False
21.76_77.9,1,21.76494,77.89587,False
21.76_78.04,1,21.75512,78.03998,False
21.76_78.07,1,21.75992,78.07458,False
21.76_78.08,1,21.76353,78.07685,False
21.76_78.11,1,21.76194,78.1068,False
21.76_78.12,1,21.76315,78.11862,False
21.76_78.68,1,21.7561,78.67756,False
21.76_80.67,1,21.7562,80.67318,False
21.77_72.69,1,21.76803,72.68873,False
21.77_72.85,1,21.76665,72.84605,False
21.77_73.01,1,21.77254,73.01463,False
21.77_73.41,1,21.77348,73.40543,False
21.77_74.51,1,21.77471,74.50632,False
21.77_75.55,1,21.77223,75.54768,False
21.77_75.95,1,21.77186,75.94996,False
21.77_76.69,1,21.77463,76.68774,False
21.77_77.12,1,21.77224,77.12009,False
21.77_77.21,1,21.77214,77.21061,False
21.77_77.52,1,21.77449,77.5202,False
21.77_78.11,1,21.76778,78.10841,False
21.77_78.56,1,21.77018,78.561,False
16.12_77.83,1,16.12102,77.83475,False
21.77_79.12,1,21.77151,79.12271,False
21.77_80.12,1,21.77258,80.12366,False
21.78_72.66,1,21.77747,72.66241,False
21.78_72.75,1,21.78438,72.75367,False
21.78_73.02,1,21.77824,73.02389,False
21.78_73.15,1,21.77575,73.15189,False
21.78_73.36,1,21.77512,73.35913,False
21.78_75.49,1,21.78455,75.48631,False
21.78_76.1,1,21.77688,76.09786,False
21.78_76.21,1,21.78489,76.21294,False
21.78_76.48,1,21.77594,76.4842,False
21.78_76.65,1,21.77867,76.65379,False
21.78_77.15,1,21.78314,77.1508,False
21.78_77.16,1,21.77873,77.15617,False
21.78_77.21,1,21.77555,77.21266,False
16.12_79.16,1,16.11853,79.16493,False
21.78_77.27,1,21.77682,77.26559,False
21.78_77.48,1,21.77712,77.48254,False
21.78_77.66,1,21.78378,77.66007,False
21.78_77.72,1,21.78219,77.72137,False
21.78_77.89,1,21.7825,77.88577,False
21.78_77.91,1,21.78482,77.91129,False
21.78_77.92,1,21.7795,77.92181,False
21.78_77.99,1,21.78106,77.99451,False
21.78_78.0,1,21.78011,78.00073,False
21.78_78.17,1,21.77852,78.17088,False
21.78_78.18,1,21.78409,78.17623,False
21.78_78.56,1,21.78046,78.56337,False
21.78_78.65,1,21.78314,78.64679,False
21.78_78.72,1,21.78173,78.71832,False
21.78_80.44,1,21.78072,80.43806,False
21.78_80.45,1,21.78266,80.44652,False
21.78_80.66,1,21.78169,80.66188,False
16.12_79.35,1,16.12106,79.34943,False
16.12_79.82,1,16.11677,79.82082,False
21.79_72.96,1,21.78838,72.9611,False
21.79_73.06,1,21.78835,73.05672,False
21.79_74.38,1,21.79455,74.3802,False
21.79_74.66,1,21.78587,74.65648,False
21.79_76.11,1,21.78605,76.11166,False
16.12_79.83,1,16.11546,79.82959,False
21.79_76.61,1,21.78897,76.60544,False
21.79_77.11,1,21.78681,77.11411,False
21.79_77.15,1,21.78516,77.15262,False
21.79_77.17,1,21.7915,77.16869,False
21.79_77.18,1,21.7869,77.17565,False
21.79_77.66,1,21.78826,77.65926,False
21.79_77.73,1,21.79237,77.73228,False
21.79_77.77,1,21.78797,77.76976,False
21.79_77.88,1,21.78645,77.88489,False
21.79_77.89,1,21.78601,77.88636,False
16.12_80.03,1,16.11903,80.03315,False
21.79_78.36,1,21.79181,78.36455,False
21.79_78.37,1,21.79133,78.3661,False
21.79_78.75,1,21.79429,78.74763,False
21.79_80.01,1,21.79146,80.01493,False
16.12_80.2,1,16.12126,80.19575,False
21.79_80.67,1,21.79146,80.67207,False
21.7_72.64,1,21.70128,72.63953,False
21.7_72.85,1,21.70316,72.85001,False
21.7_73.44,1,21.70093,73.44247,False
21.7_73.56,1,21.69583,73.56382,False
21.7_73.74,1,21.69939,73.74158,False
21.7_73.77,1,21.70054,73.76941,False
21.7_74.24,1,21.70459,74.23791,False
21.7_75.65,1,21.70046,75.65179,False
21.7_76.79,1,21.69568,76.7883,False
21.7_76.8,1,21.69843,76.80129,False
21.7_77.17,1,21.69734,77.16541,False
21.7_77.25,1,21.69769,77.25438,False
16.12_80.32,1,16.12419,80.32005,False
21.7_77.3,1,21.69606,77.29987,False
21.7_77.33,1,21.69807,77.33006,False
21.7_77.61,1,21.69586,77.60873,False
21.7_78.01,1,21.69693,78.00847,False
21.7_78.03,1,21.70262,78.03266,False
21.7_78.05,1,21.70207,78.04518,False
21.7_78.18,1,21.69856,78.18469,False
21.7_78.19,1,21.69883,78.19209,False
21.7_79.02,1,21.69505,79.01701,False
16.12_80.5,1,16.11565,80.50488,False
21.7_79.04,1,21.69843,79.03605,False
21.7_79.52,1,21.69529,79.51742,False
21.7_80.11,1,21.69812,80.11179,False
21.7_80.24,1,21.69821,80.24018,False
21.81_72.78,1,21.81469,72.78373,False
21.81_73.7,1,21.80791,73.69872,False
21.81_73.71,1,21.80948,73.70673,False
21.81_73.76,1,21.80673,73.75761,False
21.81_76.16,1,21.80561,76.16423,False
21.81_76.21,1,21.81086,76.20663,False
21.81_76.48,1,21.80986,76.47589,False
21.81_76.51,1,21.81196,76.51101,False
21.81_76.8,1,21.80939,76.80321,False
21.81_77.0,1,21.80674,77.00233,False
21.81_77.01,1,21.81188,77.0066,False
21.81_77.12,1,21.81288,77.11653,False
21.81_77.76,1,21.81362,77.76109,False
21.81_77.83,1,21.81183,77.82688,False
21.81_78.06,1,21.80693,78.05906,False
21.81_78.14,1,21.80709,78.13888,False
21.81_78.43,1,21.8055,78.43446,False
21.81_78.46,1,21.81071,78.45899,False
21.81_78.47,1,21.80671,78.47014,False
21.81_78.62,1,21.81175,78.62292,False
21.81_78.71,1,21.8101,78.70968,False
21.81_78.72,1,21.80897,78.71758,False
21.81_79.02,1,21.81371,79.01532,False
21.81_79.06,1,21.81389,79.05994,False
21.81_79.09,1,21.80526,79.09001,False
21.81_80.14,1,21.80861,80.14131,False
21.81_80.22,1,21.80811,80.21789,False
21.81_80.23,1,21.81294,80.23415,False
21.81_80.77,1,21.80992,80.76926,False
21.82_72.89,1,21.82236,72.8857,False
16.12_80.53,1,16.11516,80.53443,False
21.82_73.05,1,21.81919,73.04939,False
21.82_73.33,1,21.81557,73.32806,False
21.82_73.71,1,21.82301,73.71393,False
21.82_76.24,1,21.81666,76.24122,False
21.82_76.64,1,21.81848,76.63634,False
21.82_76.82,1,21.81772,76.81888,False
21.82_76.84,1,21.82074,76.84178,False
21.82_77.04,1,21.82091,77.03573,False
21.82_77.12,1,21.81618,77.11594,False
21.82_77.21,1,21.81755,77.21486,False
21.82_77.28,1,21.82203,77.28056,False
21.82_77.39,1,21.82219,77.38636,False
21.82_77.76,1,21.81576,77.76033,False
21.82_77.82,1,21.81859,77.81866,False
21.82_77.93,1,21.81866,77.92623,False
21.82_78.04,1,21.81924,78.04174,False
21.82_78.48,1,21.8155,78.48217,False
21.82_78.51,1,21.82445,78.50502,False
21.82_79.0,1,21.8169,79.00403,False
21.82_79.1,1,21.82302,79.09669,False
21.82_79.66,1,21.82119,79.66454,False
21.82_79.67,1,21.81788,79.6651,False
21.82_80.63,1,21.8183,80.63156,False
21.83_72.63,1,21.82528,72.6346,False
16.12_80.54,1,16.11529,80.54173,False
21.83_72.66,1,21.83213,72.66058,False
21.83_72.82,1,21.82778,72.81709,False
16.12_80.55,1,16.11555,80.55336,False
21.83_73.3,1,21.83125,73.29523,False
21.83_73.65,1,21.83035,73.6521,False
21.83_76.84,1,21.8256,76.84051,False
21.83_76.89,1,21.83247,76.8887,False
21.83_77.03,1,21.82529,77.0348,False
21.83_77.04,1,21.83006,77.04385,False
21.83_77.05,1,21.8273,77.04845,False
21.83_77.06,1,21.83432,77.05709,False
21.83_77.21,1,21.83078,77.21251,False
21.83_77.31,1,21.82926,77.31152,False
16.12_80.59,1,16.11518,80.58723,False
21.83_77.4,1,21.8285,77.39512,False
16.12_80.8,1,16.11763,80.80038,False
21.83_77.56,1,21.83314,77.55702,False
21.83_78.29,1,21.83268,78.29005,False
21.83_78.5,1,21.82792,78.50443,False
21.83_79.02,1,21.82955,79.01639,False
21.83_79.05,1,21.83354,79.05472,False
21.83_79.22,1,21.83442,79.21782,False
21.83_79.67,1,21.82584,79.66525,False
21.84_72.64,1,21.83819,72.64323,False
16.12_80.81,1,16.11901,80.80869,False
21.84_72.66,1,21.83704,72.65547,False
21.84_72.97,1,21.83873,72.96823,False
21.84_73.66,1,21.84354,73.66484,False
21.84_75.43,1,21.84226,75.43195,False
21.84_75.76,1,21.83809,75.75811,False
21.84_75.79,1,21.83974,75.78693,False
16.13_75.41,1,16.13163,75.41321,False
21.84_76.12,1,21.84408,76.12215,False
21.84_76.17,1,21.845,76.16702,False
21.84_76.55,1,21.83786,76.55354,False
21.84_76.58,1,21.83858,76.5828,False
21.84_76.89,1,21.83578,76.88931,False
21.84_77.05,1,21.84456,77.05202,False
21.84_77.46,1,21.83503,77.46081,False
21.84_77.47,1,21.83562,77.46519,False
21.84_77.55,1,21.83596,77.552,False
21.84_77.56,1,21.83821,77.56013,False
21.84_77.57,1,21.84396,77.56601,False
21.84_77.66,1,21.8434,77.66104,False
21.84_77.67,1,21.84398,77.66546,False
21.84_77.91,1,21.8408,77.91357,False
21.84_77.92,1,21.83997,77.91536,False
21.84_78.03,1,21.84179,78.02752,False
21.84_78.11,1,21.84425,78.10812,False
21.84_78.13,1,21.84494,78.13132,False
21.84_78.21,1,21.84201,78.2144,False
21.84_78.22,1,21.84165,78.21621,False
21.84_78.23,1,21.83864,78.23406,False
21.84_78.44,1,21.83598,78.44297,False
21.84_78.45,1,21.835,78.44582,False
21.84_78.56,1,21.83609,78.5578,False
21.84_78.8,1,21.83767,78.79785,False
21.84_78.97,1,21.83982,78.97229,False
21.84_79.09,1,21.83961,79.09135,False
21.84_79.22,1,21.83781,79.21728,False
21.84_80.23,1,21.83816,80.23373,False
21.84_80.61,1,21.83516,80.60513,False
21.84_80.71,1,21.83764,80.70741,False
21.84_80.86,1,21.84435,80.86332,False
16.13_76.35,1,16.12817,76.34846,False
21.85_73.06,1,21.84729,73.05624,False
21.85_73.19,1,21.85337,73.19319,False
21.85_73.2,1,21.85283,73.19579,False
21.85_73.26,1,21.84547,73.26051,False
21.85_73.59,1,21.85259,73.58897,False
21.85_74.51,1,21.84825,74.51078,False
21.85_76.1,1,21.84504,76.10466,False
16.13_76.39,1,16.1326,76.38922,False
16.13_77.13,1,16.1348,77.12891,False
21.85_76.17,1,21.84762,76.16599,False
21.85_76.52,1,21.85292,76.5181,False
21.85_76.54,1,21.85174,76.53926,False
21.85_77.05,1,21.84705,77.04595,False
21.85_77.26,1,21.84718,77.26295,False
21.85_77.27,1,21.84992,77.26991,False
21.85_77.46,1,21.84632,77.46351,False
21.85_77.57,1,21.84612,77.56808,False
21.85_77.72,1,21.84624,77.71859,False
21.85_78.11,1,21.85317,78.10773,False
21.85_78.23,1,21.85089,78.23065,False
21.85_78.24,1,21.84781,78.24258,False
21.85_78.27,1,21.84813,78.27491,False
21.85_78.28,1,21.84716,78.27967,False
21.85_78.44,1,21.85178,78.43898,False
21.85_78.53,1,21.84991,78.52911,False
21.85_78.54,1,21.85089,78.54099,False
21.85_78.73,1,21.84576,78.72533,False
21.85_78.95,1,21.84824,78.95344,False
21.85_79.06,1,21.84986,79.0634,False
21.85_79.43,1,21.85326,79.43304,False
21.85_79.44,1,21.85311,79.43709,False
21.85_79.95,1,21.84743,79.94505,False
21.86_72.65,1,21.8582,72.65253,False
21.86_73.08,1,21.85765,73.08031,False
21.86_73.09,1,21.86339,73.09007,False
21.86_73.5,1,21.85832,73.49615,False
21.86_75.64,1,21.85884,75.63796,False
16.13_79.78,1,16.13217,79.78479,False
21.86_76.49,1,21.85841,76.48746,False
21.86_76.6,1,21.85507,76.59631,False
21.86_77.03,1,21.86028,77.03186,False
16.13_79.85,1,16.12862,79.84697,False
16.13_79.99,1,16.13106,79.99388,False
21.86_77.11,1,21.85709,77.11333,False
21.86_77.12,1,21.85974,77.1238,False
21.86_77.54,1,21.85625,77.53651,False
21.86_77.71,1,21.85762,77.71304,False
21.86_77.86,1,21.86113,77.85941,False
21.86_77.87,1,21.85939,77.87014,False
21.86_77.9,1,21.85614,77.90043,False
21.86_78.06,1,21.86487,78.05679,False
21.86_78.09,1,21.86161,78.08698,False
21.86_78.43,1,21.85733,78.43268,False
21.86_78.46,1,21.86176,78.46097,False
21.86_78.47,1,21.85558,78.46631,False
21.86_78.73,1,21.86343,78.72585,False
21.86_78.81,1,21.8592,78.81016,False
21.86_79.0,1,21.85805,79.0043,False
21.86_79.05,1,21.85701,79.04792,False
21.86_79.07,1,21.86019,79.0686,False
21.86_79.19,1,21.86013,79.18615,False
21.86_79.25,1,21.85598,79.24706,False
21.86_79.41,1,21.86457,79.41477,False
21.86_80.21,1,21.85638,80.20515,False
21.87_72.76,1,21.8666,72.75829,False
21.87_72.86,1,21.87272,72.86314,False
21.87_72.93,1,21.8728,72.93162,False
21.87_72.95,1,21.87499,72.94988,False
21.87_73.74,1,21.87019,73.74248,False
16.13_80.28,1,16.12554,80.28375,False
21.87_73.89,1,21.87206,73.89251,False
21.87_75.2,1,21.87103,75.19952,False
21.87_75.53,1,21.86767,75.53335,False
21.87_75.79,1,21.86703,75.78941,False
21.87_76.51,1,21.87083,76.50922,False
21.87_76.55,1,21.87325,76.55154,False
21.87_76.8,1,21.8666,76.79935,False
16.13_80.32,1,16.12768,80.32144,False
16.13_80.4,1,16.13161,80.40099,False
21.87_77.04,1,21.87262,77.03529,False
21.87_77.05,1,21.86861,77.04821,False
21.87_77.25,1,21.86718,77.25182,False
21.87_77.26,1,21.86844,77.25893,False
21.87_77.53,1,21.86853,77.53259,False
21.87_77.85,1,21.86765,77.84819,False
21.87_78.06,1,21.86563,78.06078,False
21.87_78.16,1,21.87016,78.15947,False
21.87_78.29,1,21.86961,78.28696,False
21.87_78.45,1,21.86743,78.45316,False
16.13_80.44,1,16.12666,80.44198,False
21.87_78.7,1,21.86668,78.69945,False
21.87_78.73,1,21.86725,78.72546,False
21.87_79.11,1,21.8705,79.11308,False
21.87_79.2,1,21.86665,79.20107,False
21.87_79.23,1,21.87158,79.2316,False
21.87_79.31,1,21.87037,79.31377,False
16.13_80.45,1,16.12746,80.44633,False
21.87_79.6,1,21.87018,79.59765,False
21.87_79.9,1,21.86868,79.89562,False
21.88_73.09,1,21.87547,73.09187,False
21.88_73.2,1,21.88126,73.19524,False
16.13_80.66,1,16.13264,80.65646,False
21.88_73.83,1,21.88143,73.83028,False
21.88_75.43,1,21.87692,75.42667,False
21.88_76.17,1,21.87534,76.17164,False
21.88_76.19,1,21.87554,76.19244,False
21.88_76.49,1,21.8807,76.4858,False
21.88_76.56,1,21.88193,76.5551,False
21.88_77.53,1,21.87745,77.52679,False
21.88_77.78,1,21.8835,77.78293,False
21.88_78.13,1,21.87697,78.13196,False
21.88_78.28,1,21.87993,78.27594,False
21.88_78.29,1,21.87865,78.2907,False
21.88_78.3,1,21.87821,78.29578,False
16.13_80.75,1,16.13179,80.75169,False
21.88_78.37,1,21.88158,78.3657,False
21.88_79.0,1,21.88352,78.99875,False
21.88_79.01,1,21.87667,79.01051,False
21.88_79.04,1,21.87934,79.03758,False
21.88_79.18,1,21.88058,79.18193,False
21.88_79.2,1,21.87793,79.20171,False
21.88_79.23,1,21.87842,79.22921,False
16.13_80.79,1,16.13467,80.79306,False
21.88_79.35,1,21.8769,79.3493,False
21.88_79.38,1,21.88398,79.37518,False
21.88_79.6,1,21.87521,79.5965,False
21.88_79.65,1,21.87691,79.65106,False
21.88_79.66,1,21.88296,79.65929,False
21.88_79.9,1,21.87843,79.89859,False
21.88_80.76,1,21.88228,80.76324,False
21.89_72.72,1,21.89349,72.72186,False
21.89_72.73,1,21.89233,72.72948,False
21.89_72.94,1,21.89064,72.94374,False
21.89_72.97,1,21.88579,72.97143,False
21.89_73.08,1,21.89184,73.07555,False
21.89_73.55,1,21.89425,73.55289,False
21.89_73.77,1,21.88567,73.76745,False
21.89_73.79,1,21.89463,73.78534,False
21.89_73.92,1,21.88886,73.92313,False
21.89_76.57,1,21.89349,76.56541,False
21.89_76.82,1,21.89029,76.81591,False
21.89_76.83,1,21.88854,76.83218,False
21.89_76.87,1,21.88685,76.86715,False
21.89_77.27,1,21.89066,77.26656,False
21.89_78.04,1,21.89149,78.04177,False
21.89_78.26,1,21.8867,78.25806,False
21.89_78.29,1,21.89129,78.28649,False
21.89_78.5,1,21.88736,78.49696,False
21.89_79.08,1,21.8932,79.08033,False
21.89_79.34,1,21.88647,79.3369,False
21.89_79.59,1,21.88814,79.58922,False
21.8_72.65,1,21.79644,72.64703,False
21.8_72.75,1,21.79804,72.74747,False
21.8_72.8,1,21.80073,72.80279,False
21.8_72.86,1,21.7987,72.86172,False
21.8_72.92,1,21.80309,72.9244,False
16.13_80.8,1,16.12984,80.80031,False
16.13_80.81,1,16.12978,80.81046,False
21.8_73.28,1,21.7951,73.27678,False
21.8_73.85,1,21.79694,73.85046,False
21.8_76.46,1,21.80469,76.46116,False
21.8_76.6,1,21.79502,76.59703,False
21.8_77.78,1,21.8011,77.78381,False
21.8_77.84,1,21.79511,77.84456,False
21.8_78.36,1,21.79771,78.36257,False
21.8_78.74,1,21.79713,78.74387,False
21.8_78.75,1,21.79809,78.74803,False
21.8_79.09,1,21.80404,79.0907,False
21.8_79.21,1,21.79934,79.20865,False
21.8_79.5,1,21.79967,79.50314,False
21.8_79.65,1,21.79957,79.64812,False
21.8_80.0,1,21.80445,80.00375,False
21.8_80.23,1,21.79944,80.23104,False
21.8_80.65,1,21.80439,80.65356,False
21.8_80.73,1,21.80289,80.73278,False
16.13_80.89,1,16.12955,80.88589,False
21.91_72.76,1,21.90585,72.7588,False
21.91_72.78,1,21.9129,72.7782,False
21.91_73.03,1,21.90551,73.03221,False
21.91_73.07,1,21.91307,73.07228,False
21.91_73.13,1,21.91122,73.12877,False
21.91_73.97,1,21.91459,73.97456,False
16.14_75.39,1,16.14316,75.39186,False
21.91_74.34,1,21.91224,74.34475,False
21.91_76.25,1,21.91414,76.2524,False
21.91_76.4,1,21.90765,76.40142,False
21.91_76.6,1,21.91262,76.59923,False
21.91_76.63,1,21.91292,76.63329,False
21.91_76.7,1,21.9094,76.70483,False
21.91_77.13,1,21.91101,77.13472,False
16.14_75.72,1,16.13705,75.71798,False
21.91_77.34,1,21.91139,77.33733,False
21.91_77.44,1,21.90749,77.43765,False
21.91_77.46,1,21.90992,77.45911,False
21.91_78.04,1,21.91046,78.0429,False
21.91_78.05,1,21.91142,78.05346,False
21.91_78.17,1,21.91216,78.17147,False
21.91_78.21,1,21.91007,78.20744,False
21.91_78.23,1,21.91492,78.22802,False
21.91_78.25,1,21.90863,78.25482,False
16.14_77.13,1,16.13667,77.13303,False
21.91_78.99,1,21.90808,78.98808,False
21.91_79.14,1,21.90925,79.14345,False
21.91_79.59,1,21.9122,79.58565,False
21.91_80.86,1,21.91442,80.86455,False
16.14_77.89,1,16.14271,77.8868,False
21.92_72.73,1,21.91787,72.727,False
21.92_73.41,1,21.91746,73.41218,False
21.92_73.84,1,21.91735,73.83787,False
21.92_73.89,1,21.92488,73.89302,False
21.92_74.06,1,21.91863,74.06161,False
21.92_75.42,1,21.92039,75.42251,False
21.92_75.64,1,21.92,75.64368,False
21.92_76.05,1,21.91841,76.04517,False
21.92_76.12,1,21.92223,76.12049,False
21.92_76.27,1,21.91914,76.26901,False
16.14_78.95,1,16.13906,78.94816,False
21.92_76.61,1,21.92389,76.61092,False
21.92_76.63,1,21.91637,76.63272,False
21.92_76.64,1,21.91693,76.63679,False
21.92_76.68,1,21.91528,76.68105,False
21.92_76.93,1,21.91784,76.93454,False
16.14_78.97,1,16.13789,78.96819,False
21.92_76.96,1,21.91914,76.95573,False
21.92_77.14,1,21.91796,77.13716,False
21.92_77.24,1,21.92229,77.2431,False
21.92_77.43,1,21.92489,77.43423,False
21.92_77.66,1,21.92292,77.65675,False
21.92_78.3,1,21.92405,78.3017,False
21.92_78.35,1,21.91906,78.35252,False
21.92_78.41,1,21.91735,78.40845,False
21.92_78.42,1,21.91881,78.42475,False
21.92_78.43,1,21.91647,78.43149,False
21.92_78.56,1,21.91866,78.5624,False
21.92_78.86,1,21.91953,78.86308,False
21.92_78.87,1,21.91895,78.86677,False
21.92_78.89,1,21.91519,78.88942,False
16.14_79.18,1,16.1377,79.18179,False
21.92_79.04,1,21.91965,79.0423,False
21.92_79.08,1,21.91894,79.08295,False
21.92_79.29,1,21.91806,79.29054,False
21.92_79.47,1,21.91804,79.46505,False
21.92_79.48,1,21.92155,79.48464,False
21.92_79.78,1,21.92412,79.78451,False
21.92_79.79,1,21.92005,79.78505,False
21.93_72.67,1,21.93375,72.67214,False
21.93_72.69,1,21.9278,72.68918,False
21.93_72.8,1,21.92595,72.80354,False
21.93_72.81,1,21.92927,72.80824,False
21.93_72.87,1,21.93367,72.87177,False
21.93_73.13,1,21.92819,73.12875,False
21.93_73.68,1,21.92654,73.67887,False
21.93_74.15,1,21.93235,74.14906,False
21.93_75.19,1,21.93079,75.19147,False
21.93_75.25,1,21.92804,75.2541,False
21.93_75.34,1,21.92513,75.33738,False
21.93_75.84,1,21.92694,75.83648,False
21.93_76.21,1,21.92796,76.20718,False
21.93_76.29,1,21.92936,76.29414,False
21.93_76.32,1,21.92736,76.319,False
21.93_76.43,1,21.93444,76.42632,False
21.93_76.89,1,21.93388,76.88686,False
21.93_76.94,1,21.92569,76.94447,False
16.14_79.76,1,16.13694,79.75625,False
21.93_77.35,1,21.93068,77.35194,False
21.93_77.43,1,21.92876,77.43364,False
21.93_77.66,1,21.92827,77.66069,False
21.93_78.05,1,21.93122,78.05255,False
21.93_78.3,1,21.92642,78.30135,False
21.93_78.45,1,21.93438,78.44519,False
21.93_78.52,1,21.92517,78.52329,False
21.93_78.87,1,21.92804,78.8659,False
21.93_78.89,1,21.92567,78.88987,False
16.14_79.84,1,16.13516,79.83582,False
21.93_79.02,1,21.92802,79.01685,False
21.93_79.05,1,21.92733,79.05032,False
21.93_79.14,1,21.92649,79.13888,False
21.93_79.29,1,21.92963,79.29298,False
21.93_79.37,1,21.93083,79.37052,False
21.93_79.5,1,21.93229,79.50404,False
21.93_79.56,1,21.92583,79.56098,False
21.93_79.57,1,21.92683,79.56602,False
21.93_80.03,1,21.93273,80.03368,False
21.94_72.97,1,21.9367,72.96542,False
21.94_73.1,1,21.93814,73.09577,False
16.14_79.85,1,16.14466,79.84531,False
21.94_73.29,1,21.94264,73.28596,False
21.94_73.5,1,21.941,73.49532,False
21.94_73.72,1,21.94063,73.7188,False
21.94_73.83,1,21.93663,73.82912,False
21.94_74.02,1,21.94194,74.0197,False
21.94_74.13,1,21.93877,74.13474,False
21.94_74.22,1,21.93708,74.22286,False
21.94_74.23,1,21.94219,74.22729,False
16.14_80.04,1,16.13577,80.04156,False
21.94_74.36,1,21.93751,74.35895,False
21.94_75.51,1,21.94038,75.51263,False
21.94_75.59,1,21.93641,75.58512,False
21.94_75.75,1,21.93863,75.75435,False
21.94_76.69,1,21.93528,76.68678,False
21.94_76.75,1,21.94156,76.7491,False
21.94_77.44,1,21.94468,77.43703,False
21.94_77.61,1,21.94091,77.61281,False
21.94_77.67,1,21.9368,77.6657,False
21.94_77.98,1,21.94392,77.98006,False
16.14_80.34,1,16.14093,80.3441,False
21.94_78.33,1,21.94192,78.32751,False
21.94_78.96,1,21.94098,78.95925,False
21.94_78.98,1,21.9405,78.97901,False
21.94_79.29,1,21.9437,79.29176,False
21.94_79.36,1,21.94227,79.36073,False
21.94_79.43,1,21.93785,79.42779,False
21.94_79.47,1,21.93571,79.47285,False
21.94_79.67,1,21.94025,79.66507,False
21.94_79.96,1,21.9372,79.95924,False
21.94_80.7,1,21.93837,80.70232,False
21.95_72.89,1,21.94675,72.88987,False
21.95_72.91,1,21.95314,72.911,False
21.95_72.95,1,21.95283,72.95177,False
21.95_72.96,1,21.94505,72.96359,False
21.95_73.02,1,21.94997,73.01827,False
16.14_80.41,1,16.13839,80.41308,False
21.95_73.93,1,21.95147,73.93341,False
21.95_74.04,1,21.95208,74.04031,False
21.95_74.05,1,21.94862,74.0457,False
21.95_74.22,1,21.95262,74.21655,False
21.95_74.25,1,21.9488,74.25336,False
21.95_74.29,1,21.95485,74.28765,False
21.95_74.46,1,21.9453,74.4599,False
21.95_75.61,1,21.95189,75.61259,False
21.95_76.76,1,21.94908,76.75768,False
21.95_76.93,1,21.94755,76.93036,False
21.95_76.99,1,21.94858,76.98885,False
21.95_77.0,1,21.95381,76.9986,False
16.14_80.45,1,16.14352,80.45331,False
16.14_80.55,1,16.14348,80.54504,False
21.95_77.23,1,21.94634,77.23347,False
16.14_80.58,1,16.13771,80.57668,False
21.95_77.98,1,21.94793,77.97953,False
21.95_78.01,1,21.94603,78.01416,False
21.95_78.28,1,21.94544,78.28363,False
21.95_78.44,1,21.94584,78.43929,False
21.95_78.88,1,21.95304,78.88498,False
21.95_78.92,1,21.95189,78.91767,False
21.95_78.94,1,21.94869,78.93938,False
21.95_78.99,1,21.94849,78.98518,False
21.95_79.09,1,21.94692,79.09464,False
21.95_79.24,1,21.95144,79.23746,False
21.95_79.29,1,21.95198,79.29422,False
21.95_79.3,1,21.95469,79.2953,False
21.95_79.35,1,21.94985,79.35069,False
21.95_79.4,1,21.95488,79.40312,False
21.95_79.5,1,21.95193,79.50359,False
21.95_79.54,1,21.94695,79.53907,False
21.95_80.1,1,21.94502,80.09615,False
21.96_72.79,1,21.96032,72.78658,False
21.96_73.01,1,21.96245,73.00653,False
21.96_73.22,1,21.95642,73.22094,False
21.96_73.29,1,21.95626,73.28942,False
21.96_73.36,1,21.96066,73.35693,False
21.96_73.87,1,21.96439,73.86838,False
21.96_74.03,1,21.96014,74.02537,False
21.96_74.22,1,21.95645,74.21701,False
21.96_74.37,1,21.95748,74.36961,False
21.96_75.36,1,21.96482,75.35861,False
21.96_75.46,1,21.9565,75.45731,False
21.96_75.59,1,21.95842,75.59115,False
21.96_75.6,1,21.95958,75.59672,False
21.96_76.11,1,21.9623,76.1145,False
21.96_76.2,1,21.95512,76.19971,False
21.96_76.23,1,21.95683,76.23029,False
21.96_76.66,1,21.9565,76.66372,False
21.96_77.02,1,21.95701,77.02152,False
21.96_77.15,1,21.95625,77.15063,False
16.14_80.68,1,16.14107,80.68334,False
21.96_77.22,1,21.95969,77.22316,False
21.96_77.4,1,21.95988,77.39899,False
21.96_77.5,1,21.95904,77.50237,False
21.96_77.85,1,21.95719,77.85127,False
21.96_77.86,1,21.96294,77.85621,False
16.14_80.7,1,16.13512,80.6982,False
21.96_77.91,1,21.96186,77.90531,False
21.96_78.17,1,21.96138,78.17037,False
21.96_78.39,1,21.96332,78.39133,False
21.96_78.41,1,21.95613,78.41067,False
21.96_78.91,1,21.96011,78.91395,False
21.96_78.92,1,21.95825,78.91583,False
21.96_79.11,1,21.95517,79.10651,False
21.96_79.13,1,21.95765,79.12955,False
21.96_79.14,1,21.95687,79.14011,False
21.96_79.24,1,21.96464,79.24392,False
21.96_79.37,1,21.95875,79.36971,False
21.96_79.39,1,21.95674,79.39331,False
16.14_80.76,1,16.14205,80.76279,False
21.96_79.41,1,21.96471,79.4064,False
21.96_79.43,1,21.95913,79.43282,False
21.96_79.5,1,21.95635,79.49948,False
21.96_79.51,1,21.95512,79.50521,False
21.96_79.79,1,21.95622,79.79287,False
21.97_72.81,1,21.96839,72.80822,False
21.97_72.85,1,21.974,72.84542,False
21.97_72.94,1,21.97287,72.94453,False
21.97_72.95,1,21.96925,72.94508,False
21.97_73.58,1,21.97194,73.58015,False
21.97_73.59,1,21.9652,73.5876,False
21.97_73.93,1,21.97471,73.9315,False
21.97_73.98,1,21.96848,73.98293,False
21.97_75.57,1,21.97235,75.57468,False
16.14_80.81,1,16.13716,80.81322,False
21.97_76.66,1,21.97322,76.66481,False
21.97_76.8,1,21.96569,76.80008,False
21.97_76.94,1,21.97409,76.94059,False
21.97_77.16,1,21.97106,77.16282,False
21.97_77.17,1,21.96873,77.16566,False
21.97_77.29,1,21.97091,77.29273,False
21.97_77.3,1,21.97069,77.29697,False
21.97_77.38,1,21.97403,77.38062,False
21.97_77.64,1,21.96867,77.63628,False
21.97_77.85,1,21.97389,77.85388,False
21.97_77.86,1,21.96646,77.85678,False
21.97_77.9,1,21.96592,77.9021,False
21.97_77.91,1,21.96524,77.90603,False
21.97_78.35,1,21.97228,78.34807,False
21.97_78.49,1,21.97117,78.49116,False
21.97_78.87,1,21.96811,78.86566,False
21.97_78.91,1,21.96618,78.91402,False
21.97_78.94,1,21.97397,78.93916,False
21.97_79.0,1,21.97186,78.99625,False
21.97_79.24,1,21.97235,79.24473,False
21.97_79.32,1,21.97458,79.32182,False
21.97_79.35,1,21.97231,79.34975,False
21.97_79.36,1,21.97371,79.35751,False
21.97_79.4,1,21.97214,79.39937,False
21.97_79.52,1,21.97042,79.52272,False
16.14_80.82,1,16.1377,80.81705,False
21.98_72.81,1,21.98401,72.80746,False
21.98_72.85,1,21.98129,72.85218,False
21.98_72.9,1,21.97876,72.90237,False
21.98_73.08,1,21.97675,73.08371,False
21.98_73.15,1,21.97749,73.14704,False
21.98_74.19,1,21.97531,74.18562,False
21.98_75.72,1,21.97816,75.71711,False
21.98_76.77,1,21.98248,76.77145,False
21.98_76.85,1,21.98205,76.85029,False
21.98_76.87,1,21.97748,76.87362,False
21.98_76.93,1,21.98313,76.92676,False
21.98_76.94,1,21.97786,76.94003,False
21.98_77.0,1,21.97805,77.00266,False
21.98_77.01,1,21.97838,77.00586,False
21.98_77.22,1,21.97561,77.2242,False
21.98_77.23,1,21.9754,77.22504,False
21.98_77.29,1,21.97639,77.28741,False
21.98_77.3,1,21.97705,77.2964,False
16.15_73.59,1,16.15369,73.59101,False
21.98_78.0,1,21.9834,78.00025,False
21.98_78.03,1,21.97674,78.02718,False
21.98_78.49,1,21.975,78.49167,False
21.98_78.57,1,21.98051,78.56824,False
21.98_78.88,1,21.9793,78.88058,False
21.98_78.89,1,21.98139,78.88842,False
21.98_78.94,1,21.97736,78.93974,False
21.98_78.97,1,21.97955,78.97216,False
21.98_79.01,1,21.97744,79.01221,False
21.98_79.02,1,21.97556,79.02234,False
21.98_79.03,1,21.97987,79.02589,False
21.98_79.14,1,21.97933,79.14422,False
21.98_79.26,1,21.98395,79.2642,False
21.98_79.32,1,21.97643,79.32366,False
21.98_79.38,1,21.97754,79.38332,False
21.98_79.61,1,21.9801,79.60996,False
21.98_80.05,1,21.97528,80.04632,False
21.98_80.07,1,21.97642,80.06757,False
21.98_80.8,1,21.97731,80.80213,False
21.99_72.64,1,21.99011,72.64106,False
21.99_72.67,1,21.98672,72.66877,False
21.99_72.82,1,21.98601,72.8158,False
21.99_72.97,1,21.9914,72.96592,False
21.99_73.37,1,21.99483,73.37344,False
21.99_73.49,1,21.99491,73.49046,False
21.99_73.84,1,21.99078,73.83527,False
21.99_73.86,1,21.98737,73.86382,False
21.99_73.88,1,21.99333,73.87748,False
21.99_75.67,1,21.99,75.6734,False
21.99_76.34,1,21.98501,76.33967,False
21.99_76.68,1,21.98625,76.68275,False
21.99_76.75,1,21.99228,76.74807,False
21.99_76.76,1,21.99397,76.76039,False
21.99_76.77,1,21.99105,76.76506,False
21.99_76.81,1,21.9904,76.8133,False
21.99_76.82,1,21.98954,76.82085,False
21.99_76.83,1,21.98809,76.82989,False
21.99_76.92,1,21.98544,76.92415,False
21.99_76.93,1,21.98577,76.92735,False
21.99_77.15,1,21.99096,77.15298,False
21.99_77.16,1,21.98922,77.15574,False
21.99_77.17,1,21.98768,77.16705,False
21.99_77.19,1,21.98762,77.19335,False
21.99_77.2,1,21.99094,77.19604,False
21.99_77.21,1,21.9915,77.20805,False
21.99_77.83,1,21.9922,77.83256,False
21.99_77.84,1,21.99232,77.8364,False
16.15_76.06,1,16.15104,76.05639,False
16.15_77.82,1,16.15378,77.82465,False
21.99_78.29,1,21.99427,78.28603,False
21.99_78.36,1,21.98934,78.3566,False
21.99_78.37,1,21.99002,78.36958,False
21.99_78.83,1,21.98979,78.82549,False
16.15_78.03,1,16.15343,78.02956,False
21.99_79.09,1,21.99484,79.09333,False
21.99_79.12,1,21.98734,79.12313,False
21.99_79.16,1,21.98549,79.15919,False
21.99_79.26,1,21.99006,79.25911,False
21.99_79.27,1,21.98811,79.26724,False
21.99_79.31,1,21.98699,79.31192,False
21.99_79.35,1,21.99037,79.35338,False
21.99_79.39,1,21.98616,79.39279,False
21.99_79.45,1,21.9885,79.45383,False
21.99_79.46,1,21.98697,79.45532,False
21.99_79.57,1,21.98783,79.56969,False
21.9_72.67,1,21.90339,72.6664,False
21.9_72.77,1,21.90457,72.76723,False
21.9_73.11,1,21.90311,73.10613,False
21.9_73.19,1,21.89762,73.19466,False
16.15_78.12,1,16.154,78.12154,False
21.9_74.15,1,21.90097,74.14936,False
16.15_78.77,1,16.15362,78.77377,False
21.9_75.85,1,21.90141,75.85324,False
21.9_75.9,1,21.90065,75.90274,False
21.9_76.57,1,21.89558,76.56759,False
21.9_76.74,1,21.89671,76.73958,False
21.9_76.75,1,21.9036,76.75114,False
21.9_76.84,1,21.90316,76.84147,False
21.9_76.86,1,21.90234,76.86282,False
16.15_79.87,1,16.15476,79.87386,False
16.15_79.9,1,16.14611,79.90366,False
21.9_77.23,1,21.90335,77.23348,False
21.9_77.3,1,21.90224,77.29755,False
21.9_77.38,1,21.89811,77.38259,False
21.9_77.39,1,21.89594,77.39056,False
21.9_77.5,1,21.90313,77.49516,False
21.9_78.22,1,21.90457,78.2179,False
21.9_78.32,1,21.89738,78.31702,False
21.9_78.34,1,21.89654,78.33876,False
21.9_78.89,1,21.89639,78.89038,False
21.9_78.99,1,21.90142,78.98537,False
21.9_79.17,1,21.89771,79.1695,False
21.9_79.24,1,21.89792,79.24306,False
21.9_79.25,1,21.89553,79.24725,False
21.9_79.43,1,21.89691,79.43337,False
16.15_79.91,1,16.14669,79.9066,False
22.01_72.61,1,22.01103,72.61016,False
22.01_73.1,1,22.00638,73.09679,False
22.01_73.33,1,22.00818,73.33445,False
22.01_73.99,1,22.00659,73.99168,False
22.01_75.1,1,22.01089,75.10035,False
22.01_75.94,1,22.00727,75.94415,False
22.01_76.15,1,22.01076,76.14664,False
22.01_76.45,1,22.00609,76.44599,False
22.01_76.74,1,22.01334,76.7377,False
22.01_76.76,1,22.00617,76.76042,False
22.01_76.77,1,22.009,76.76642,False
22.01_76.79,1,22.01287,76.78705,False
22.01_76.99,1,22.01066,76.98534,False
22.01_77.1,1,22.01358,77.10306,False
22.01_77.33,1,22.00673,77.33488,False
22.01_77.41,1,22.0077,77.41358,False
22.01_77.42,1,22.00827,77.41788,False
22.01_77.54,1,22.00571,77.544,False
22.01_77.55,1,22.00708,77.54627,False
22.01_77.68,1,22.01228,77.68115,False
22.01_77.74,1,22.01115,77.74378,False
22.01_77.75,1,22.00894,77.74646,False
22.01_77.82,1,22.01476,77.81779,False
22.01_77.93,1,22.01185,77.93181,False
16.15_80.06,1,16.15055,80.05607,False
22.01_78.01,1,22.0062,78.00661,False
22.01_78.02,1,22.00816,78.02435,False
16.15_80.24,1,16.14909,80.23745,False
22.01_78.05,1,22.01391,78.05386,False
16.15_80.62,1,16.14579,80.61884,False
22.01_78.78,1,22.00777,78.77668,False
22.01_78.79,1,22.00821,78.79436,False
22.01_78.8,1,22.00886,78.79829,False
22.01_78.82,1,22.0056,78.81671,False
22.01_78.85,1,22.00776,78.84644,False
22.01_79.02,1,22.00719,79.01715,False
22.01_79.03,1,22.01079,79.03377,False
22.01_79.17,1,22.0067,79.16747,False
22.01_79.26,1,22.01204,79.26325,False
22.01_79.3,1,22.00802,79.29552,False
22.01_79.31,1,22.01026,79.31019,False
22.01_79.34,1,22.00666,79.34451,False
22.01_79.38,1,22.01102,79.3772,False
22.01_79.47,1,22.00961,79.46931,False
22.01_79.55,1,22.00632,79.55447,False
22.02_72.72,1,22.02282,72.72012,False
22.02_72.77,1,22.02263,72.7709,False
22.02_72.78,1,22.01558,72.7806,False
22.02_73.57,1,22.01589,73.57381,False
22.02_73.72,1,22.02392,73.7168,False
22.02_74.19,1,22.01744,74.18855,False
22.02_75.23,1,22.02475,75.2308,False
22.02_75.46,1,22.0175,75.4604,False
16.15_80.64,1,16.15391,80.63643,False
22.02_76.01,1,22.01728,76.01018,False
22.02_76.21,1,22.01781,76.21462,False
22.02_76.23,1,22.02102,76.23415,False
22.02_76.79,1,22.01775,76.79021,False
22.02_76.86,1,22.01925,76.861,False
22.02_76.89,1,22.01892,76.88857,False
16.15_80.65,1,16.15036,80.65069,False
22.02_77.11,1,22.01746,77.10616,False
22.02_77.13,1,22.0238,77.13175,False
22.02_77.16,1,22.02115,77.1584,False
22.02_77.35,1,22.0218,77.3545,False
22.02_77.47,1,22.01839,77.46985,False
22.02_77.65,1,22.0188,77.64694,False
22.02_77.68,1,22.01602,77.68355,False
22.02_77.69,1,22.01686,77.68562,False
22.02_77.73,1,22.02452,77.72683,False
22.02_78.0,1,22.01544,78.00344,False
22.02_78.55,1,22.01875,78.54776,False
22.02_78.76,1,22.02484,78.75836,False
22.02_78.87,1,22.01662,78.87161,False
22.02_78.99,1,22.01622,78.99132,False
22.02_79.04,1,22.02091,79.03769,False
22.02_79.05,1,22.01701,79.04627,False
22.02_79.09,1,22.0167,79.09096,False
22.02_79.1,1,22.01736,79.09626,False
22.02_79.12,1,22.02176,79.12039,False
22.02_79.19,1,22.01782,79.18863,False
22.02_79.26,1,22.02168,79.26269,False
22.02_79.3,1,22.0175,79.30338,False
22.02_79.31,1,22.01842,79.3074,False
22.02_79.34,1,22.01906,79.3448,False
22.02_79.49,1,22.02059,79.48959,False
22.02_79.56,1,22.02166,79.5563,False
22.03_72.84,1,22.02695,72.83878,False
22.03_73.13,1,22.03084,73.13017,False
22.03_73.2,1,22.02598,73.19506,False
22.03_73.43,1,22.02964,73.43243,False
22.03_73.55,1,22.03261,73.54858,False
22.03_73.6,1,22.02653,73.60106,False
22.03_74.05,1,22.03127,74.04791,False
22.03_75.16,1,22.026,75.1643,False
22.03_75.18,1,22.03147,75.18492,False
22.03_75.22,1,22.0349,75.22051,False
16.15_80.66,1,16.15092,80.6551,False
22.03_76.05,1,22.02707,76.04906,False
22.03_76.27,1,22.02686,76.27162,False
22.03_76.28,1,22.03016,76.27669,False
22.03_76.36,1,22.02873,76.36415,False
22.03_76.37,1,22.02929,76.36813,False
22.03_76.77,1,22.03388,76.76831,False
22.03_76.81,1,22.02886,76.8088,False
22.03_76.82,1,22.03024,76.82092,False
22.03_76.87,1,22.02781,76.87466,False
22.03_76.91,1,22.02682,76.90617,False
22.03_77.11,1,22.02954,77.10566,False
22.03_77.13,1,22.029,77.13142,False
22.03_77.18,1,22.02787,77.18153,False
22.03_77.22,1,22.03248,77.2238,False
22.03_77.73,1,22.03068,77.73151,False
22.03_78.1,1,22.02952,78.10184,False
22.03_78.11,1,22.0303,78.10806,False
22.03_78.12,1,22.03321,78.11595,False
22.03_78.17,1,22.03273,78.17101,False
22.03_78.23,1,22.02999,78.22834,False
22.03_78.36,1,22.02754,78.35879,False
22.03_78.65,1,22.02931,78.64501,False
22.03_78.76,1,22.02657,78.75973,False
22.03_78.94,1,22.02615,78.93644,False
22.03_78.96,1,22.03382,78.96013,False
22.03_78.99,1,22.02526,78.98579,False
22.03_79.01,1,22.03056,79.01428,False
22.03_79.11,1,22.03462,79.11169,False
22.03_79.12,1,22.03249,79.12395,False
22.03_79.13,1,22.03283,79.12738,False
22.03_79.25,1,22.02578,79.25289,False
22.03_79.32,1,22.02979,79.32233,False
22.03_79.42,1,22.03259,79.42062,False
22.03_79.58,1,22.02742,79.57703,False
22.04_72.77,1,22.04484,72.77438,False
22.04_73.55,1,22.0354,73.54895,False
22.04_74.18,1,22.03972,74.18233,False
22.04_75.33,1,22.04226,75.33122,False
22.04_75.34,1,22.04269,75.33635,False
22.04_75.73,1,22.03882,75.72879,False
22.04_75.89,1,22.03992,75.89418,False
22.04_76.17,1,22.04161,76.16649,False
22.04_76.27,1,22.03536,76.27406,False
22.04_76.48,1,22.03643,76.48495,False
22.04_76.49,1,22.03588,76.48531,False
22.04_76.56,1,22.04162,76.56023,False
22.04_76.74,1,22.04383,76.74203,False
22.04_76.75,1,22.03681,76.75146,False
22.04_76.84,1,22.03905,76.84406,False
22.04_76.85,1,22.04172,76.85123,False
22.04_76.93,1,22.03711,76.93407,False
22.04_77.45,1,22.03973,77.44608,False
22.04_77.55,1,22.04005,77.55039,False
22.04_77.64,1,22.0376,77.64369,False
22.04_78.0,1,22.03715,77.99908,False
22.04_78.11,1,22.0354,78.1065,False
22.04_78.15,1,22.04285,78.15147,False
22.04_78.16,1,22.04226,78.15562,False
22.04_78.32,1,22.03979,78.31902,False
22.04_78.4,1,22.03515,78.3955,False
22.04_78.72,1,22.04426,78.72009,False
22.04_78.8,1,22.04098,78.7993,False
22.04_79.05,1,22.03763,79.04621,False
22.04_79.11,1,22.0426,79.1055,False
22.04_79.12,1,22.04452,79.11998,False
22.04_79.27,1,22.04072,79.26925,False
22.04_79.3,1,22.04277,79.30132,False
22.04_79.41,1,22.03989,79.41197,False
22.04_79.52,1,22.0368,79.52132,False
22.04_79.56,1,22.0416,79.56421,False
22.04_79.64,1,22.04434,79.64146,False
16.15_80.67,1,16.15204,80.66502,False
22.05_72.63,1,22.04858,72.63277,False
22.05_72.74,1,22.05062,72.745,False
22.05_72.85,1,22.05181,72.85268,False
22.05_72.92,1,22.05474,72.91955,False
22.05_72.94,1,22.04701,72.9409,False
22.05_73.36,1,22.04632,73.36396,False
22.05_73.37,1,22.04698,73.36703,False
22.05_73.62,1,22.05132,73.62246,False
22.05_73.67,1,22.04878,73.66734,False
22.05_74.24,1,22.04551,74.23613,False
22.05_74.26,1,22.05412,74.2617,False
16.15_80.69,1,16.15087,80.69489,False
22.05_75.18,1,22.04562,75.1827,False
22.05_75.68,1,22.05253,75.68237,False
22.05_76.33,1,22.05007,76.33383,False
22.05_76.85,1,22.04679,76.85067,False
22.05_76.89,1,22.05274,76.88559,False
22.05_76.92,1,22.04885,76.91725,False
22.05_77.07,1,22.04597,77.07254,False
22.05_77.34,1,22.04705,77.33791,False
22.05_77.44,1,22.04621,77.44392,False
22.05_77.45,1,22.04529,77.44785,False
22.05_77.48,1,22.05469,77.48082,False
22.05_78.11,1,22.0493,78.1087,False
22.05_78.16,1,22.05091,78.16248,False
22.05_78.17,1,22.05149,78.167,False
22.05_78.72,1,22.05152,78.71648,False
22.05_78.75,1,22.0452,78.7506,False
22.05_78.79,1,22.04852,78.78525,False
22.05_78.81,1,22.05292,78.81466,False
22.05_78.82,1,22.05083,78.8186,False
22.05_78.98,1,22.04931,78.97662,False
22.05_79.14,1,22.05214,79.13879,False
22.05_79.19,1,22.04753,79.19049,False
22.05_79.2,1,22.04677,79.19982,False
22.05_79.22,1,22.05123,79.22272,False
16.15_80.72,1,16.14839,80.72192,False
22.05_79.24,1,22.05351,79.23636,False
22.05_79.3,1,22.0523,79.30058,False
22.05_79.56,1,22.04853,79.56215,False
22.05_79.57,1,22.05292,79.56919,False
22.05_79.89,1,22.05389,79.88889,False
22.05_79.92,1,22.04801,79.92345,False
22.05_79.94,1,22.05496,79.9425,False
22.05_80.29,1,22.04955,80.29494,False
22.05_80.3,1,22.0501,80.29874,False
22.06_72.75,1,22.06216,72.75047,False
22.06_72.85,1,22.05574,72.85212,False
22.06_72.9,1,22.05957,72.90429,False
22.06_72.92,1,22.05892,72.91902,False
22.06_72.99,1,22.05856,72.9882,False
22.06_73.07,1,22.05757,73.06516,False
22.06_73.29,1,22.05809,73.28951,False
22.06_73.55,1,22.06259,73.54543,False
22.06_73.69,1,22.05888,73.68912,False
22.06_73.71,1,22.05515,73.71032,False
22.06_73.97,1,22.06242,73.9685,False
22.06_74.07,1,22.05977,74.07259,False
22.06_74.62,1,22.06343,74.6238,False
22.06_75.66,1,22.05938,75.66458,False
22.06_75.83,1,22.05802,75.83359,False
22.06_76.03,1,22.05587,76.03032,False
22.06_76.84,1,22.05914,76.84153,False
22.06_76.89,1,22.05662,76.88879,False
22.06_76.92,1,22.05515,76.91595,False
16.15_80.74,1,16.14618,80.74329,False
22.06_76.99,1,22.05824,76.98834,False
22.06_77.74,1,22.06447,77.74392,False
22.06_77.94,1,22.06131,77.93689,False
22.06_78.0,1,22.06318,77.99541,False
22.06_78.06,1,22.06188,78.0592,False
22.06_78.16,1,22.05613,78.16175,False
16.15_80.75,1,16.14883,80.74906,False
16.15_80.76,1,16.14994,80.75668,False
22.06_78.19,1,22.06236,78.18663,False
16.16_73.58,1,16.1556,73.57777,False
22.06_79.0,1,22.05693,78.99557,False
22.06_79.11,1,22.06333,79.11322,False
22.06_79.16,1,22.06328,79.16359,False
22.06_79.21,1,22.06339,79.21016,False
22.06_79.26,1,22.05805,79.26465,False
22.06_79.32,1,22.06397,79.3156,False
22.06_79.5,1,22.06343,79.49806,False
16.16_75.83,1,16.16344,75.82927,False
22.06_79.62,1,22.06452,79.61917,False
22.06_79.7,1,22.06447,79.70326,False
22.06_79.94,1,22.05828,79.94192,False
22.06_80.66,1,22.06281,80.66064,False
22.07_72.65,1,22.07215,72.6491,False
22.07_72.69,1,22.07028,72.69312,False
22.07_72.74,1,22.07286,72.73878,False
22.07_72.85,1,22.06986,72.84895,False
22.07_72.93,1,22.06784,72.9258,False
22.07_73.11,1,22.06792,73.10732,False
22.07_73.21,1,22.07232,73.21145,False
22.07_73.22,1,22.07293,73.21523,False
22.07_73.46,1,22.06687,73.45984,False
22.07_73.82,1,22.07445,73.82251,False
22.07_75.72,1,22.07386,75.72217,False
22.07_76.14,1,22.07356,76.14043,False
22.07_76.44,1,22.07348,76.43831,False
22.07_76.52,1,22.07203,76.52358,False
22.07_76.7,1,22.06904,76.70496,False
22.07_76.72,1,22.07016,76.725,False
22.07_76.73,1,22.06957,76.72907,False
22.07_76.76,1,22.07246,76.76141,False
22.07_76.78,1,22.06539,76.78256,False
22.07_76.84,1,22.07067,76.83711,False
22.07_76.87,1,22.0712,76.86601,False
16.16_76.35,1,16.16243,76.35034,False
22.07_77.45,1,22.07434,77.44868,False
22.07_77.79,1,22.07282,77.79484,False
22.07_77.88,1,22.07045,77.87979,False
22.07_77.99,1,22.07305,77.98637,False
22.07_78.0,1,22.06514,77.99668,False
22.07_78.04,1,22.07215,78.03822,False
22.07_78.05,1,22.07486,78.05,False
22.07_78.06,1,22.06795,78.06037,False
22.07_78.08,1,22.0677,78.0816,False
22.07_78.1,1,22.06717,78.10046,False
22.07_78.18,1,22.06722,78.18487,False
22.07_78.19,1,22.0654,78.1916,False
22.07_78.21,1,22.0738,78.20827,False
16.16_78.79,1,16.15528,78.78503,False
22.07_78.24,1,22.06679,78.23765,False
22.07_78.29,1,22.07184,78.2916,False
22.07_78.58,1,22.06985,78.57526,False
22.07_78.81,1,22.06544,78.81409,False
22.07_78.82,1,22.0657,78.81573,False
22.07_78.85,1,22.06681,78.85395,False
22.07_79.12,1,22.07091,79.11788,False
22.07_79.16,1,22.06721,79.1621,False
22.07_79.21,1,22.06772,79.20961,False
22.07_79.25,1,22.07454,79.25439,False
22.07_79.26,1,22.06964,79.25774,False
22.07_79.39,1,22.06849,79.3869,False
22.07_79.48,1,22.06948,79.48488,False
16.16_78.9,1,16.15577,78.8988,False
16.16_78.91,1,16.15858,78.90525,False
22.07_79.52,1,22.06513,79.51817,False
22.07_79.56,1,22.06647,79.56275,False
22.07_79.57,1,22.06716,79.56581,False
22.07_79.62,1,22.07036,79.62248,False
22.07_79.63,1,22.07181,79.63199,False
22.07_80.09,1,22.07212,80.08991,False
22.08_72.76,1,22.07907,72.75531,False
22.08_72.97,1,22.07819,72.97045,False
22.08_73.17,1,22.07612,73.16521,False
22.08_73.18,1,22.08443,73.17693,False
22.08_73.21,1,22.07845,73.21378,False
22.08_73.49,1,22.08144,73.4872,False
22.08_73.56,1,22.08215,73.56337,False
16.16_79.18,1,16.16189,79.18237,False
22.08_75.67,1,22.081,75.66842,False
22.08_75.74,1,22.08171,75.74493,False
22.08_75.75,1,22.08123,75.74809,False
22.08_75.92,1,22.07994,75.91584,False
22.08_76.02,1,22.07536,76.02132,False
22.08_76.07,1,22.08327,76.0679,False
22.08_76.13,1,22.07678,76.12988,False
22.08_76.21,1,22.07644,76.20975,False
22.08_76.23,1,22.07864,76.23195,False
22.08_76.82,1,22.0761,76.81741,False
22.08_76.91,1,22.07594,76.91263,False
22.08_77.16,1,22.07519,77.16361,False
22.08_77.23,1,22.08494,77.22821,False
22.08_77.25,1,22.08479,77.24842,False
22.08_78.29,1,22.0756,78.29134,False
22.08_78.37,1,22.08258,78.37296,False
22.08_78.76,1,22.07984,78.75799,False
16.16_79.78,1,16.16354,79.77586,False
22.08_78.86,1,22.07629,78.86312,False
22.08_79.0,1,22.07593,79.00039,False
22.08_79.02,1,22.07786,79.0174,False
22.08_79.08,1,22.07699,79.08387,False
22.08_79.22,1,22.08495,79.21929,False
22.08_79.32,1,22.08201,79.31506,False
22.08_80.07,1,22.08366,80.0702,False
22.08_80.09,1,22.07554,80.08926,False
22.09_72.71,1,22.09157,72.7051,False
16.16_79.79,1,16.16326,79.7923,False
22.09_73.19,1,22.08778,73.19276,False
22.09_73.52,1,22.09106,73.51591,False
22.09_73.58,1,22.08858,73.58127,False
22.09_73.86,1,22.08903,73.85799,False
22.09_74.89,1,22.08573,74.89114,False
22.09_75.57,1,22.09381,75.56727,False
22.09_75.66,1,22.0892,75.6615,False
22.09_75.7,1,22.0853,75.7036,False
22.09_76.33,1,22.09049,76.33414,False
16.16_79.84,1,16.16327,79.83922,False
22.09_76.88,1,22.0895,76.88147,False
22.09_76.92,1,22.09481,76.92399,False
22.09_76.94,1,22.09107,76.93946,False
16.16_79.85,1,16.15787,79.85156,False
16.16_79.88,1,16.16347,79.88018,False
22.09_76.99,1,22.08698,76.98683,False
22.09_77.03,1,22.09497,77.02623,False
22.09_77.21,1,22.09003,77.21207,False
22.09_77.22,1,22.08768,77.22363,False
22.09_77.23,1,22.08833,77.22755,False
22.09_77.92,1,22.09223,77.91969,False
22.09_78.03,1,22.08572,78.03352,False
22.09_78.07,1,22.0892,78.06815,False
22.09_78.18,1,22.09231,78.18399,False
22.09_78.19,1,22.09226,78.18581,False
22.09_78.2,1,22.09225,78.2047,False
16.16_79.89,1,16.16243,79.88812,False
22.09_78.27,1,22.0888,78.27047,False
22.09_78.42,1,22.08654,78.41592,False
22.09_78.81,1,22.09239,78.81248,False
22.09_79.01,1,22.08593,79.01428,False
22.09_79.43,1,22.09479,79.43036,False
22.09_79.49,1,22.09307,79.49498,False
22.09_79.52,1,22.09394,79.5193,False
22.09_79.6,1,22.09126,79.59933,False
22.09_79.63,1,22.09033,79.6337,False
22.0_72.64,1,21.99519,72.64318,False
22.0_72.82,1,21.99551,72.82306,False
16.16_79.9,1,16.15951,79.89945,False
22.0_73.28,1,21.9997,73.27956,False
22.0_73.53,1,21.99506,73.52637,False
22.0_75.24,1,21.99531,75.23799,False
16.16_79.96,1,16.16443,79.96362,False
22.0_76.2,1,22.00188,76.19538,False
22.0_76.45,1,21.99626,76.45053,False
22.0_76.46,1,21.9976,76.45675,False
16.16_80.21,1,16.15934,80.21173,False
16.16_80.34,1,16.15888,80.3446,False
16.16_80.36,1,16.1622,80.36207,False
22.0_76.81,1,22.00415,76.80904,False
22.0_77.13,1,21.99819,77.12887,False
22.0_77.2,1,21.99525,77.20341,False
16.16_80.39,1,16.15775,80.38855,False
22.0_77.31,1,21.99574,77.31218,False
22.0_77.46,1,22.00485,77.45592,False
22.0_77.49,1,21.99745,77.49049,False
22.0_77.5,1,22.00274,77.49503,False
22.0_78.0,1,21.99662,78.00193,False
22.0_78.01,1,21.99729,78.00694,False
22.0_78.03,1,22.00046,78.03135,False
22.0_78.18,1,22.00256,78.17709,False
22.0_78.78,1,22.0007,78.77875,False
22.0_78.85,1,21.9973,78.85094,False
22.0_79.18,1,21.99617,79.18268,False
22.0_79.19,1,21.99829,79.18993,False
22.0_79.27,1,21.9959,79.27078,False
22.0_79.35,1,21.99504,79.34641,False
22.0_79.46,1,22.00002,79.46372,False
22.0_79.47,1,22.00155,79.47285,False
22.0_79.48,1,21.99957,79.47601,False
22.0_79.61,1,22.00286,79.60838,False
22.1_77.26,1,22.09905,77.25636,False
22.1_77.5,1,22.09821,77.50008,False
22.1_77.74,1,22.09579,77.73721,False
22.1_77.92,1,22.09556,77.91908,False
22.1_78.18,1,22.09576,78.18457,False
22.1_78.19,1,22.09508,78.18847,False
22.1_78.2,1,22.09639,78.20128,False
22.1_78.21,1,22.09567,78.20541,False
22.1_78.29,1,22.09835,78.29295,False
22.1_78.96,1,22.09501,78.95848,False
22.1_79.09,1,22.09813,79.08974,False
16.16_80.66,1,16.16113,80.66466,False
22.1_79.51,1,22.09505,79.51389,False
22.1_79.52,1,22.09573,79.51555,False
16.16_80.69,1,16.15574,80.6933,False
22.1_76.91,1,22.09876,76.90653,False
15.61_79.49,1,15.60535,79.49046,False
15.61_79.69,1,15.60704,79.68782,False
15.61_79.83,1,15.60961,79.82893,False
15.61_79.86,1,15.61412,79.85577,False
15.61_79.87,1,15.60568,79.86862,False
15.61_80.01,1,15.61286,80.01231,False
15.62_76.99,1,15.62074,76.98832,False
15.62_77.31,1,15.61691,77.31205,False
15.62_77.82,1,15.61629,77.82178,False
15.62_77.83,1,15.62097,77.82933,False
15.62_78.5,1,15.62352,78.49719,False
15.62_78.52,1,15.62132,78.5164,False
15.62_78.57,1,15.62333,78.57014,False
15.62_79.07,1,15.62174,79.06598,False
22.1_79.58,1,22.09535,79.57568,False
